Fitter report for lab2
Fri Oct 13 18:36:20 2023
Quartus II 64-Bit Version 13.0.1 Build 232 06/12/2013 Service Pack 1 SJ Full Version


---------------------
; Table of Contents ;
---------------------
  1. Legal Notice
  2. Fitter Summary
  3. Fitter Settings
  4. Parallel Compilation
  5. I/O Assignment Warnings
  6. Incremental Compilation Preservation Summary
  7. Incremental Compilation Partition Settings
  8. Incremental Compilation Placement Preservation
  9. Pin-Out File
 10. Fitter Resource Usage Summary
 11. Fitter Partition Statistics
 12. Input Pins
 13. Output Pins
 14. Dual Purpose and Dedicated Pins
 15. I/O Bank Usage
 16. All Package Pins
 17. Fitter Resource Utilization by Entity
 18. Delay Chain Summary
 19. Pad To Core Delay Chain Fanout
 20. Control Signals
 21. Global & Other Fast Signals
 22. Non-Global High Fan-Out Signals
 23. Fitter RAM Summary
 24. |lab2|rom1:inst2|altsyncram:altsyncram_component|altsyncram_qlb1:auto_generated|altsyncram_67d2:altsyncram1|ALTSYNCRAM
 25. Other Routing Usage Summary
 26. LAB Logic Elements
 27. LAB-wide Signals
 28. LAB Signals Sourced
 29. LAB Signals Sourced Out
 30. LAB Distinct Inputs
 31. I/O Rules Summary
 32. I/O Rules Details
 33. I/O Rules Matrix
 34. Fitter Device Options
 35. Operating Settings and Conditions
 36. Estimated Delay Added for Hold Timing Summary
 37. Estimated Delay Added for Hold Timing Details
 38. Fitter Messages
 39. Fitter Suppressed Messages



----------------
; Legal Notice ;
----------------
Copyright (C) 1991-2013 Altera Corporation
Your use of Altera Corporation's design tools, logic functions 
and other software and tools, and its AMPP partner logic 
functions, and any output files from any of the foregoing 
(including device programming or simulation files), and any 
associated documentation or information are expressly subject 
to the terms and conditions of the Altera Program License 
Subscription Agreement, Altera MegaCore Function License 
Agreement, or other applicable license agreement, including, 
without limitation, that your use is for the sole purpose of 
programming logic devices manufactured by Altera and sold by 
Altera or its authorized distributors.  Please refer to the 
applicable agreement for further details.



+---------------------------------------------------------------------------------------+
; Fitter Summary                                                                        ;
+------------------------------------+--------------------------------------------------+
; Fitter Status                      ; Successful - Fri Oct 13 18:36:20 2023            ;
; Quartus II 64-Bit Version          ; 13.0.1 Build 232 06/12/2013 SP 1 SJ Full Version ;
; Revision Name                      ; lab2                                             ;
; Top-level Entity Name              ; lab2                                             ;
; Family                             ; Cyclone IV E                                     ;
; Device                             ; EP4CE6E22C8                                      ;
; Timing Models                      ; Final                                            ;
; Total logic elements               ; 369 / 6,272 ( 6 % )                              ;
;     Total combinational functions  ; 334 / 6,272 ( 5 % )                              ;
;     Dedicated logic registers      ; 224 / 6,272 ( 4 % )                              ;
; Total registers                    ; 224                                              ;
; Total pins                         ; 27 / 92 ( 29 % )                                 ;
; Total virtual pins                 ; 0                                                ;
; Total memory bits                  ; 8,192 / 276,480 ( 3 % )                          ;
; Embedded Multiplier 9-bit elements ; 0 / 30 ( 0 % )                                   ;
; Total PLLs                         ; 0 / 2 ( 0 % )                                    ;
+------------------------------------+--------------------------------------------------+


+------------------------------------------------------------------------------------------------------------------------------------------+
; Fitter Settings                                                                                                                          ;
+----------------------------------------------------------------------------+---------------------+---------------------------------------+
; Option                                                                     ; Setting             ; Default Value                         ;
+----------------------------------------------------------------------------+---------------------+---------------------------------------+
; Device                                                                     ; EP4CE6E22C8         ;                                       ;
; Minimum Core Junction Temperature                                          ; 0                   ;                                       ;
; Maximum Core Junction Temperature                                          ; 85                  ;                                       ;
; Fit Attempts to Skip                                                       ; 0                   ; 0.0                                   ;
; Device I/O Standard                                                        ; 2.5 V               ;                                       ;
; Reserve all unused pins                                                    ; As input tri-stated ; As input tri-stated with weak pull-up ;
; Use smart compilation                                                      ; Off                 ; Off                                   ;
; Enable parallel Assembler and TimeQuest Timing Analyzer during compilation ; On                  ; On                                    ;
; Enable compact report table                                                ; Off                 ; Off                                   ;
; Auto Merge PLLs                                                            ; On                  ; On                                    ;
; Router Timing Optimization Level                                           ; Normal              ; Normal                                ;
; Perform Clocking Topology Analysis During Routing                          ; Off                 ; Off                                   ;
; Placement Effort Multiplier                                                ; 1.0                 ; 1.0                                   ;
; Router Effort Multiplier                                                   ; 1.0                 ; 1.0                                   ;
; Optimize Hold Timing                                                       ; All Paths           ; All Paths                             ;
; Optimize Multi-Corner Timing                                               ; On                  ; On                                    ;
; PowerPlay Power Optimization                                               ; Normal compilation  ; Normal compilation                    ;
; SSN Optimization                                                           ; Off                 ; Off                                   ;
; Optimize Timing                                                            ; Normal compilation  ; Normal compilation                    ;
; Optimize Timing for ECOs                                                   ; Off                 ; Off                                   ;
; Regenerate full fit report during ECO compiles                             ; Off                 ; Off                                   ;
; Optimize IOC Register Placement for Timing                                 ; Normal              ; Normal                                ;
; Limit to One Fitting Attempt                                               ; Off                 ; Off                                   ;
; Final Placement Optimizations                                              ; Automatically       ; Automatically                         ;
; Fitter Aggressive Routability Optimizations                                ; Automatically       ; Automatically                         ;
; Fitter Initial Placement Seed                                              ; 1                   ; 1                                     ;
; PCI I/O                                                                    ; Off                 ; Off                                   ;
; Weak Pull-Up Resistor                                                      ; Off                 ; Off                                   ;
; Enable Bus-Hold Circuitry                                                  ; Off                 ; Off                                   ;
; Auto Packed Registers                                                      ; Auto                ; Auto                                  ;
; Auto Delay Chains                                                          ; On                  ; On                                    ;
; Auto Delay Chains for High Fanout Input Pins                               ; Off                 ; Off                                   ;
; Allow Single-ended Buffer for Differential-XSTL Input                      ; Off                 ; Off                                   ;
; Treat Bidirectional Pin as Output Pin                                      ; Off                 ; Off                                   ;
; Perform Physical Synthesis for Combinational Logic for Fitting             ; Off                 ; Off                                   ;
; Perform Physical Synthesis for Combinational Logic for Performance         ; Off                 ; Off                                   ;
; Perform Register Duplication for Performance                               ; Off                 ; Off                                   ;
; Perform Logic to Memory Mapping for Fitting                                ; Off                 ; Off                                   ;
; Perform Register Retiming for Performance                                  ; Off                 ; Off                                   ;
; Perform Asynchronous Signal Pipelining                                     ; Off                 ; Off                                   ;
; Fitter Effort                                                              ; Auto Fit            ; Auto Fit                              ;
; Physical Synthesis Effort Level                                            ; Normal              ; Normal                                ;
; Logic Cell Insertion - Logic Duplication                                   ; Auto                ; Auto                                  ;
; Auto Register Duplication                                                  ; Auto                ; Auto                                  ;
; Auto Global Clock                                                          ; On                  ; On                                    ;
; Auto Global Register Control Signals                                       ; On                  ; On                                    ;
; Synchronizer Identification                                                ; Off                 ; Off                                   ;
; Enable Beneficial Skew Optimization                                        ; On                  ; On                                    ;
; Optimize Design for Metastability                                          ; On                  ; On                                    ;
; Force Fitter to Avoid Periphery Placement Warnings                         ; Off                 ; Off                                   ;
; Enable input tri-state on active configuration pins in user mode           ; Off                 ; Off                                   ;
+----------------------------------------------------------------------------+---------------------+---------------------------------------+


+------------------------------------------+
; Parallel Compilation                     ;
+----------------------------+-------------+
; Processors                 ; Number      ;
+----------------------------+-------------+
; Number detected on machine ; 8           ;
; Maximum allowed            ; 4           ;
;                            ;             ;
; Average used               ; 1.00        ;
; Maximum used               ; 4           ;
;                            ;             ;
; Usage by Processor         ; % Time Used ;
;     Processor 1            ; 100.0%      ;
;     Processors 2-4         ; < 0.1%      ;
;     Processors 5-8         ;   0.0%      ;
+----------------------------+-------------+


+-------------------------------------------------+
; I/O Assignment Warnings                         ;
+----------+--------------------------------------+
; Pin Name ; Reason                               ;
+----------+--------------------------------------+
; aa[7]    ; Missing drive strength and slew rate ;
; aa[6]    ; Missing drive strength and slew rate ;
; aa[5]    ; Missing drive strength and slew rate ;
; aa[4]    ; Missing drive strength and slew rate ;
; aa[3]    ; Missing drive strength and slew rate ;
; aa[2]    ; Missing drive strength and slew rate ;
; aa[1]    ; Missing drive strength and slew rate ;
; aa[0]    ; Missing drive strength and slew rate ;
; rr[7]    ; Missing drive strength and slew rate ;
; rr[6]    ; Missing drive strength and slew rate ;
; rr[5]    ; Missing drive strength and slew rate ;
; rr[4]    ; Missing drive strength and slew rate ;
; rr[3]    ; Missing drive strength and slew rate ;
; rr[2]    ; Missing drive strength and slew rate ;
; rr[1]    ; Missing drive strength and slew rate ;
; rr[0]    ; Missing drive strength and slew rate ;
; test[7]  ; Missing drive strength and slew rate ;
; test[6]  ; Missing drive strength and slew rate ;
; test[5]  ; Missing drive strength and slew rate ;
; test[4]  ; Missing drive strength and slew rate ;
; test[3]  ; Missing drive strength and slew rate ;
; test[2]  ; Missing drive strength and slew rate ;
; test[1]  ; Missing drive strength and slew rate ;
; test[0]  ; Missing drive strength and slew rate ;
+----------+--------------------------------------+


+----------------------------------------------+
; Incremental Compilation Preservation Summary ;
+---------------------+------------------------+
; Type                ; Value                  ;
+---------------------+------------------------+
; Placement (by node) ;                        ;
;     -- Requested    ; 0 / 669 ( 0.00 % )     ;
;     -- Achieved     ; 0 / 669 ( 0.00 % )     ;
;                     ;                        ;
; Routing (by net)    ;                        ;
;     -- Requested    ; 0 / 0 ( 0.00 % )       ;
;     -- Achieved     ; 0 / 0 ( 0.00 % )       ;
+---------------------+------------------------+


+----------------------------------------------------------------------------------------------------------------------------------------------------------------------------------------+
; Incremental Compilation Partition Settings                                                                                                                                             ;
+--------------------------------+----------------+-------------------+-------------------------+------------------------+------------------------------+--------------------------------+
; Partition Name                 ; Partition Type ; Netlist Type Used ; Preservation Level Used ; Netlist Type Requested ; Preservation Level Requested ; Contents                       ;
+--------------------------------+----------------+-------------------+-------------------------+------------------------+------------------------------+--------------------------------+
; Top                            ; User-created   ; Source File       ; N/A                     ; Source File            ; N/A                          ;                                ;
; sld_hub:auto_hub               ; Auto-generated ; Post-Synthesis    ; N/A                     ; Post-Synthesis         ; N/A                          ; sld_hub:auto_hub               ;
; hard_block:auto_generated_inst ; Auto-generated ; Source File       ; N/A                     ; Source File            ; N/A                          ; hard_block:auto_generated_inst ;
+--------------------------------+----------------+-------------------+-------------------------+------------------------+------------------------------+--------------------------------+


+------------------------------------------------------------------------------------------------------------+
; Incremental Compilation Placement Preservation                                                             ;
+--------------------------------+---------+-------------------+-------------------------+-------------------+
; Partition Name                 ; # Nodes ; # Preserved Nodes ; Preservation Level Used ; Netlist Type Used ;
+--------------------------------+---------+-------------------+-------------------------+-------------------+
; Top                            ; 405     ; 0                 ; N/A                     ; Source File       ;
; sld_hub:auto_hub               ; 254     ; 0                 ; N/A                     ; Post-Synthesis    ;
; hard_block:auto_generated_inst ; 10      ; 0                 ; N/A                     ; Source File       ;
+--------------------------------+---------+-------------------+-------------------------+-------------------+


+--------------+
; Pin-Out File ;
+--------------+
The pin-out file can be found in E:/jzks/lab2/output_files/lab2.pin.


+-------------------------------------------------------------------------+
; Fitter Resource Usage Summary                                           ;
+---------------------------------------------+---------------------------+
; Resource                                    ; Usage                     ;
+---------------------------------------------+---------------------------+
; Total logic elements                        ; 369 / 6,272 ( 6 % )       ;
;     -- Combinational with no register       ; 145                       ;
;     -- Register only                        ; 35                        ;
;     -- Combinational with a register        ; 189                       ;
;                                             ;                           ;
; Logic element usage by number of LUT inputs ;                           ;
;     -- 4 input functions                    ; 149                       ;
;     -- 3 input functions                    ; 89                        ;
;     -- <=2 input functions                  ; 96                        ;
;     -- Register only                        ; 35                        ;
;                                             ;                           ;
; Logic elements by mode                      ;                           ;
;     -- normal mode                          ; 300                       ;
;     -- arithmetic mode                      ; 34                        ;
;                                             ;                           ;
; Total registers*                            ; 224 / 6,684 ( 3 % )       ;
;     -- Dedicated logic registers            ; 224 / 6,272 ( 4 % )       ;
;     -- I/O registers                        ; 0 / 412 ( 0 % )           ;
;                                             ;                           ;
; Total LABs:  partially or completely used   ; 32 / 392 ( 8 % )          ;
; Virtual pins                                ; 0                         ;
; I/O pins                                    ; 27 / 92 ( 29 % )          ;
;     -- Clock pins                           ; 0 / 3 ( 0 % )             ;
;     -- Dedicated input pins                 ; 3 / 9 ( 33 % )            ;
;                                             ;                           ;
; Global signals                              ; 5                         ;
; M9Ks                                        ; 3 / 30 ( 10 % )           ;
; Total block memory bits                     ; 8,192 / 276,480 ( 3 % )   ;
; Total block memory implementation bits      ; 27,648 / 276,480 ( 10 % ) ;
; Embedded Multiplier 9-bit elements          ; 0 / 30 ( 0 % )            ;
; PLLs                                        ; 0 / 2 ( 0 % )             ;
; Global clocks                               ; 5 / 10 ( 50 % )           ;
; JTAGs                                       ; 1 / 1 ( 100 % )           ;
; CRC blocks                                  ; 0 / 1 ( 0 % )             ;
; ASMI blocks                                 ; 0 / 1 ( 0 % )             ;
; Impedance control blocks                    ; 0 / 4 ( 0 % )             ;
; Average interconnect usage (total/H/V)      ; 1% / 1% / 1%              ;
; Peak interconnect usage (total/H/V)         ; 2% / 2% / 2%              ;
; Maximum fan-out                             ; 186                       ;
; Highest non-global fan-out                  ; 40                        ;
; Total fan-out                               ; 1985                      ;
; Average fan-out                             ; 3.02                      ;
+---------------------------------------------+---------------------------+
*  Register count does not include registers inside RAM blocks or DSP blocks.



+------------------------------------------------------------------------------------------------------------------------+
; Fitter Partition Statistics                                                                                            ;
+---------------------------------------------+--------------------+--------------------+--------------------------------+
; Statistic                                   ; Top                ; sld_hub:auto_hub   ; hard_block:auto_generated_inst ;
+---------------------------------------------+--------------------+--------------------+--------------------------------+
; Difficulty Clustering Region                ; Low                ; Low                ; Low                            ;
;                                             ;                    ;                    ;                                ;
; Total logic elements                        ; 198 / 6272 ( 3 % ) ; 171 / 6272 ( 3 % ) ; 0 / 6272 ( 0 % )               ;
;     -- Combinational with no register       ; 71                 ; 74                 ; 0                              ;
;     -- Register only                        ; 21                 ; 14                 ; 0                              ;
;     -- Combinational with a register        ; 106                ; 83                 ; 0                              ;
;                                             ;                    ;                    ;                                ;
; Logic element usage by number of LUT inputs ;                    ;                    ;                                ;
;     -- 4 input functions                    ; 79                 ; 70                 ; 0                              ;
;     -- 3 input functions                    ; 46                 ; 43                 ; 0                              ;
;     -- <=2 input functions                  ; 52                 ; 44                 ; 0                              ;
;     -- Register only                        ; 21                 ; 14                 ; 0                              ;
;                                             ;                    ;                    ;                                ;
; Logic elements by mode                      ;                    ;                    ;                                ;
;     -- normal mode                          ; 151                ; 149                ; 0                              ;
;     -- arithmetic mode                      ; 26                 ; 8                  ; 0                              ;
;                                             ;                    ;                    ;                                ;
; Total registers                             ; 127                ; 97                 ; 0                              ;
;     -- Dedicated logic registers            ; 127 / 6272 ( 2 % ) ; 97 / 6272 ( 2 % )  ; 0 / 6272 ( 0 % )               ;
;                                             ;                    ;                    ;                                ;
; Total LABs:  partially or completely used   ; 21 / 392 ( 5 % )   ; 16 / 392 ( 4 % )   ; 0 / 392 ( 0 % )                ;
;                                             ;                    ;                    ;                                ;
; Virtual pins                                ; 0                  ; 0                  ; 0                              ;
; I/O pins                                    ; 27                 ; 0                  ; 0                              ;
; Embedded Multiplier 9-bit elements          ; 0 / 30 ( 0 % )     ; 0 / 30 ( 0 % )     ; 0 / 30 ( 0 % )                 ;
; Total memory bits                           ; 8192               ; 0                  ; 0                              ;
; Total RAM block bits                        ; 27648              ; 0                  ; 0                              ;
; JTAG                                        ; 1 / 1 ( 100 % )    ; 0 / 1 ( 0 % )      ; 0 / 1 ( 0 % )                  ;
; M9K                                         ; 3 / 30 ( 10 % )    ; 0 / 30 ( 0 % )     ; 0 / 30 ( 0 % )                 ;
; Clock control block                         ; 5 / 12 ( 41 % )    ; 0 / 12 ( 0 % )     ; 0 / 12 ( 0 % )                 ;
;                                             ;                    ;                    ;                                ;
; Connections                                 ;                    ;                    ;                                ;
;     -- Input Connections                    ; 231                ; 141                ; 0                              ;
;     -- Registered Input Connections         ; 116                ; 106                ; 0                              ;
;     -- Output Connections                   ; 238                ; 134                ; 0                              ;
;     -- Registered Output Connections        ; 10                 ; 133                ; 0                              ;
;                                             ;                    ;                    ;                                ;
; Internal Connections                        ;                    ;                    ;                                ;
;     -- Total Connections                    ; 1282               ; 974                ; 5                              ;
;     -- Registered Connections               ; 410                ; 663                ; 0                              ;
;                                             ;                    ;                    ;                                ;
; External Connections                        ;                    ;                    ;                                ;
;     -- Top                                  ; 194                ; 275                ; 0                              ;
;     -- sld_hub:auto_hub                     ; 275                ; 0                  ; 0                              ;
;     -- hard_block:auto_generated_inst       ; 0                  ; 0                  ; 0                              ;
;                                             ;                    ;                    ;                                ;
; Partition Interface                         ;                    ;                    ;                                ;
;     -- Input Ports                          ; 36                 ; 23                 ; 0                              ;
;     -- Output Ports                         ; 37                 ; 40                 ; 0                              ;
;     -- Bidir Ports                          ; 0                  ; 0                  ; 0                              ;
;                                             ;                    ;                    ;                                ;
; Registered Ports                            ;                    ;                    ;                                ;
;     -- Registered Input Ports               ; 0                  ; 3                  ; 0                              ;
;     -- Registered Output Ports              ; 0                  ; 29                 ; 0                              ;
;                                             ;                    ;                    ;                                ;
; Port Connectivity                           ;                    ;                    ;                                ;
;     -- Input Ports driven by GND            ; 0                  ; 2                  ; 0                              ;
;     -- Output Ports driven by GND           ; 0                  ; 1                  ; 0                              ;
;     -- Input Ports driven by VCC            ; 0                  ; 0                  ; 0                              ;
;     -- Output Ports driven by VCC           ; 0                  ; 0                  ; 0                              ;
;     -- Input Ports with no Source           ; 0                  ; 1                  ; 0                              ;
;     -- Output Ports with no Source          ; 0                  ; 0                  ; 0                              ;
;     -- Input Ports with no Fanout           ; 0                  ; 2                  ; 0                              ;
;     -- Output Ports with no Fanout          ; 0                  ; 19                 ; 0                              ;
+---------------------------------------------+--------------------+--------------------+--------------------------------+


+---------------------------------------------------------------------------------------------------------------------------------------------------------------------------------------------------------------------------------------------------------------------------+
; Input Pins                                                                                                                                                                                                                                                                ;
+------+-------+----------+--------------+--------------+--------------+-----------------------+--------------------+--------+----------------+---------------+-----------------+----------+--------------+--------------+---------------------------+----------------------+
; Name ; Pin # ; I/O Bank ; X coordinate ; Y coordinate ; Z coordinate ; Combinational Fan-Out ; Registered Fan-Out ; Global ; Input Register ; Power Up High ; PCI I/O Enabled ; Bus Hold ; Weak Pull Up ; I/O Standard ; Termination Control Block ; Location assigned by ;
+------+-------+----------+--------------+--------------+--------------+-----------------------+--------------------+--------+----------------+---------------+-----------------+----------+--------------+--------------+---------------------------+----------------------+
; clk  ; 52    ; 3        ; 16           ; 0            ; 7            ; 4                     ; 0                  ; no     ; no             ; no            ; yes             ; no       ; Off          ; 2.5 V        ; --                        ; User                 ;
; clr  ; 55    ; 4        ; 18           ; 0            ; 14           ; 8                     ; 0                  ; no     ; no             ; no            ; yes             ; no       ; Off          ; 2.5 V        ; --                        ; User                 ;
; p    ; 64    ; 4        ; 25           ; 0            ; 0            ; 8                     ; 0                  ; no     ; no             ; no            ; yes             ; no       ; Off          ; 2.5 V        ; --                        ; User                 ;
+------+-------+----------+--------------+--------------+--------------+-----------------------+--------------------+--------+----------------+---------------+-----------------+----------+--------------+--------------+---------------------------+----------------------+


+----------------------------------------------------------------------------------------------------------------------------------------------------------------------------------------------------------------------------------------------------------------------------------------------------------------------------------------------------------------------------------------------------------------------------------------------------------+
; Output Pins                                                                                                                                                                                                                                                                                                                                                                                                                                              ;
+---------+-------+----------+--------------+--------------+--------------+-----------------+------------------------+---------------+-----------+-----------------+------------+---------------+----------+--------------+--------------+------------------+-----------------------------------+---------------------------+----------------------------+-----------------------------+----------------------+----------------------+---------------------+
; Name    ; Pin # ; I/O Bank ; X coordinate ; Y coordinate ; Z coordinate ; Output Register ; Output Enable Register ; Power Up High ; Slew Rate ; PCI I/O Enabled ; Open Drain ; TRI Primitive ; Bus Hold ; Weak Pull Up ; I/O Standard ; Current Strength ; Termination                       ; Termination Control Block ; Output Buffer Pre-emphasis ; Voltage Output Differential ; Location assigned by ; Output Enable Source ; Output Enable Group ;
+---------+-------+----------+--------------+--------------+--------------+-----------------+------------------------+---------------+-----------+-----------------+------------+---------------+----------+--------------+--------------+------------------+-----------------------------------+---------------------------+----------------------------+-----------------------------+----------------------+----------------------+---------------------+
; aa[0]   ; 135   ; 8        ; 11           ; 24           ; 14           ; no              ; no                     ; no            ; 2         ; no              ; no         ; no            ; no       ; Off          ; 2.5 V        ; Default          ; Series 50 Ohm without Calibration ; --                        ; no                         ; no                          ; User                 ; -                    ; -                   ;
; aa[1]   ; 136   ; 8        ; 9            ; 24           ; 7            ; no              ; no                     ; no            ; 2         ; no              ; no         ; no            ; no       ; Off          ; 2.5 V        ; Default          ; Series 50 Ohm without Calibration ; --                        ; no                         ; no                          ; User                 ; -                    ; -                   ;
; aa[2]   ; 137   ; 8        ; 7            ; 24           ; 0            ; no              ; no                     ; no            ; 2         ; no              ; no         ; no            ; no       ; Off          ; 2.5 V        ; Default          ; Series 50 Ohm without Calibration ; --                        ; no                         ; no                          ; User                 ; -                    ; -                   ;
; aa[3]   ; 138   ; 8        ; 7            ; 24           ; 7            ; no              ; no                     ; no            ; 2         ; no              ; no         ; no            ; no       ; Off          ; 2.5 V        ; Default          ; Series 50 Ohm without Calibration ; --                        ; no                         ; no                          ; User                 ; -                    ; -                   ;
; aa[4]   ; 141   ; 8        ; 5            ; 24           ; 7            ; no              ; no                     ; no            ; 2         ; no              ; no         ; no            ; no       ; Off          ; 2.5 V        ; Default          ; Series 50 Ohm without Calibration ; --                        ; no                         ; no                          ; User                 ; -                    ; -                   ;
; aa[5]   ; 142   ; 8        ; 3            ; 24           ; 21           ; no              ; no                     ; no            ; 2         ; no              ; no         ; no            ; no       ; Off          ; 2.5 V        ; Default          ; Series 50 Ohm without Calibration ; --                        ; no                         ; no                          ; User                 ; -                    ; -                   ;
; aa[6]   ; 143   ; 8        ; 1            ; 24           ; 0            ; no              ; no                     ; no            ; 2         ; no              ; no         ; no            ; no       ; Off          ; 2.5 V        ; Default          ; Series 50 Ohm without Calibration ; --                        ; no                         ; no                          ; User                 ; -                    ; -                   ;
; aa[7]   ; 144   ; 8        ; 1            ; 24           ; 7            ; no              ; no                     ; no            ; 2         ; no              ; no         ; no            ; no       ; Off          ; 2.5 V        ; Default          ; Series 50 Ohm without Calibration ; --                        ; no                         ; no                          ; User                 ; -                    ; -                   ;
; rr[0]   ; 69    ; 4        ; 30           ; 0            ; 0            ; no              ; no                     ; no            ; 2         ; no              ; no         ; no            ; no       ; Off          ; 2.5 V        ; Default          ; Series 50 Ohm without Calibration ; --                        ; no                         ; no                          ; User                 ; -                    ; -                   ;
; rr[1]   ; 68    ; 4        ; 30           ; 0            ; 7            ; no              ; no                     ; no            ; 2         ; no              ; no         ; no            ; no       ; Off          ; 2.5 V        ; Default          ; Series 50 Ohm without Calibration ; --                        ; no                         ; no                          ; User                 ; -                    ; -                   ;
; rr[2]   ; 72    ; 4        ; 32           ; 0            ; 7            ; no              ; no                     ; no            ; 2         ; no              ; no         ; no            ; no       ; Off          ; 2.5 V        ; Default          ; Series 50 Ohm without Calibration ; --                        ; no                         ; no                          ; User                 ; -                    ; -                   ;
; rr[3]   ; 71    ; 4        ; 32           ; 0            ; 14           ; no              ; no                     ; no            ; 2         ; no              ; no         ; no            ; no       ; Off          ; 2.5 V        ; Default          ; Series 50 Ohm without Calibration ; --                        ; no                         ; no                          ; User                 ; -                    ; -                   ;
; rr[4]   ; 76    ; 5        ; 34           ; 4            ; 21           ; no              ; no                     ; no            ; 2         ; no              ; no         ; no            ; no       ; Off          ; 2.5 V        ; Default          ; Series 50 Ohm without Calibration ; --                        ; no                         ; no                          ; User                 ; -                    ; -                   ;
; rr[5]   ; 73    ; 5        ; 34           ; 2            ; 21           ; no              ; no                     ; no            ; 2         ; no              ; no         ; no            ; no       ; Off          ; 2.5 V        ; Default          ; Series 50 Ohm without Calibration ; --                        ; no                         ; no                          ; User                 ; -                    ; -                   ;
; rr[6]   ; 85    ; 5        ; 34           ; 9            ; 7            ; no              ; no                     ; no            ; 2         ; no              ; no         ; no            ; no       ; Off          ; 2.5 V        ; Default          ; Series 50 Ohm without Calibration ; --                        ; no                         ; no                          ; User                 ; -                    ; -                   ;
; rr[7]   ; 80    ; 5        ; 34           ; 7            ; 7            ; no              ; no                     ; no            ; 2         ; no              ; no         ; no            ; no       ; Off          ; 2.5 V        ; Default          ; Series 50 Ohm without Calibration ; --                        ; no                         ; no                          ; User                 ; -                    ; -                   ;
; test[0] ; 44    ; 3        ; 5            ; 0            ; 14           ; no              ; no                     ; no            ; 2         ; no              ; no         ; no            ; no       ; Off          ; 2.5 V        ; Default          ; Series 50 Ohm without Calibration ; --                        ; no                         ; no                          ; User                 ; -                    ; -                   ;
; test[1] ; 43    ; 3        ; 5            ; 0            ; 21           ; no              ; no                     ; no            ; 2         ; no              ; no         ; no            ; no       ; Off          ; 2.5 V        ; Default          ; Series 50 Ohm without Calibration ; --                        ; no                         ; no                          ; User                 ; -                    ; -                   ;
; test[2] ; 49    ; 3        ; 13           ; 0            ; 14           ; no              ; no                     ; no            ; 2         ; no              ; no         ; no            ; no       ; Off          ; 2.5 V        ; Default          ; Series 50 Ohm without Calibration ; --                        ; no                         ; no                          ; User                 ; -                    ; -                   ;
; test[3] ; 46    ; 3        ; 7            ; 0            ; 0            ; no              ; no                     ; no            ; 2         ; no              ; no         ; no            ; no       ; Off          ; 2.5 V        ; Default          ; Series 50 Ohm without Calibration ; --                        ; no                         ; no                          ; User                 ; -                    ; -                   ;
; test[4] ; 51    ; 3        ; 16           ; 0            ; 21           ; no              ; no                     ; no            ; 2         ; no              ; no         ; no            ; no       ; Off          ; 2.5 V        ; Default          ; Series 50 Ohm without Calibration ; --                        ; no                         ; no                          ; User                 ; -                    ; -                   ;
; test[5] ; 50    ; 3        ; 13           ; 0            ; 0            ; no              ; no                     ; no            ; 2         ; no              ; no         ; no            ; no       ; Off          ; 2.5 V        ; Default          ; Series 50 Ohm without Calibration ; --                        ; no                         ; no                          ; User                 ; -                    ; -                   ;
; test[6] ; 59    ; 4        ; 23           ; 0            ; 14           ; no              ; no                     ; no            ; 2         ; no              ; no         ; no            ; no       ; Off          ; 2.5 V        ; Default          ; Series 50 Ohm without Calibration ; --                        ; no                         ; no                          ; User                 ; -                    ; -                   ;
; test[7] ; 54    ; 4        ; 18           ; 0            ; 21           ; no              ; no                     ; no            ; 2         ; no              ; no         ; no            ; no       ; Off          ; 2.5 V        ; Default          ; Series 50 Ohm without Calibration ; --                        ; no                         ; no                          ; User                 ; -                    ; -                   ;
+---------+-------+----------+--------------+--------------+--------------+-----------------+------------------------+---------------+-----------+-----------------+------------+---------------+----------+--------------+--------------+------------------+-----------------------------------+---------------------------+----------------------------+-----------------------------+----------------------+----------------------+---------------------+


+-------------------------------------------------------------------------------------------------------------------------+
; Dual Purpose and Dedicated Pins                                                                                         ;
+----------+-----------------------------+--------------------------+-------------------------+---------------------------+
; Location ; Pin Name                    ; Reserved As              ; User Signal Name        ; Pin Type                  ;
+----------+-----------------------------+--------------------------+-------------------------+---------------------------+
; 6        ; DIFFIO_L1n, DATA1, ASDO     ; As input tri-stated      ; ~ALTERA_ASDO_DATA1~     ; Dual Purpose Pin          ;
; 8        ; DIFFIO_L2p, FLASH_nCE, nCSO ; As input tri-stated      ; ~ALTERA_FLASH_nCE_nCSO~ ; Dual Purpose Pin          ;
; 9        ; nSTATUS                     ; -                        ; -                       ; Dedicated Programming Pin ;
; 12       ; DCLK                        ; As output driving ground ; ~ALTERA_DCLK~           ; Dual Purpose Pin          ;
; 13       ; DATA0                       ; As input tri-stated      ; ~ALTERA_DATA0~          ; Dual Purpose Pin          ;
; 14       ; nCONFIG                     ; -                        ; -                       ; Dedicated Programming Pin ;
; 15       ; TDI                         ; -                        ; altera_reserved_tdi     ; JTAG Pin                  ;
; 16       ; TCK                         ; -                        ; altera_reserved_tck     ; JTAG Pin                  ;
; 18       ; TMS                         ; -                        ; altera_reserved_tms     ; JTAG Pin                  ;
; 20       ; TDO                         ; -                        ; altera_reserved_tdo     ; JTAG Pin                  ;
; 21       ; nCE                         ; -                        ; -                       ; Dedicated Programming Pin ;
; 92       ; CONF_DONE                   ; -                        ; -                       ; Dedicated Programming Pin ;
; 94       ; MSEL0                       ; -                        ; -                       ; Dedicated Programming Pin ;
; 96       ; MSEL1                       ; -                        ; -                       ; Dedicated Programming Pin ;
; 97       ; MSEL2                       ; -                        ; -                       ; Dedicated Programming Pin ;
; 97       ; MSEL3                       ; -                        ; -                       ; Dedicated Programming Pin ;
; 101      ; DIFFIO_R3n, nCEO            ; Use as programming pin   ; ~ALTERA_nCEO~           ; Dual Purpose Pin          ;
; 137      ; DATA5                       ; Use as regular IO        ; aa[2]                   ; Dual Purpose Pin          ;
; 138      ; DATA6                       ; Use as regular IO        ; aa[3]                   ; Dual Purpose Pin          ;
+----------+-----------------------------+--------------------------+-------------------------+---------------------------+


+-----------------------------------------------------------+
; I/O Bank Usage                                            ;
+----------+-----------------+---------------+--------------+
; I/O Bank ; Usage           ; VCCIO Voltage ; VREF Voltage ;
+----------+-----------------+---------------+--------------+
; 1        ; 4 / 11 ( 36 % ) ; 2.5V          ; --           ;
; 2        ; 0 / 8 ( 0 % )   ; 2.5V          ; --           ;
; 3        ; 7 / 11 ( 64 % ) ; 2.5V          ; --           ;
; 4        ; 8 / 14 ( 57 % ) ; 2.5V          ; --           ;
; 5        ; 4 / 13 ( 31 % ) ; 2.5V          ; --           ;
; 6        ; 1 / 10 ( 10 % ) ; 2.5V          ; --           ;
; 7        ; 0 / 13 ( 0 % )  ; 2.5V          ; --           ;
; 8        ; 8 / 12 ( 67 % ) ; 2.5V          ; --           ;
+----------+-----------------+---------------+--------------+


+-----------------------------------------------------------------------------------------------------------------------------------------------------------------------------------------+
; All Package Pins                                                                                                                                                                        ;
+----------+------------+----------+-----------------------------------------------------------+--------+--------------+---------+------------+-----------------+----------+--------------+
; Location ; Pad Number ; I/O Bank ; Pin Name/Usage                                            ; Dir.   ; I/O Standard ; Voltage ; I/O Type   ; User Assignment ; Bus Hold ; Weak Pull Up ;
+----------+------------+----------+-----------------------------------------------------------+--------+--------------+---------+------------+-----------------+----------+--------------+
; 1        ; 0          ; 1        ; RESERVED_INPUT                                            ;        ;              ;         ; Row I/O    ;                 ; no       ; Off          ;
; 2        ; 1          ; 1        ; RESERVED_INPUT                                            ;        ;              ;         ; Row I/O    ;                 ; no       ; Off          ;
; 3        ; 2          ; 1        ; RESERVED_INPUT                                            ;        ;              ;         ; Row I/O    ;                 ; no       ; Off          ;
; 4        ;            ;          ; GND                                                       ; gnd    ;              ;         ; --         ;                 ; --       ; --           ;
; 5        ;            ;          ; VCCINT                                                    ; power  ;              ; 1.2V    ; --         ;                 ; --       ; --           ;
; 6        ; 5          ; 1        ; ~ALTERA_ASDO_DATA1~ / RESERVED_INPUT_WITH_WEAK_PULLUP     ; input  ; 2.5 V        ;         ; Row I/O    ; N               ; no       ; On           ;
; 7        ; 6          ; 1        ; RESERVED_INPUT                                            ;        ;              ;         ; Row I/O    ;                 ; --       ; --           ;
; 8        ; 7          ; 1        ; ~ALTERA_FLASH_nCE_nCSO~ / RESERVED_INPUT_WITH_WEAK_PULLUP ; input  ; 2.5 V        ;         ; Row I/O    ; N               ; no       ; On           ;
; 9        ; 9          ; 1        ; ^nSTATUS                                                  ;        ;              ;         ; --         ;                 ; --       ; --           ;
; 10       ; 13         ; 1        ; RESERVED_INPUT                                            ;        ;              ;         ; Row I/O    ;                 ; no       ; Off          ;
; 11       ; 14         ; 1        ; RESERVED_INPUT                                            ;        ;              ;         ; Row I/O    ;                 ; no       ; Off          ;
; 12       ; 15         ; 1        ; ~ALTERA_DCLK~                                             ; output ; 2.5 V        ;         ; Row I/O    ; N               ; no       ; On           ;
; 13       ; 16         ; 1        ; ~ALTERA_DATA0~ / RESERVED_INPUT_WITH_WEAK_PULLUP          ; input  ; 2.5 V        ;         ; Row I/O    ; N               ; no       ; On           ;
; 14       ; 17         ; 1        ; ^nCONFIG                                                  ;        ;              ;         ; --         ;                 ; --       ; --           ;
; 15       ; 18         ; 1        ; altera_reserved_tdi                                       ; input  ; 2.5 V        ;         ; --         ; N               ; no       ; Off          ;
; 16       ; 19         ; 1        ; altera_reserved_tck                                       ; input  ; 2.5 V        ;         ; --         ; N               ; no       ; Off          ;
; 17       ;            ; 1        ; VCCIO1                                                    ; power  ;              ; 2.5V    ; --         ;                 ; --       ; --           ;
; 18       ; 20         ; 1        ; altera_reserved_tms                                       ; input  ; 2.5 V        ;         ; --         ; N               ; no       ; Off          ;
; 19       ;            ;          ; GND                                                       ; gnd    ;              ;         ; --         ;                 ; --       ; --           ;
; 20       ; 21         ; 1        ; altera_reserved_tdo                                       ; output ; 2.5 V        ;         ; --         ; N               ; no       ; Off          ;
; 21       ; 22         ; 1        ; ^nCE                                                      ;        ;              ;         ; --         ;                 ; --       ; --           ;
; 22       ;            ;          ; GND                                                       ; gnd    ;              ;         ; --         ;                 ; --       ; --           ;
; 23       ; 24         ; 1        ; GND+                                                      ;        ;              ;         ; Row I/O    ;                 ; --       ; --           ;
; 24       ; 25         ; 2        ; GND+                                                      ;        ;              ;         ; Row I/O    ;                 ; --       ; --           ;
; 25       ; 26         ; 2        ; GND+                                                      ;        ;              ;         ; Row I/O    ;                 ; --       ; --           ;
; 26       ;            ; 2        ; VCCIO2                                                    ; power  ;              ; 2.5V    ; --         ;                 ; --       ; --           ;
; 27       ;            ;          ; GND                                                       ; gnd    ;              ;         ; --         ;                 ; --       ; --           ;
; 28       ; 31         ; 2        ; RESERVED_INPUT                                            ;        ;              ;         ; Row I/O    ;                 ; no       ; Off          ;
; 29       ;            ;          ; VCCINT                                                    ; power  ;              ; 1.2V    ; --         ;                 ; --       ; --           ;
; 30       ; 34         ; 2        ; RESERVED_INPUT                                            ;        ;              ;         ; Row I/O    ;                 ; no       ; Off          ;
; 31       ; 36         ; 2        ; RESERVED_INPUT                                            ;        ;              ;         ; Row I/O    ;                 ; --       ; --           ;
; 32       ; 39         ; 2        ; RESERVED_INPUT                                            ;        ;              ;         ; Row I/O    ;                 ; no       ; Off          ;
; 33       ; 40         ; 2        ; RESERVED_INPUT                                            ;        ;              ;         ; Row I/O    ;                 ; no       ; Off          ;
; 34       ; 41         ; 2        ; RESERVED_INPUT                                            ;        ;              ;         ; Row I/O    ;                 ; no       ; Off          ;
; 35       ;            ; --       ; VCCA1                                                     ; power  ;              ; 2.5V    ; --         ;                 ; --       ; --           ;
; 36       ;            ;          ; GNDA1                                                     ; gnd    ;              ;         ; --         ;                 ; --       ; --           ;
; 37       ;            ;          ; VCCD_PLL1                                                 ; power  ;              ; 1.2V    ; --         ;                 ; --       ; --           ;
; 38       ; 45         ; 3        ; RESERVED_INPUT                                            ;        ;              ;         ; Column I/O ;                 ; no       ; Off          ;
; 39       ; 46         ; 3        ; RESERVED_INPUT                                            ;        ;              ;         ; Column I/O ;                 ; no       ; Off          ;
; 40       ;            ; 3        ; VCCIO3                                                    ; power  ;              ; 2.5V    ; --         ;                 ; --       ; --           ;
; 41       ;            ;          ; GND                                                       ; gnd    ;              ;         ; --         ;                 ; --       ; --           ;
; 42       ; 52         ; 3        ; RESERVED_INPUT                                            ;        ;              ;         ; Column I/O ;                 ; no       ; Off          ;
; 43       ; 53         ; 3        ; test[1]                                                   ; output ; 2.5 V        ;         ; Column I/O ; Y               ; no       ; Off          ;
; 44       ; 54         ; 3        ; test[0]                                                   ; output ; 2.5 V        ;         ; Column I/O ; Y               ; no       ; Off          ;
; 45       ;            ;          ; VCCINT                                                    ; power  ;              ; 1.2V    ; --         ;                 ; --       ; --           ;
; 46       ; 58         ; 3        ; test[3]                                                   ; output ; 2.5 V        ;         ; Column I/O ; Y               ; no       ; Off          ;
; 47       ;            ; 3        ; VCCIO3                                                    ; power  ;              ; 2.5V    ; --         ;                 ; --       ; --           ;
; 48       ;            ;          ; GND                                                       ; gnd    ;              ;         ; --         ;                 ; --       ; --           ;
; 49       ; 68         ; 3        ; test[2]                                                   ; output ; 2.5 V        ;         ; Column I/O ; Y               ; no       ; Off          ;
; 50       ; 69         ; 3        ; test[5]                                                   ; output ; 2.5 V        ;         ; Column I/O ; Y               ; no       ; Off          ;
; 51       ; 70         ; 3        ; test[4]                                                   ; output ; 2.5 V        ;         ; Column I/O ; Y               ; no       ; Off          ;
; 52       ; 72         ; 3        ; clk                                                       ; input  ; 2.5 V        ;         ; Column I/O ; Y               ; no       ; Off          ;
; 53       ; 73         ; 3        ; RESERVED_INPUT                                            ;        ;              ;         ; Column I/O ;                 ; no       ; Off          ;
; 54       ; 74         ; 4        ; test[7]                                                   ; output ; 2.5 V        ;         ; Column I/O ; Y               ; no       ; Off          ;
; 55       ; 75         ; 4        ; clr                                                       ; input  ; 2.5 V        ;         ; Column I/O ; Y               ; no       ; Off          ;
; 56       ;            ; 4        ; VCCIO4                                                    ; power  ;              ; 2.5V    ; --         ;                 ; --       ; --           ;
; 57       ;            ;          ; GND                                                       ; gnd    ;              ;         ; --         ;                 ; --       ; --           ;
; 58       ; 80         ; 4        ; RESERVED_INPUT                                            ;        ;              ;         ; Column I/O ;                 ; no       ; Off          ;
; 59       ; 83         ; 4        ; test[6]                                                   ; output ; 2.5 V        ;         ; Column I/O ; Y               ; no       ; Off          ;
; 60       ; 84         ; 4        ; RESERVED_INPUT                                            ;        ;              ;         ; Column I/O ;                 ; no       ; Off          ;
; 61       ;            ;          ; VCCINT                                                    ; power  ;              ; 1.2V    ; --         ;                 ; --       ; --           ;
; 62       ;            ; 4        ; VCCIO4                                                    ; power  ;              ; 2.5V    ; --         ;                 ; --       ; --           ;
; 63       ;            ;          ; GND                                                       ; gnd    ;              ;         ; --         ;                 ; --       ; --           ;
; 64       ; 89         ; 4        ; p                                                         ; input  ; 2.5 V        ;         ; Column I/O ; Y               ; no       ; Off          ;
; 65       ; 90         ; 4        ; RESERVED_INPUT                                            ;        ;              ;         ; Column I/O ;                 ; --       ; --           ;
; 66       ; 93         ; 4        ; RESERVED_INPUT                                            ;        ;              ;         ; Column I/O ;                 ; no       ; Off          ;
; 67       ; 94         ; 4        ; RESERVED_INPUT                                            ;        ;              ;         ; Column I/O ;                 ; no       ; Off          ;
; 68       ; 96         ; 4        ; rr[1]                                                     ; output ; 2.5 V        ;         ; Column I/O ; Y               ; no       ; Off          ;
; 69       ; 97         ; 4        ; rr[0]                                                     ; output ; 2.5 V        ;         ; Column I/O ; Y               ; no       ; Off          ;
; 70       ; 98         ; 4        ; RESERVED_INPUT                                            ;        ;              ;         ; Column I/O ;                 ; no       ; Off          ;
; 71       ; 99         ; 4        ; rr[3]                                                     ; output ; 2.5 V        ;         ; Column I/O ; Y               ; no       ; Off          ;
; 72       ; 100        ; 4        ; rr[2]                                                     ; output ; 2.5 V        ;         ; Column I/O ; Y               ; no       ; Off          ;
; 73       ; 102        ; 5        ; rr[5]                                                     ; output ; 2.5 V        ;         ; Row I/O    ; Y               ; no       ; Off          ;
; 74       ; 103        ; 5        ; RESERVED_INPUT                                            ;        ;              ;         ; Row I/O    ;                 ; no       ; Off          ;
; 75       ; 104        ; 5        ; RESERVED_INPUT                                            ;        ;              ;         ; Row I/O    ;                 ; no       ; Off          ;
; 76       ; 106        ; 5        ; rr[4]                                                     ; output ; 2.5 V        ;         ; Row I/O    ; Y               ; no       ; Off          ;
; 77       ; 107        ; 5        ; RESERVED_INPUT                                            ;        ;              ;         ; Row I/O    ;                 ; no       ; Off          ;
; 78       ;            ;          ; VCCINT                                                    ; power  ;              ; 1.2V    ; --         ;                 ; --       ; --           ;
; 79       ;            ;          ; GND                                                       ; gnd    ;              ;         ; --         ;                 ; --       ; --           ;
; 80       ; 113        ; 5        ; rr[7]                                                     ; output ; 2.5 V        ;         ; Row I/O    ; Y               ; no       ; Off          ;
; 81       ;            ; 5        ; VCCIO5                                                    ; power  ;              ; 2.5V    ; --         ;                 ; --       ; --           ;
; 82       ;            ;          ; GND                                                       ; gnd    ;              ;         ; --         ;                 ; --       ; --           ;
; 83       ; 117        ; 5        ; RESERVED_INPUT                                            ;        ;              ;         ; Row I/O    ;                 ; no       ; Off          ;
; 84       ; 118        ; 5        ; RESERVED_INPUT                                            ;        ;              ;         ; Row I/O    ;                 ; no       ; Off          ;
; 85       ; 119        ; 5        ; rr[6]                                                     ; output ; 2.5 V        ;         ; Row I/O    ; Y               ; no       ; Off          ;
; 86       ; 120        ; 5        ; RESERVED_INPUT                                            ;        ;              ;         ; Row I/O    ;                 ; no       ; Off          ;
; 87       ; 121        ; 5        ; RESERVED_INPUT                                            ;        ;              ;         ; Row I/O    ;                 ; no       ; Off          ;
; 88       ; 125        ; 5        ; GND+                                                      ;        ;              ;         ; Row I/O    ;                 ; --       ; --           ;
; 89       ; 126        ; 5        ; GND+                                                      ;        ;              ;         ; Row I/O    ;                 ; --       ; --           ;
; 90       ; 127        ; 6        ; GND+                                                      ;        ;              ;         ; Row I/O    ;                 ; --       ; --           ;
; 91       ; 128        ; 6        ; GND+                                                      ;        ;              ;         ; Row I/O    ;                 ; --       ; --           ;
; 92       ; 129        ; 6        ; ^CONF_DONE                                                ;        ;              ;         ; --         ;                 ; --       ; --           ;
; 93       ;            ; 6        ; VCCIO6                                                    ; power  ;              ; 2.5V    ; --         ;                 ; --       ; --           ;
; 94       ; 130        ; 6        ; ^MSEL0                                                    ;        ;              ;         ; --         ;                 ; --       ; --           ;
; 95       ;            ;          ; GND                                                       ; gnd    ;              ;         ; --         ;                 ; --       ; --           ;
; 96       ; 131        ; 6        ; ^MSEL1                                                    ;        ;              ;         ; --         ;                 ; --       ; --           ;
; 97       ; 132        ; 6        ; ^MSEL2                                                    ;        ;              ;         ; --         ;                 ; --       ; --           ;
; 97       ; 133        ; 6        ; ^MSEL3                                                    ;        ;              ;         ; --         ;                 ; --       ; --           ;
; 98       ; 136        ; 6        ; RESERVED_INPUT                                            ;        ;              ;         ; Row I/O    ;                 ; no       ; Off          ;
; 99       ; 137        ; 6        ; RESERVED_INPUT                                            ;        ;              ;         ; Row I/O    ;                 ; no       ; Off          ;
; 100      ; 138        ; 6        ; RESERVED_INPUT                                            ;        ;              ;         ; Row I/O    ;                 ; no       ; Off          ;
; 101      ; 139        ; 6        ; ~ALTERA_nCEO~ / RESERVED_OUTPUT_OPEN_DRAIN                ; output ; 2.5 V        ;         ; Row I/O    ; N               ; no       ; Off          ;
; 102      ;            ;          ; VCCINT                                                    ; power  ;              ; 1.2V    ; --         ;                 ; --       ; --           ;
; 103      ; 140        ; 6        ; RESERVED_INPUT                                            ;        ;              ;         ; Row I/O    ;                 ; no       ; Off          ;
; 104      ; 141        ; 6        ; RESERVED_INPUT                                            ;        ;              ;         ; Row I/O    ;                 ; no       ; Off          ;
; 105      ; 142        ; 6        ; RESERVED_INPUT                                            ;        ;              ;         ; Row I/O    ;                 ; --       ; --           ;
; 106      ; 146        ; 6        ; RESERVED_INPUT                                            ;        ;              ;         ; Row I/O    ;                 ; no       ; Off          ;
; 107      ;            ; --       ; VCCA2                                                     ; power  ;              ; 2.5V    ; --         ;                 ; --       ; --           ;
; 108      ;            ;          ; GNDA2                                                     ; gnd    ;              ;         ; --         ;                 ; --       ; --           ;
; 109      ;            ;          ; VCCD_PLL2                                                 ; power  ;              ; 1.2V    ; --         ;                 ; --       ; --           ;
; 110      ; 152        ; 7        ; RESERVED_INPUT                                            ;        ;              ;         ; Column I/O ;                 ; no       ; Off          ;
; 111      ; 154        ; 7        ; RESERVED_INPUT                                            ;        ;              ;         ; Column I/O ;                 ; no       ; Off          ;
; 112      ; 155        ; 7        ; RESERVED_INPUT                                            ;        ;              ;         ; Column I/O ;                 ; no       ; Off          ;
; 113      ; 156        ; 7        ; RESERVED_INPUT                                            ;        ;              ;         ; Column I/O ;                 ; no       ; Off          ;
; 114      ; 157        ; 7        ; RESERVED_INPUT                                            ;        ;              ;         ; Column I/O ;                 ; no       ; Off          ;
; 115      ; 158        ; 7        ; RESERVED_INPUT                                            ;        ;              ;         ; Column I/O ;                 ; no       ; Off          ;
; 116      ;            ;          ; VCCINT                                                    ; power  ;              ; 1.2V    ; --         ;                 ; --       ; --           ;
; 117      ;            ; 7        ; VCCIO7                                                    ; power  ;              ; 2.5V    ; --         ;                 ; --       ; --           ;
; 118      ;            ;          ; GND                                                       ; gnd    ;              ;         ; --         ;                 ; --       ; --           ;
; 119      ; 163        ; 7        ; RESERVED_INPUT                                            ;        ;              ;         ; Column I/O ;                 ; --       ; --           ;
; 120      ; 164        ; 7        ; RESERVED_INPUT                                            ;        ;              ;         ; Column I/O ;                 ; no       ; Off          ;
; 121      ; 165        ; 7        ; RESERVED_INPUT                                            ;        ;              ;         ; Column I/O ;                 ; no       ; Off          ;
; 122      ;            ; 7        ; VCCIO7                                                    ; power  ;              ; 2.5V    ; --         ;                 ; --       ; --           ;
; 123      ;            ;          ; GND                                                       ; gnd    ;              ;         ; --         ;                 ; --       ; --           ;
; 124      ; 173        ; 7        ; RESERVED_INPUT                                            ;        ;              ;         ; Column I/O ;                 ; no       ; Off          ;
; 125      ; 174        ; 7        ; RESERVED_INPUT                                            ;        ;              ;         ; Column I/O ;                 ; no       ; Off          ;
; 126      ; 175        ; 7        ; RESERVED_INPUT                                            ;        ;              ;         ; Column I/O ;                 ; no       ; Off          ;
; 127      ; 176        ; 7        ; RESERVED_INPUT                                            ;        ;              ;         ; Column I/O ;                 ; no       ; Off          ;
; 128      ; 177        ; 8        ; RESERVED_INPUT                                            ;        ;              ;         ; Column I/O ;                 ; no       ; Off          ;
; 129      ; 178        ; 8        ; RESERVED_INPUT                                            ;        ;              ;         ; Column I/O ;                 ; no       ; Off          ;
; 130      ;            ; 8        ; VCCIO8                                                    ; power  ;              ; 2.5V    ; --         ;                 ; --       ; --           ;
; 131      ;            ;          ; GND                                                       ; gnd    ;              ;         ; --         ;                 ; --       ; --           ;
; 132      ; 181        ; 8        ; RESERVED_INPUT                                            ;        ;              ;         ; Column I/O ;                 ; no       ; Off          ;
; 133      ; 182        ; 8        ; RESERVED_INPUT                                            ;        ;              ;         ; Column I/O ;                 ; no       ; Off          ;
; 134      ;            ;          ; VCCINT                                                    ; power  ;              ; 1.2V    ; --         ;                 ; --       ; --           ;
; 135      ; 185        ; 8        ; aa[0]                                                     ; output ; 2.5 V        ;         ; Column I/O ; Y               ; no       ; Off          ;
; 136      ; 187        ; 8        ; aa[1]                                                     ; output ; 2.5 V        ;         ; Column I/O ; Y               ; no       ; Off          ;
; 137      ; 190        ; 8        ; aa[2]                                                     ; output ; 2.5 V        ;         ; Column I/O ; Y               ; no       ; Off          ;
; 138      ; 191        ; 8        ; aa[3]                                                     ; output ; 2.5 V        ;         ; Column I/O ; Y               ; no       ; Off          ;
; 139      ;            ; 8        ; VCCIO8                                                    ; power  ;              ; 2.5V    ; --         ;                 ; --       ; --           ;
; 140      ;            ;          ; GND                                                       ; gnd    ;              ;         ; --         ;                 ; --       ; --           ;
; 141      ; 195        ; 8        ; aa[4]                                                     ; output ; 2.5 V        ;         ; Column I/O ; Y               ; no       ; Off          ;
; 142      ; 201        ; 8        ; aa[5]                                                     ; output ; 2.5 V        ;         ; Column I/O ; Y               ; no       ; Off          ;
; 143      ; 202        ; 8        ; aa[6]                                                     ; output ; 2.5 V        ;         ; Column I/O ; Y               ; no       ; Off          ;
; 144      ; 203        ; 8        ; aa[7]                                                     ; output ; 2.5 V        ;         ; Column I/O ; Y               ; no       ; Off          ;
; EPAD     ;            ;          ; GND                                                       ;        ;              ;         ; --         ;                 ; --       ; --           ;
+----------+------------+----------+-----------------------------------------------------------+--------+--------------+---------+------------+-----------------+----------+--------------+
Note: Pin directions (input, output or bidir) are based on device operating in user mode.


+---------------------------------------------------------------------------------------------------------------------------------------------------------------------------------------------------------------------------------------------------------------------------------------------------------------------------------------------------------------------------------------------------------------------------------------------------+
; Fitter Resource Utilization by Entity                                                                                                                                                                                                                                                                                                                                                                                                             ;
+---------------------------------------------------------------------+-------------+---------------------------+---------------+-------------+------+--------------+---------+-----------+------+--------------+--------------+-------------------+------------------+--------------------------------------------------------------------------------------------------------------------------------------------------------------+--------------+
; Compilation Hierarchy Node                                          ; Logic Cells ; Dedicated Logic Registers ; I/O Registers ; Memory Bits ; M9Ks ; DSP Elements ; DSP 9x9 ; DSP 18x18 ; Pins ; Virtual Pins ; LUT-Only LCs ; Register-Only LCs ; LUT/Register LCs ; Full Hierarchy Name                                                                                                                                          ; Library Name ;
+---------------------------------------------------------------------+-------------+---------------------------+---------------+-------------+------+--------------+---------+-----------+------+--------------+--------------+-------------------+------------------+--------------------------------------------------------------------------------------------------------------------------------------------------------------+--------------+
; |lab2                                                               ; 369 (1)     ; 224 (0)                   ; 0 (0)         ; 8192        ; 3    ; 0            ; 0       ; 0         ; 27   ; 0            ; 145 (1)      ; 35 (0)            ; 189 (3)          ; |lab2                                                                                                                                                        ; work         ;
;    |74273:inst6|                                                    ; 8 (8)       ; 8 (8)                     ; 0 (0)         ; 0           ; 0    ; 0            ; 0       ; 0         ; 0    ; 0            ; 0 (0)        ; 0 (0)             ; 8 (8)            ; |lab2|74273:inst6                                                                                                                                            ; work         ;
;    |74273:inst7|                                                    ; 8 (8)       ; 8 (8)                     ; 0 (0)         ; 0           ; 0    ; 0            ; 0       ; 0         ; 0    ; 0            ; 0 (0)        ; 8 (8)             ; 0 (0)            ; |lab2|74273:inst7                                                                                                                                            ; work         ;
;    |Select:inst10|                                                  ; 8 (8)       ; 0 (0)                     ; 0 (0)         ; 0           ; 0    ; 0            ; 0       ; 0         ; 0    ; 0            ; 0 (0)        ; 0 (0)             ; 8 (8)            ; |lab2|Select:inst10                                                                                                                                          ; work         ;
;    |lab:inst16|                                                     ; 1 (1)       ; 1 (1)                     ; 0 (0)         ; 0           ; 0    ; 0            ; 0       ; 0         ; 0    ; 0            ; 0 (0)        ; 0 (0)             ; 1 (1)            ; |lab2|lab:inst16                                                                                                                                             ; work         ;
;    |ram:inst15|                                                     ; 64 (0)      ; 34 (0)                    ; 0 (0)         ; 2048        ; 1    ; 0            ; 0       ; 0         ; 0    ; 0            ; 30 (0)       ; 4 (0)             ; 30 (0)           ; |lab2|ram:inst15                                                                                                                                             ; work         ;
;       |altsyncram:altsyncram_component|                             ; 64 (0)      ; 34 (0)                    ; 0 (0)         ; 2048        ; 1    ; 0            ; 0       ; 0         ; 0    ; 0            ; 30 (0)       ; 4 (0)             ; 30 (0)           ; |lab2|ram:inst15|altsyncram:altsyncram_component                                                                                                             ; work         ;
;          |altsyncram_oqj1:auto_generated|                           ; 64 (0)      ; 34 (0)                    ; 0 (0)         ; 2048        ; 1    ; 0            ; 0       ; 0         ; 0    ; 0            ; 30 (0)       ; 4 (0)             ; 30 (0)           ; |lab2|ram:inst15|altsyncram:altsyncram_component|altsyncram_oqj1:auto_generated                                                                              ; work         ;
;             |altsyncram_m3a2:altsyncram1|                           ; 0 (0)       ; 0 (0)                     ; 0 (0)         ; 2048        ; 1    ; 0            ; 0       ; 0         ; 0    ; 0            ; 0 (0)        ; 0 (0)             ; 0 (0)            ; |lab2|ram:inst15|altsyncram:altsyncram_component|altsyncram_oqj1:auto_generated|altsyncram_m3a2:altsyncram1                                                  ; work         ;
;             |sld_mod_ram_rom:mgl_prim2|                             ; 64 (39)     ; 34 (25)                   ; 0 (0)         ; 0           ; 0    ; 0            ; 0       ; 0         ; 0    ; 0            ; 30 (14)      ; 4 (4)             ; 30 (21)          ; |lab2|ram:inst15|altsyncram:altsyncram_component|altsyncram_oqj1:auto_generated|sld_mod_ram_rom:mgl_prim2                                                    ; work         ;
;                |sld_rom_sr:\ram_rom_logic_gen:name_gen:info_rom_sr| ; 25 (25)     ; 9 (9)                     ; 0 (0)         ; 0           ; 0    ; 0            ; 0       ; 0         ; 0    ; 0            ; 16 (16)      ; 0 (0)             ; 9 (9)            ; |lab2|ram:inst15|altsyncram:altsyncram_component|altsyncram_oqj1:auto_generated|sld_mod_ram_rom:mgl_prim2|sld_rom_sr:\ram_rom_logic_gen:name_gen:info_rom_sr ; work         ;
;    |rom1:inst2|                                                     ; 88 (0)      ; 52 (0)                    ; 0 (0)         ; 6144        ; 2    ; 0            ; 0       ; 0         ; 0    ; 0            ; 36 (0)       ; 4 (0)             ; 48 (0)           ; |lab2|rom1:inst2                                                                                                                                             ; work         ;
;       |altsyncram:altsyncram_component|                             ; 88 (0)      ; 52 (0)                    ; 0 (0)         ; 6144        ; 2    ; 0            ; 0       ; 0         ; 0    ; 0            ; 36 (0)       ; 4 (0)             ; 48 (0)           ; |lab2|rom1:inst2|altsyncram:altsyncram_component                                                                                                             ; work         ;
;          |altsyncram_qlb1:auto_generated|                           ; 88 (0)      ; 52 (0)                    ; 0 (0)         ; 6144        ; 2    ; 0            ; 0       ; 0         ; 0    ; 0            ; 36 (0)       ; 4 (0)             ; 48 (0)           ; |lab2|rom1:inst2|altsyncram:altsyncram_component|altsyncram_qlb1:auto_generated                                                                              ; work         ;
;             |altsyncram_67d2:altsyncram1|                           ; 0 (0)       ; 0 (0)                     ; 0 (0)         ; 6144        ; 2    ; 0            ; 0       ; 0         ; 0    ; 0            ; 0 (0)        ; 0 (0)             ; 0 (0)            ; |lab2|rom1:inst2|altsyncram:altsyncram_component|altsyncram_qlb1:auto_generated|altsyncram_67d2:altsyncram1                                                  ; work         ;
;             |sld_mod_ram_rom:mgl_prim2|                             ; 88 (63)     ; 52 (43)                   ; 0 (0)         ; 0           ; 0    ; 0            ; 0       ; 0         ; 0    ; 0            ; 36 (20)      ; 4 (4)             ; 48 (39)          ; |lab2|rom1:inst2|altsyncram:altsyncram_component|altsyncram_qlb1:auto_generated|sld_mod_ram_rom:mgl_prim2                                                    ; work         ;
;                |sld_rom_sr:\ram_rom_logic_gen:name_gen:info_rom_sr| ; 25 (25)     ; 9 (9)                     ; 0 (0)         ; 0           ; 0    ; 0            ; 0       ; 0         ; 0    ; 0            ; 16 (16)      ; 0 (0)             ; 9 (9)            ; |lab2|rom1:inst2|altsyncram:altsyncram_component|altsyncram_qlb1:auto_generated|sld_mod_ram_rom:mgl_prim2|sld_rom_sr:\ram_rom_logic_gen:name_gen:info_rom_sr ; work         ;
;    |sld_hub:auto_hub|                                               ; 171 (1)     ; 97 (0)                    ; 0 (0)         ; 0           ; 0    ; 0            ; 0       ; 0         ; 0    ; 0            ; 74 (1)       ; 14 (0)            ; 83 (0)           ; |lab2|sld_hub:auto_hub                                                                                                                                       ; work         ;
;       |sld_jtag_hub:\jtag_hub_gen:sld_jtag_hub_inst|                ; 170 (129)   ; 97 (69)                   ; 0 (0)         ; 0           ; 0    ; 0            ; 0       ; 0         ; 0    ; 0            ; 73 (60)      ; 14 (14)           ; 83 (58)          ; |lab2|sld_hub:auto_hub|sld_jtag_hub:\jtag_hub_gen:sld_jtag_hub_inst                                                                                          ; work         ;
;          |sld_rom_sr:hub_info_reg|                                  ; 21 (21)     ; 9 (9)                     ; 0 (0)         ; 0           ; 0    ; 0            ; 0       ; 0         ; 0    ; 0            ; 12 (12)      ; 0 (0)             ; 9 (9)            ; |lab2|sld_hub:auto_hub|sld_jtag_hub:\jtag_hub_gen:sld_jtag_hub_inst|sld_rom_sr:hub_info_reg                                                                  ; work         ;
;          |sld_shadow_jsm:shadow_jsm|                                ; 20 (20)     ; 19 (19)                   ; 0 (0)         ; 0           ; 0    ; 0            ; 0       ; 0         ; 0    ; 0            ; 1 (1)        ; 0 (0)             ; 19 (19)          ; |lab2|sld_hub:auto_hub|sld_jtag_hub:\jtag_hub_gen:sld_jtag_hub_inst|sld_shadow_jsm:shadow_jsm                                                                ; work         ;
;    |uIR:inst4|                                                      ; 8 (0)       ; 8 (0)                     ; 0 (0)         ; 0           ; 0    ; 0            ; 0       ; 0         ; 0    ; 0            ; 0 (0)        ; 5 (0)             ; 3 (0)            ; |lab2|uIR:inst4                                                                                                                                              ; work         ;
;       |74273:inst|                                                  ; 8 (8)       ; 8 (8)                     ; 0 (0)         ; 0           ; 0    ; 0            ; 0       ; 0         ; 0    ; 0            ; 0 (0)        ; 5 (5)             ; 3 (3)            ; |lab2|uIR:inst4|74273:inst                                                                                                                                   ; work         ;
;    |upc:inst5|                                                      ; 10 (0)      ; 8 (0)                     ; 0 (0)         ; 0           ; 0    ; 0            ; 0       ; 0         ; 0    ; 0            ; 2 (0)        ; 0 (0)             ; 8 (0)            ; |lab2|upc:inst5                                                                                                                                              ; work         ;
;       |74161:inst1|                                                 ; 4 (0)       ; 4 (0)                     ; 0 (0)         ; 0           ; 0    ; 0            ; 0       ; 0         ; 0    ; 0            ; 0 (0)        ; 0 (0)             ; 4 (0)            ; |lab2|upc:inst5|74161:inst1                                                                                                                                  ; work         ;
;          |f74161:sub|                                               ; 4 (4)       ; 4 (4)                     ; 0 (0)         ; 0           ; 0    ; 0            ; 0       ; 0         ; 0    ; 0            ; 0 (0)        ; 0 (0)             ; 4 (4)            ; |lab2|upc:inst5|74161:inst1|f74161:sub                                                                                                                       ; work         ;
;       |74161:inst|                                                  ; 6 (0)       ; 4 (0)                     ; 0 (0)         ; 0           ; 0    ; 0            ; 0       ; 0         ; 0    ; 0            ; 2 (0)        ; 0 (0)             ; 4 (0)            ; |lab2|upc:inst5|74161:inst                                                                                                                                   ; work         ;
;          |f74161:sub|                                               ; 6 (6)       ; 4 (4)                     ; 0 (0)         ; 0           ; 0    ; 0            ; 0       ; 0         ; 0    ; 0            ; 2 (2)        ; 0 (0)             ; 4 (4)            ; |lab2|upc:inst5|74161:inst|f74161:sub                                                                                                                        ; work         ;
;    |upc:inst|                                                       ; 10 (0)      ; 8 (0)                     ; 0 (0)         ; 0           ; 0    ; 0            ; 0       ; 0         ; 0    ; 0            ; 2 (0)        ; 0 (0)             ; 8 (0)            ; |lab2|upc:inst                                                                                                                                               ; work         ;
;       |74161:inst1|                                                 ; 4 (0)       ; 4 (0)                     ; 0 (0)         ; 0           ; 0    ; 0            ; 0       ; 0         ; 0    ; 0            ; 0 (0)        ; 0 (0)             ; 4 (0)            ; |lab2|upc:inst|74161:inst1                                                                                                                                   ; work         ;
;          |f74161:sub|                                               ; 4 (4)       ; 4 (4)                     ; 0 (0)         ; 0           ; 0    ; 0            ; 0       ; 0         ; 0    ; 0            ; 0 (0)        ; 0 (0)             ; 4 (4)            ; |lab2|upc:inst|74161:inst1|f74161:sub                                                                                                                        ; work         ;
;       |74161:inst|                                                  ; 6 (0)       ; 4 (0)                     ; 0 (0)         ; 0           ; 0    ; 0            ; 0       ; 0         ; 0    ; 0            ; 2 (0)        ; 0 (0)             ; 4 (0)            ; |lab2|upc:inst|74161:inst                                                                                                                                    ; work         ;
;          |f74161:sub|                                               ; 6 (6)       ; 4 (4)                     ; 0 (0)         ; 0           ; 0    ; 0            ; 0       ; 0         ; 0    ; 0            ; 2 (2)        ; 0 (0)             ; 4 (4)            ; |lab2|upc:inst|74161:inst|f74161:sub                                                                                                                         ; work         ;
+---------------------------------------------------------------------+-------------+---------------------------+---------------+-------------+------+--------------+---------+-----------+------+--------------+--------------+-------------------+------------------+--------------------------------------------------------------------------------------------------------------------------------------------------------------+--------------+
Note: For table entries with two numbers listed, the numbers in parentheses indicate the number of resources of the given type used by the specific entity alone. The numbers listed outside of parentheses indicate the total resources of the given type used by the specific entity and all of its sub-entities in the hierarchy.


+-----------------------------------------------------------------------------------------+
; Delay Chain Summary                                                                     ;
+---------+----------+---------------+---------------+-----------------------+-----+------+
; Name    ; Pin Type ; Pad to Core 0 ; Pad to Core 1 ; Pad to Input Register ; TCO ; TCOE ;
+---------+----------+---------------+---------------+-----------------------+-----+------+
; aa[7]   ; Output   ; --            ; --            ; --                    ; --  ; --   ;
; aa[6]   ; Output   ; --            ; --            ; --                    ; --  ; --   ;
; aa[5]   ; Output   ; --            ; --            ; --                    ; --  ; --   ;
; aa[4]   ; Output   ; --            ; --            ; --                    ; --  ; --   ;
; aa[3]   ; Output   ; --            ; --            ; --                    ; --  ; --   ;
; aa[2]   ; Output   ; --            ; --            ; --                    ; --  ; --   ;
; aa[1]   ; Output   ; --            ; --            ; --                    ; --  ; --   ;
; aa[0]   ; Output   ; --            ; --            ; --                    ; --  ; --   ;
; rr[7]   ; Output   ; --            ; --            ; --                    ; --  ; --   ;
; rr[6]   ; Output   ; --            ; --            ; --                    ; --  ; --   ;
; rr[5]   ; Output   ; --            ; --            ; --                    ; --  ; --   ;
; rr[4]   ; Output   ; --            ; --            ; --                    ; --  ; --   ;
; rr[3]   ; Output   ; --            ; --            ; --                    ; --  ; --   ;
; rr[2]   ; Output   ; --            ; --            ; --                    ; --  ; --   ;
; rr[1]   ; Output   ; --            ; --            ; --                    ; --  ; --   ;
; rr[0]   ; Output   ; --            ; --            ; --                    ; --  ; --   ;
; test[7] ; Output   ; --            ; --            ; --                    ; --  ; --   ;
; test[6] ; Output   ; --            ; --            ; --                    ; --  ; --   ;
; test[5] ; Output   ; --            ; --            ; --                    ; --  ; --   ;
; test[4] ; Output   ; --            ; --            ; --                    ; --  ; --   ;
; test[3] ; Output   ; --            ; --            ; --                    ; --  ; --   ;
; test[2] ; Output   ; --            ; --            ; --                    ; --  ; --   ;
; test[1] ; Output   ; --            ; --            ; --                    ; --  ; --   ;
; test[0] ; Output   ; --            ; --            ; --                    ; --  ; --   ;
; clk     ; Input    ; (0) 0 ps      ; (6) 1314 ps   ; --                    ; --  ; --   ;
; p       ; Input    ; (6) 1314 ps   ; --            ; --                    ; --  ; --   ;
; clr     ; Input    ; (6) 1314 ps   ; --            ; --                    ; --  ; --   ;
+---------+----------+---------------+---------------+-----------------------+-----+------+


+---------------------------------------------------------------------------------------------------------------------------------------------------------+
; Pad To Core Delay Chain Fanout                                                                                                                          ;
+---------------------------------------------------------------------------------------------------------------------------+-------------------+---------+
; Source Pin / Fanout                                                                                                       ; Pad To Core Index ; Setting ;
+---------------------------------------------------------------------------------------------------------------------------+-------------------+---------+
; clk                                                                                                                       ;                   ;         ;
;      - ram:inst15|altsyncram:altsyncram_component|altsyncram_oqj1:auto_generated|altsyncram_m3a2:altsyncram1|ram_block3a0 ; 1                 ; 6       ;
;      - lab:inst16|inst                                                                                                    ; 0                 ; 0       ;
;      - inst12                                                                                                             ; 1                 ; 6       ;
;      - inst13                                                                                                             ; 1                 ; 6       ;
; p                                                                                                                         ;                   ;         ;
;      - upc:inst5|74161:inst|f74161:sub|110                                                                                ; 0                 ; 6       ;
;      - upc:inst5|74161:inst|f74161:sub|99                                                                                 ; 0                 ; 6       ;
;      - upc:inst5|74161:inst|f74161:sub|87                                                                                 ; 0                 ; 6       ;
;      - upc:inst5|74161:inst|f74161:sub|9                                                                                  ; 0                 ; 6       ;
;      - upc:inst5|74161:inst1|f74161:sub|110                                                                               ; 0                 ; 6       ;
;      - upc:inst5|74161:inst1|f74161:sub|99                                                                                ; 0                 ; 6       ;
;      - upc:inst5|74161:inst1|f74161:sub|87                                                                                ; 0                 ; 6       ;
;      - upc:inst5|74161:inst1|f74161:sub|9                                                                                 ; 0                 ; 6       ;
; clr                                                                                                                       ;                   ;         ;
;      - upc:inst|74161:inst|f74161:sub|110                                                                                 ; 0                 ; 6       ;
;      - upc:inst|74161:inst|f74161:sub|99                                                                                  ; 0                 ; 6       ;
;      - upc:inst|74161:inst|f74161:sub|87                                                                                  ; 0                 ; 6       ;
;      - upc:inst|74161:inst|f74161:sub|9                                                                                   ; 0                 ; 6       ;
;      - upc:inst|74161:inst1|f74161:sub|110                                                                                ; 0                 ; 6       ;
;      - upc:inst|74161:inst1|f74161:sub|99                                                                                 ; 0                 ; 6       ;
;      - upc:inst|74161:inst1|f74161:sub|87                                                                                 ; 0                 ; 6       ;
;      - upc:inst|74161:inst1|f74161:sub|9                                                                                  ; 0                 ; 6       ;
+---------------------------------------------------------------------------------------------------------------------------+-------------------+---------+


+--------------------------------------------------------------------------------------------------------------------------------------------------------------------------------------------------------------------------------------------------------------------------------------------------------+
; Control Signals                                                                                                                                                                                                                                                                                        ;
+---------------------------------------------------------------------------------------------------------------------------------------------------------------------------+--------------------+---------+--------------+--------+----------------------+------------------+---------------------------+
; Name                                                                                                                                                                      ; Location           ; Fan-Out ; Usage        ; Global ; Global Resource Used ; Global Line Name ; Enable Signal Source Name ;
+---------------------------------------------------------------------------------------------------------------------------------------------------------------------------+--------------------+---------+--------------+--------+----------------------+------------------+---------------------------+
; altera_internal_jtag~TCKUTAP                                                                                                                                              ; JTAG_X1_Y12_N0     ; 186     ; Clock        ; yes    ; Global Clock         ; GCLK0            ; --                        ;
; altera_internal_jtag~TMSUTAP                                                                                                                                              ; JTAG_X1_Y12_N0     ; 21      ; Sync. clear  ; no     ; --                   ; --               ; --                        ;
; clk                                                                                                                                                                       ; PIN_52             ; 4       ; Clock        ; no     ; --                   ; --               ; --                        ;
; clr                                                                                                                                                                       ; PIN_55             ; 8       ; Async. clear ; no     ; --                   ; --               ; --                        ;
; inst11                                                                                                                                                                    ; LCCOMB_X33_Y12_N8  ; 8       ; Clock        ; yes    ; Global Clock         ; GCLK5            ; --                        ;
; inst12                                                                                                                                                                    ; LCCOMB_X33_Y12_N26 ; 8       ; Clock        ; yes    ; Global Clock         ; GCLK7            ; --                        ;
; inst13                                                                                                                                                                    ; LCCOMB_X33_Y12_N20 ; 8       ; Clock        ; yes    ; Global Clock         ; GCLK6            ; --                        ;
; lab:inst16|inst                                                                                                                                                           ; FF_X33_Y12_N23     ; 18      ; Clock        ; yes    ; Global Clock         ; GCLK8            ; --                        ;
; p                                                                                                                                                                         ; PIN_64             ; 8       ; Async. clear ; no     ; --                   ; --               ; --                        ;
; ram:inst15|altsyncram:altsyncram_component|altsyncram_oqj1:auto_generated|sld_mod_ram_rom:mgl_prim2|enable_write~0                                                        ; LCCOMB_X21_Y11_N12 ; 1       ; Write enable ; no     ; --                   ; --               ; --                        ;
; ram:inst15|altsyncram:altsyncram_component|altsyncram_oqj1:auto_generated|sld_mod_ram_rom:mgl_prim2|process_0~1                                                           ; LCCOMB_X19_Y11_N6  ; 4       ; Async. clear ; no     ; --                   ; --               ; --                        ;
; ram:inst15|altsyncram:altsyncram_component|altsyncram_oqj1:auto_generated|sld_mod_ram_rom:mgl_prim2|process_0~2                                                           ; LCCOMB_X17_Y11_N24 ; 4       ; Clock enable ; no     ; --                   ; --               ; --                        ;
; ram:inst15|altsyncram:altsyncram_component|altsyncram_oqj1:auto_generated|sld_mod_ram_rom:mgl_prim2|process_0~5                                                           ; LCCOMB_X16_Y11_N12 ; 9       ; Sync. load   ; no     ; --                   ; --               ; --                        ;
; ram:inst15|altsyncram:altsyncram_component|altsyncram_oqj1:auto_generated|sld_mod_ram_rom:mgl_prim2|ram_rom_addr_reg[4]~10                                                ; LCCOMB_X18_Y11_N28 ; 8       ; Clock enable ; no     ; --                   ; --               ; --                        ;
; ram:inst15|altsyncram:altsyncram_component|altsyncram_oqj1:auto_generated|sld_mod_ram_rom:mgl_prim2|ram_rom_data_reg[5]~1                                                 ; LCCOMB_X16_Y11_N26 ; 8       ; Clock enable ; no     ; --                   ; --               ; --                        ;
; ram:inst15|altsyncram:altsyncram_component|altsyncram_oqj1:auto_generated|sld_mod_ram_rom:mgl_prim2|sld_rom_sr:\ram_rom_logic_gen:name_gen:info_rom_sr|WORD_SR[1]~6       ; LCCOMB_X22_Y13_N16 ; 4       ; Clock enable ; no     ; --                   ; --               ; --                        ;
; ram:inst15|altsyncram:altsyncram_component|altsyncram_oqj1:auto_generated|sld_mod_ram_rom:mgl_prim2|sld_rom_sr:\ram_rom_logic_gen:name_gen:info_rom_sr|word_counter[4]~15 ; LCCOMB_X23_Y13_N26 ; 5       ; Sync. clear  ; no     ; --                   ; --               ; --                        ;
; ram:inst15|altsyncram:altsyncram_component|altsyncram_oqj1:auto_generated|sld_mod_ram_rom:mgl_prim2|sld_rom_sr:\ram_rom_logic_gen:name_gen:info_rom_sr|word_counter[4]~16 ; LCCOMB_X22_Y13_N22 ; 5       ; Clock enable ; no     ; --                   ; --               ; --                        ;
; rom1:inst2|altsyncram:altsyncram_component|altsyncram_qlb1:auto_generated|sld_mod_ram_rom:mgl_prim2|enable_write~0                                                        ; LCCOMB_X24_Y13_N24 ; 2       ; Write enable ; no     ; --                   ; --               ; --                        ;
; rom1:inst2|altsyncram:altsyncram_component|altsyncram_qlb1:auto_generated|sld_mod_ram_rom:mgl_prim2|process_0~0                                                           ; LCCOMB_X24_Y13_N0  ; 4       ; Async. clear ; no     ; --                   ; --               ; --                        ;
; rom1:inst2|altsyncram:altsyncram_component|altsyncram_qlb1:auto_generated|sld_mod_ram_rom:mgl_prim2|process_0~1                                                           ; LCCOMB_X24_Y13_N18 ; 4       ; Clock enable ; no     ; --                   ; --               ; --                        ;
; rom1:inst2|altsyncram:altsyncram_component|altsyncram_qlb1:auto_generated|sld_mod_ram_rom:mgl_prim2|process_0~3                                                           ; LCCOMB_X24_Y13_N2  ; 9       ; Sync. load   ; no     ; --                   ; --               ; --                        ;
; rom1:inst2|altsyncram:altsyncram_component|altsyncram_qlb1:auto_generated|sld_mod_ram_rom:mgl_prim2|ram_rom_addr_reg[5]~11                                                ; LCCOMB_X24_Y16_N24 ; 8       ; Clock enable ; no     ; --                   ; --               ; --                        ;
; rom1:inst2|altsyncram:altsyncram_component|altsyncram_qlb1:auto_generated|sld_mod_ram_rom:mgl_prim2|ram_rom_data_reg[10]~1                                                ; LCCOMB_X28_Y16_N8  ; 24      ; Clock enable ; no     ; --                   ; --               ; --                        ;
; rom1:inst2|altsyncram:altsyncram_component|altsyncram_qlb1:auto_generated|sld_mod_ram_rom:mgl_prim2|sld_rom_sr:\ram_rom_logic_gen:name_gen:info_rom_sr|WORD_SR[0]~7       ; LCCOMB_X25_Y13_N6  ; 4       ; Clock enable ; no     ; --                   ; --               ; --                        ;
; rom1:inst2|altsyncram:altsyncram_component|altsyncram_qlb1:auto_generated|sld_mod_ram_rom:mgl_prim2|sld_rom_sr:\ram_rom_logic_gen:name_gen:info_rom_sr|word_counter[0]~12 ; LCCOMB_X25_Y13_N10 ; 5       ; Clock enable ; no     ; --                   ; --               ; --                        ;
; rom1:inst2|altsyncram:altsyncram_component|altsyncram_qlb1:auto_generated|sld_mod_ram_rom:mgl_prim2|sld_rom_sr:\ram_rom_logic_gen:name_gen:info_rom_sr|word_counter[0]~19 ; LCCOMB_X25_Y13_N30 ; 5       ; Sync. clear  ; no     ; --                   ; --               ; --                        ;
; sld_hub:auto_hub|sld_jtag_hub:\jtag_hub_gen:sld_jtag_hub_inst|clr_reg                                                                                                     ; FF_X21_Y12_N21     ; 36      ; Async. clear ; no     ; --                   ; --               ; --                        ;
; sld_hub:auto_hub|sld_jtag_hub:\jtag_hub_gen:sld_jtag_hub_inst|design_hash_proc~0                                                                                          ; LCCOMB_X22_Y12_N20 ; 4       ; Sync. load   ; no     ; --                   ; --               ; --                        ;
; sld_hub:auto_hub|sld_jtag_hub:\jtag_hub_gen:sld_jtag_hub_inst|hub_info_reg_ena                                                                                            ; LCCOMB_X24_Y13_N28 ; 4       ; Clock enable ; no     ; --                   ; --               ; --                        ;
; sld_hub:auto_hub|sld_jtag_hub:\jtag_hub_gen:sld_jtag_hub_inst|hub_info_reg_ena~0                                                                                          ; LCCOMB_X17_Y12_N2  ; 6       ; Clock enable ; no     ; --                   ; --               ; --                        ;
; sld_hub:auto_hub|sld_jtag_hub:\jtag_hub_gen:sld_jtag_hub_inst|identity_contrib_shift_reg[0]~2                                                                             ; LCCOMB_X19_Y12_N24 ; 4       ; Clock enable ; no     ; --                   ; --               ; --                        ;
; sld_hub:auto_hub|sld_jtag_hub:\jtag_hub_gen:sld_jtag_hub_inst|identity_contrib_update_reg[0]~0                                                                            ; LCCOMB_X19_Y12_N6  ; 4       ; Clock enable ; no     ; --                   ; --               ; --                        ;
; sld_hub:auto_hub|sld_jtag_hub:\jtag_hub_gen:sld_jtag_hub_inst|irf_reg[1][0]                                                                                               ; FF_X19_Y11_N1      ; 13      ; Async. clear ; no     ; --                   ; --               ; --                        ;
; sld_hub:auto_hub|sld_jtag_hub:\jtag_hub_gen:sld_jtag_hub_inst|irf_reg[1][0]~5                                                                                             ; LCCOMB_X22_Y11_N4  ; 5       ; Clock enable ; no     ; --                   ; --               ; --                        ;
; sld_hub:auto_hub|sld_jtag_hub:\jtag_hub_gen:sld_jtag_hub_inst|irf_reg[1][3]                                                                                               ; FF_X19_Y11_N15     ; 15      ; Async. clear ; no     ; --                   ; --               ; --                        ;
; sld_hub:auto_hub|sld_jtag_hub:\jtag_hub_gen:sld_jtag_hub_inst|irf_reg[2][0]                                                                                               ; FF_X24_Y12_N1      ; 12      ; Async. clear ; no     ; --                   ; --               ; --                        ;
; sld_hub:auto_hub|sld_jtag_hub:\jtag_hub_gen:sld_jtag_hub_inst|irf_reg[2][0]~12                                                                                            ; LCCOMB_X22_Y11_N16 ; 5       ; Clock enable ; no     ; --                   ; --               ; --                        ;
; sld_hub:auto_hub|sld_jtag_hub:\jtag_hub_gen:sld_jtag_hub_inst|irf_reg[2][3]                                                                                               ; FF_X24_Y12_N23     ; 9       ; Async. clear ; no     ; --                   ; --               ; --                        ;
; sld_hub:auto_hub|sld_jtag_hub:\jtag_hub_gen:sld_jtag_hub_inst|irsr_reg[2]~3                                                                                               ; LCCOMB_X18_Y12_N0  ; 5       ; Clock enable ; no     ; --                   ; --               ; --                        ;
; sld_hub:auto_hub|sld_jtag_hub:\jtag_hub_gen:sld_jtag_hub_inst|mixer_addr_reg[0]~11                                                                                        ; LCCOMB_X22_Y12_N0  ; 5       ; Sync. load   ; no     ; --                   ; --               ; --                        ;
; sld_hub:auto_hub|sld_jtag_hub:\jtag_hub_gen:sld_jtag_hub_inst|mixer_addr_reg[0]~12                                                                                        ; LCCOMB_X24_Y13_N6  ; 5       ; Clock enable ; no     ; --                   ; --               ; --                        ;
; sld_hub:auto_hub|sld_jtag_hub:\jtag_hub_gen:sld_jtag_hub_inst|node_ena~3                                                                                                  ; LCCOMB_X21_Y11_N26 ; 2       ; Clock enable ; no     ; --                   ; --               ; --                        ;
; sld_hub:auto_hub|sld_jtag_hub:\jtag_hub_gen:sld_jtag_hub_inst|shadow_irf_reg[1][0]~2                                                                                      ; LCCOMB_X22_Y11_N20 ; 5       ; Clock enable ; no     ; --                   ; --               ; --                        ;
; sld_hub:auto_hub|sld_jtag_hub:\jtag_hub_gen:sld_jtag_hub_inst|shadow_irf_reg[2][0]~9                                                                                      ; LCCOMB_X24_Y12_N4  ; 5       ; Clock enable ; no     ; --                   ; --               ; --                        ;
; sld_hub:auto_hub|sld_jtag_hub:\jtag_hub_gen:sld_jtag_hub_inst|sld_rom_sr:hub_info_reg|WORD_SR[0]~16                                                                       ; LCCOMB_X19_Y12_N2  ; 4       ; Clock enable ; no     ; --                   ; --               ; --                        ;
; sld_hub:auto_hub|sld_jtag_hub:\jtag_hub_gen:sld_jtag_hub_inst|sld_rom_sr:hub_info_reg|word_counter[4]~22                                                                  ; LCCOMB_X16_Y12_N6  ; 5       ; Sync. clear  ; no     ; --                   ; --               ; --                        ;
; sld_hub:auto_hub|sld_jtag_hub:\jtag_hub_gen:sld_jtag_hub_inst|sld_rom_sr:hub_info_reg|word_counter[4]~23                                                                  ; LCCOMB_X19_Y12_N28 ; 5       ; Clock enable ; no     ; --                   ; --               ; --                        ;
; sld_hub:auto_hub|sld_jtag_hub:\jtag_hub_gen:sld_jtag_hub_inst|sld_shadow_jsm:shadow_jsm|state[0]                                                                          ; FF_X21_Y13_N25     ; 15      ; Async. clear ; no     ; --                   ; --               ; --                        ;
; sld_hub:auto_hub|sld_jtag_hub:\jtag_hub_gen:sld_jtag_hub_inst|sld_shadow_jsm:shadow_jsm|state[11]                                                                         ; FF_X21_Y13_N29     ; 12      ; Clock enable ; no     ; --                   ; --               ; --                        ;
; sld_hub:auto_hub|sld_jtag_hub:\jtag_hub_gen:sld_jtag_hub_inst|sld_shadow_jsm:shadow_jsm|state[3]                                                                          ; FF_X21_Y13_N5      ; 40      ; Sync. load   ; no     ; --                   ; --               ; --                        ;
; sld_hub:auto_hub|sld_jtag_hub:\jtag_hub_gen:sld_jtag_hub_inst|sld_shadow_jsm:shadow_jsm|state[8]                                                                          ; FF_X21_Y13_N9      ; 18      ; Async. clear ; no     ; --                   ; --               ; --                        ;
; sld_hub:auto_hub|sld_jtag_hub:\jtag_hub_gen:sld_jtag_hub_inst|virtual_ir_dr_scan_proc~0                                                                                   ; LCCOMB_X21_Y13_N26 ; 3       ; Clock enable ; no     ; --                   ; --               ; --                        ;
; sld_hub:auto_hub|sld_jtag_hub:\jtag_hub_gen:sld_jtag_hub_inst|virtual_ir_scan_reg                                                                                         ; FF_X19_Y13_N9      ; 35      ; Async. clear ; no     ; --                   ; --               ; --                        ;
; uIR:inst4|74273:inst|18                                                                                                                                                   ; FF_X19_Y20_N15     ; 2       ; Write enable ; no     ; --                   ; --               ; --                        ;
+---------------------------------------------------------------------------------------------------------------------------------------------------------------------------+--------------------+---------+--------------+--------+----------------------+------------------+---------------------------+


+--------------------------------------------------------------------------------------------------------------------------------------------------------------------------+
; Global & Other Fast Signals                                                                                                                                              ;
+------------------------------+--------------------+---------+--------------------------------------+----------------------+------------------+---------------------------+
; Name                         ; Location           ; Fan-Out ; Fan-Out Using Intentional Clock Skew ; Global Resource Used ; Global Line Name ; Enable Signal Source Name ;
+------------------------------+--------------------+---------+--------------------------------------+----------------------+------------------+---------------------------+
; altera_internal_jtag~TCKUTAP ; JTAG_X1_Y12_N0     ; 186     ; 0                                    ; Global Clock         ; GCLK0            ; --                        ;
; inst11                       ; LCCOMB_X33_Y12_N8  ; 8       ; 0                                    ; Global Clock         ; GCLK5            ; --                        ;
; inst12                       ; LCCOMB_X33_Y12_N26 ; 8       ; 0                                    ; Global Clock         ; GCLK7            ; --                        ;
; inst13                       ; LCCOMB_X33_Y12_N20 ; 8       ; 0                                    ; Global Clock         ; GCLK6            ; --                        ;
; lab:inst16|inst              ; FF_X33_Y12_N23     ; 18      ; 0                                    ; Global Clock         ; GCLK8            ; --                        ;
+------------------------------+--------------------+---------+--------------------------------------+----------------------+------------------+---------------------------+


+-------------------------------------------------------------------------------------------------------------------------------------------------------------------------------------+
; Non-Global High Fan-Out Signals                                                                                                                                                     ;
+---------------------------------------------------------------------------------------------------------------------------------------------------------------------------+---------+
; Name                                                                                                                                                                      ; Fan-Out ;
+---------------------------------------------------------------------------------------------------------------------------------------------------------------------------+---------+
; sld_hub:auto_hub|sld_jtag_hub:\jtag_hub_gen:sld_jtag_hub_inst|sld_shadow_jsm:shadow_jsm|state[3]                                                                          ; 40      ;
; sld_hub:auto_hub|sld_jtag_hub:\jtag_hub_gen:sld_jtag_hub_inst|sld_shadow_jsm:shadow_jsm|state[4]                                                                          ; 40      ;
; sld_hub:auto_hub|sld_jtag_hub:\jtag_hub_gen:sld_jtag_hub_inst|clr_reg                                                                                                     ; 36      ;
; sld_hub:auto_hub|sld_jtag_hub:\jtag_hub_gen:sld_jtag_hub_inst|virtual_ir_scan_reg                                                                                         ; 35      ;
; rom1:inst2|altsyncram:altsyncram_component|altsyncram_qlb1:auto_generated|sld_mod_ram_rom:mgl_prim2|process_0~2                                                           ; 25      ;
; rom1:inst2|altsyncram:altsyncram_component|altsyncram_qlb1:auto_generated|sld_mod_ram_rom:mgl_prim2|ram_rom_data_reg[10]~1                                                ; 24      ;
; sld_hub:auto_hub|sld_jtag_hub:\jtag_hub_gen:sld_jtag_hub_inst|hub_mode_reg[1]                                                                                             ; 23      ;
; altera_internal_jtag~TMSUTAP                                                                                                                                              ; 21      ;
; sld_hub:auto_hub|sld_jtag_hub:\jtag_hub_gen:sld_jtag_hub_inst|sld_shadow_jsm:shadow_jsm|state[8]                                                                          ; 18      ;
; altera_internal_jtag~TDIUTAP                                                                                                                                              ; 17      ;
; sld_hub:auto_hub|sld_jtag_hub:\jtag_hub_gen:sld_jtag_hub_inst|sld_shadow_jsm:shadow_jsm|state[0]                                                                          ; 15      ;
; sld_hub:auto_hub|sld_jtag_hub:\jtag_hub_gen:sld_jtag_hub_inst|irf_reg[1][3]                                                                                               ; 15      ;
; sld_hub:auto_hub|sld_jtag_hub:\jtag_hub_gen:sld_jtag_hub_inst|irsr_reg[1]                                                                                                 ; 14      ;
; sld_hub:auto_hub|sld_jtag_hub:\jtag_hub_gen:sld_jtag_hub_inst|irsr_reg[0]                                                                                                 ; 14      ;
; sld_hub:auto_hub|sld_jtag_hub:\jtag_hub_gen:sld_jtag_hub_inst|irf_reg[1][0]                                                                                               ; 13      ;
; sld_hub:auto_hub|sld_jtag_hub:\jtag_hub_gen:sld_jtag_hub_inst|irsr_reg[2]                                                                                                 ; 13      ;
; sld_hub:auto_hub|sld_jtag_hub:\jtag_hub_gen:sld_jtag_hub_inst|irsr_reg[6]                                                                                                 ; 12      ;
; sld_hub:auto_hub|sld_jtag_hub:\jtag_hub_gen:sld_jtag_hub_inst|irf_reg[2][0]                                                                                               ; 12      ;
; sld_hub:auto_hub|sld_jtag_hub:\jtag_hub_gen:sld_jtag_hub_inst|sld_shadow_jsm:shadow_jsm|state[11]                                                                         ; 12      ;
; sld_hub:auto_hub|sld_jtag_hub:\jtag_hub_gen:sld_jtag_hub_inst|mixer_addr_reg[3]                                                                                           ; 10      ;
; sld_hub:auto_hub|sld_jtag_hub:\jtag_hub_gen:sld_jtag_hub_inst|mixer_addr_reg[2]                                                                                           ; 10      ;
; sld_hub:auto_hub|sld_jtag_hub:\jtag_hub_gen:sld_jtag_hub_inst|irsr_reg[5]                                                                                                 ; 9       ;
; sld_hub:auto_hub|sld_jtag_hub:\jtag_hub_gen:sld_jtag_hub_inst|irf_reg[2][3]                                                                                               ; 9       ;
; rom1:inst2|altsyncram:altsyncram_component|altsyncram_qlb1:auto_generated|sld_mod_ram_rom:mgl_prim2|process_0~3                                                           ; 9       ;
; ram:inst15|altsyncram:altsyncram_component|altsyncram_oqj1:auto_generated|sld_mod_ram_rom:mgl_prim2|process_0~5                                                           ; 9       ;
; ram:inst15|altsyncram:altsyncram_component|altsyncram_oqj1:auto_generated|sld_mod_ram_rom:mgl_prim2|process_0~3                                                           ; 9       ;
; uIR:inst4|74273:inst|14                                                                                                                                                   ; 9       ;
; uIR:inst4|74273:inst|13                                                                                                                                                   ; 9       ;
; clr~input                                                                                                                                                                 ; 8       ;
; p~input                                                                                                                                                                   ; 8       ;
; sld_hub:auto_hub|sld_jtag_hub:\jtag_hub_gen:sld_jtag_hub_inst|sld_rom_sr:hub_info_reg|clear_signal                                                                        ; 8       ;
; sld_hub:auto_hub|sld_jtag_hub:\jtag_hub_gen:sld_jtag_hub_inst|irsr_reg[4]                                                                                                 ; 8       ;
; sld_hub:auto_hub|sld_jtag_hub:\jtag_hub_gen:sld_jtag_hub_inst|mixer_addr_reg[4]                                                                                           ; 8       ;
; sld_hub:auto_hub|sld_jtag_hub:\jtag_hub_gen:sld_jtag_hub_inst|mixer_addr_reg[0]                                                                                           ; 8       ;
; rom1:inst2|altsyncram:altsyncram_component|altsyncram_qlb1:auto_generated|sld_mod_ram_rom:mgl_prim2|ram_rom_addr_reg[5]~11                                                ; 8       ;
; ram:inst15|altsyncram:altsyncram_component|altsyncram_oqj1:auto_generated|sld_mod_ram_rom:mgl_prim2|ram_rom_addr_reg[4]~10                                                ; 8       ;
; ram:inst15|altsyncram:altsyncram_component|altsyncram_oqj1:auto_generated|sld_mod_ram_rom:mgl_prim2|ram_rom_data_reg[5]~1                                                 ; 8       ;
; rom1:inst2|altsyncram:altsyncram_component|altsyncram_qlb1:auto_generated|sld_mod_ram_rom:mgl_prim2|sld_rom_sr:\ram_rom_logic_gen:name_gen:info_rom_sr|word_counter[3]    ; 8       ;
; rom1:inst2|altsyncram:altsyncram_component|altsyncram_qlb1:auto_generated|sld_mod_ram_rom:mgl_prim2|sld_rom_sr:\ram_rom_logic_gen:name_gen:info_rom_sr|word_counter[2]    ; 8       ;
; rom1:inst2|altsyncram:altsyncram_component|altsyncram_qlb1:auto_generated|sld_mod_ram_rom:mgl_prim2|sld_rom_sr:\ram_rom_logic_gen:name_gen:info_rom_sr|word_counter[0]    ; 8       ;
; ram:inst15|altsyncram:altsyncram_component|altsyncram_oqj1:auto_generated|sld_mod_ram_rom:mgl_prim2|sld_rom_sr:\ram_rom_logic_gen:name_gen:info_rom_sr|word_counter[4]    ; 8       ;
; sld_hub:auto_hub|sld_jtag_hub:\jtag_hub_gen:sld_jtag_hub_inst|virtual_dr_scan_reg                                                                                         ; 7       ;
; sld_hub:auto_hub|sld_jtag_hub:\jtag_hub_gen:sld_jtag_hub_inst|sld_shadow_jsm:shadow_jsm|state[5]                                                                          ; 7       ;
; sld_hub:auto_hub|sld_jtag_hub:\jtag_hub_gen:sld_jtag_hub_inst|node_ena[1]~reg0                                                                                            ; 7       ;
; sld_hub:auto_hub|sld_jtag_hub:\jtag_hub_gen:sld_jtag_hub_inst|mixer_addr_reg[1]                                                                                           ; 7       ;
; upc:inst|74161:inst1|f74161:sub|9                                                                                                                                         ; 7       ;
; rom1:inst2|altsyncram:altsyncram_component|altsyncram_qlb1:auto_generated|sld_mod_ram_rom:mgl_prim2|sld_rom_sr:\ram_rom_logic_gen:name_gen:info_rom_sr|word_counter[4]    ; 7       ;
; rom1:inst2|altsyncram:altsyncram_component|altsyncram_qlb1:auto_generated|sld_mod_ram_rom:mgl_prim2|sld_rom_sr:\ram_rom_logic_gen:name_gen:info_rom_sr|word_counter[1]    ; 7       ;
; ram:inst15|altsyncram:altsyncram_component|altsyncram_oqj1:auto_generated|sld_mod_ram_rom:mgl_prim2|sld_rom_sr:\ram_rom_logic_gen:name_gen:info_rom_sr|word_counter[1]    ; 7       ;
; ram:inst15|altsyncram:altsyncram_component|altsyncram_oqj1:auto_generated|sld_mod_ram_rom:mgl_prim2|sld_rom_sr:\ram_rom_logic_gen:name_gen:info_rom_sr|word_counter[2]    ; 7       ;
; ram:inst15|altsyncram:altsyncram_component|altsyncram_oqj1:auto_generated|sld_mod_ram_rom:mgl_prim2|sld_rom_sr:\ram_rom_logic_gen:name_gen:info_rom_sr|word_counter[0]    ; 7       ;
; sld_hub:auto_hub|sld_jtag_hub:\jtag_hub_gen:sld_jtag_hub_inst|node_ena_proc~1                                                                                             ; 6       ;
; sld_hub:auto_hub|sld_jtag_hub:\jtag_hub_gen:sld_jtag_hub_inst|hub_info_reg_ena~0                                                                                          ; 6       ;
; sld_hub:auto_hub|sld_jtag_hub:\jtag_hub_gen:sld_jtag_hub_inst|sld_rom_sr:hub_info_reg|word_counter[2]                                                                     ; 6       ;
; sld_hub:auto_hub|sld_jtag_hub:\jtag_hub_gen:sld_jtag_hub_inst|sld_rom_sr:hub_info_reg|word_counter[1]                                                                     ; 6       ;
; sld_hub:auto_hub|sld_jtag_hub:\jtag_hub_gen:sld_jtag_hub_inst|irsr_reg[3]                                                                                                 ; 6       ;
; upc:inst|74161:inst|f74161:sub|9                                                                                                                                          ; 6       ;
; upc:inst|74161:inst1|f74161:sub|87                                                                                                                                        ; 6       ;
; rom1:inst2|altsyncram:altsyncram_component|altsyncram_qlb1:auto_generated|sld_mod_ram_rom:mgl_prim2|ram_rom_data_shift_cntr_reg[1]                                        ; 6       ;
; upc:inst5|74161:inst1|f74161:sub|9                                                                                                                                        ; 6       ;
; sld_hub:auto_hub|sld_jtag_hub:\jtag_hub_gen:sld_jtag_hub_inst|sld_rom_sr:hub_info_reg|word_counter[4]~23                                                                  ; 5       ;
; sld_hub:auto_hub|sld_jtag_hub:\jtag_hub_gen:sld_jtag_hub_inst|sld_rom_sr:hub_info_reg|word_counter[4]~22                                                                  ; 5       ;
; sld_hub:auto_hub|sld_jtag_hub:\jtag_hub_gen:sld_jtag_hub_inst|mixer_addr_reg[0]~12                                                                                        ; 5       ;
; sld_hub:auto_hub|sld_jtag_hub:\jtag_hub_gen:sld_jtag_hub_inst|mixer_addr_reg[0]~11                                                                                        ; 5       ;
; sld_hub:auto_hub|sld_jtag_hub:\jtag_hub_gen:sld_jtag_hub_inst|shadow_irf_reg[2][0]~9                                                                                      ; 5       ;
; sld_hub:auto_hub|sld_jtag_hub:\jtag_hub_gen:sld_jtag_hub_inst|shadow_irf_reg[1][0]~2                                                                                      ; 5       ;
; sld_hub:auto_hub|sld_jtag_hub:\jtag_hub_gen:sld_jtag_hub_inst|irsr_reg[2]~3                                                                                               ; 5       ;
; sld_hub:auto_hub|sld_jtag_hub:\jtag_hub_gen:sld_jtag_hub_inst|irsr_reg[3]~0                                                                                               ; 5       ;
; sld_hub:auto_hub|sld_jtag_hub:\jtag_hub_gen:sld_jtag_hub_inst|irf_reg[2][0]~12                                                                                            ; 5       ;
; sld_hub:auto_hub|sld_jtag_hub:\jtag_hub_gen:sld_jtag_hub_inst|irf_reg[1][0]~5                                                                                             ; 5       ;
; sld_hub:auto_hub|sld_jtag_hub:\jtag_hub_gen:sld_jtag_hub_inst|irf_proc~0                                                                                                  ; 5       ;
; sld_hub:auto_hub|sld_jtag_hub:\jtag_hub_gen:sld_jtag_hub_inst|Equal11~0                                                                                                   ; 5       ;
; sld_hub:auto_hub|sld_jtag_hub:\jtag_hub_gen:sld_jtag_hub_inst|node_ena[2]~reg0                                                                                            ; 5       ;
; sld_hub:auto_hub|sld_jtag_hub:\jtag_hub_gen:sld_jtag_hub_inst|irf_reg[2][2]                                                                                               ; 5       ;
; sld_hub:auto_hub|sld_jtag_hub:\jtag_hub_gen:sld_jtag_hub_inst|irf_reg[2][1]                                                                                               ; 5       ;
; sld_hub:auto_hub|sld_jtag_hub:\jtag_hub_gen:sld_jtag_hub_inst|sld_rom_sr:hub_info_reg|word_counter[3]                                                                     ; 5       ;
; sld_hub:auto_hub|sld_jtag_hub:\jtag_hub_gen:sld_jtag_hub_inst|sld_rom_sr:hub_info_reg|word_counter[0]                                                                     ; 5       ;
; rom1:inst2|altsyncram:altsyncram_component|altsyncram_qlb1:auto_generated|sld_mod_ram_rom:mgl_prim2|sld_rom_sr:\ram_rom_logic_gen:name_gen:info_rom_sr|word_counter[0]~19 ; 5       ;
; rom1:inst2|altsyncram:altsyncram_component|altsyncram_qlb1:auto_generated|sld_mod_ram_rom:mgl_prim2|sld_rom_sr:\ram_rom_logic_gen:name_gen:info_rom_sr|word_counter[0]~12 ; 5       ;
; ram:inst15|altsyncram:altsyncram_component|altsyncram_oqj1:auto_generated|sld_mod_ram_rom:mgl_prim2|sld_rom_sr:\ram_rom_logic_gen:name_gen:info_rom_sr|word_counter[4]~16 ; 5       ;
; ram:inst15|altsyncram:altsyncram_component|altsyncram_oqj1:auto_generated|sld_mod_ram_rom:mgl_prim2|sld_rom_sr:\ram_rom_logic_gen:name_gen:info_rom_sr|word_counter[4]~15 ; 5       ;
; upc:inst|74161:inst|f74161:sub|87                                                                                                                                         ; 5       ;
; upc:inst|74161:inst1|f74161:sub|99                                                                                                                                        ; 5       ;
; rom1:inst2|altsyncram:altsyncram_component|altsyncram_qlb1:auto_generated|sld_mod_ram_rom:mgl_prim2|Equal1~0                                                              ; 5       ;
; rom1:inst2|altsyncram:altsyncram_component|altsyncram_qlb1:auto_generated|sld_mod_ram_rom:mgl_prim2|sld_rom_sr:\ram_rom_logic_gen:name_gen:info_rom_sr|clear_signal       ; 5       ;
; ram:inst15|altsyncram:altsyncram_component|altsyncram_oqj1:auto_generated|sld_mod_ram_rom:mgl_prim2|ram_rom_data_shift_cntr_reg[0]                                        ; 5       ;
; ram:inst15|altsyncram:altsyncram_component|altsyncram_oqj1:auto_generated|sld_mod_ram_rom:mgl_prim2|ram_rom_data_shift_cntr_reg[2]                                        ; 5       ;
; ram:inst15|altsyncram:altsyncram_component|altsyncram_oqj1:auto_generated|sld_mod_ram_rom:mgl_prim2|ram_rom_data_shift_cntr_reg[1]                                        ; 5       ;
; ram:inst15|altsyncram:altsyncram_component|altsyncram_oqj1:auto_generated|sld_mod_ram_rom:mgl_prim2|sld_rom_sr:\ram_rom_logic_gen:name_gen:info_rom_sr|clear_signal       ; 5       ;
; upc:inst5|74161:inst|f74161:sub|9                                                                                                                                         ; 5       ;
; upc:inst5|74161:inst1|f74161:sub|87                                                                                                                                       ; 5       ;
; rom1:inst2|altsyncram:altsyncram_component|altsyncram_qlb1:auto_generated|sld_mod_ram_rom:mgl_prim2|ram_rom_addr_reg[3]                                                   ; 5       ;
; rom1:inst2|altsyncram:altsyncram_component|altsyncram_qlb1:auto_generated|sld_mod_ram_rom:mgl_prim2|ram_rom_addr_reg[2]                                                   ; 5       ;
; rom1:inst2|altsyncram:altsyncram_component|altsyncram_qlb1:auto_generated|sld_mod_ram_rom:mgl_prim2|ram_rom_addr_reg[1]                                                   ; 5       ;
; ram:inst15|altsyncram:altsyncram_component|altsyncram_oqj1:auto_generated|sld_mod_ram_rom:mgl_prim2|sld_rom_sr:\ram_rom_logic_gen:name_gen:info_rom_sr|word_counter[3]    ; 5       ;
; clk~input                                                                                                                                                                 ; 4       ;
; sld_hub:auto_hub|sld_jtag_hub:\jtag_hub_gen:sld_jtag_hub_inst|sld_rom_sr:hub_info_reg|WORD_SR[0]~16                                                                       ; 4       ;
; sld_hub:auto_hub|sld_jtag_hub:\jtag_hub_gen:sld_jtag_hub_inst|identity_contrib_shift_reg[0]~2                                                                             ; 4       ;
; sld_hub:auto_hub|sld_jtag_hub:\jtag_hub_gen:sld_jtag_hub_inst|identity_contrib_update_reg[0]~0                                                                            ; 4       ;
; sld_hub:auto_hub|sld_jtag_hub:\jtag_hub_gen:sld_jtag_hub_inst|hub_info_reg_ena                                                                                            ; 4       ;
; sld_hub:auto_hub|sld_jtag_hub:\jtag_hub_gen:sld_jtag_hub_inst|design_hash_proc~0                                                                                          ; 4       ;
; sld_hub:auto_hub|sld_jtag_hub:\jtag_hub_gen:sld_jtag_hub_inst|design_hash_reg[1]~9                                                                                        ; 4       ;
; sld_hub:auto_hub|sld_jtag_hub:\jtag_hub_gen:sld_jtag_hub_inst|node_ena_proc~0                                                                                             ; 4       ;
; sld_hub:auto_hub|sld_jtag_hub:\jtag_hub_gen:sld_jtag_hub_inst|sld_shadow_jsm:shadow_jsm|state[15]                                                                         ; 4       ;
; sld_hub:auto_hub|sld_jtag_hub:\jtag_hub_gen:sld_jtag_hub_inst|irf_reg[1][2]                                                                                               ; 4       ;
; sld_hub:auto_hub|sld_jtag_hub:\jtag_hub_gen:sld_jtag_hub_inst|irf_reg[1][1]                                                                                               ; 4       ;
; sld_hub:auto_hub|sld_jtag_hub:\jtag_hub_gen:sld_jtag_hub_inst|sld_rom_sr:hub_info_reg|word_counter[4]                                                                     ; 4       ;
; upc:inst|74161:inst|f74161:sub|89~0                                                                                                                                       ; 4       ;
; rom1:inst2|altsyncram:altsyncram_component|altsyncram_qlb1:auto_generated|sld_mod_ram_rom:mgl_prim2|ram_rom_data_shift_cntr_reg[4]~3                                      ; 4       ;
; rom1:inst2|altsyncram:altsyncram_component|altsyncram_qlb1:auto_generated|sld_mod_ram_rom:mgl_prim2|ram_rom_data_shift_cntr_reg[0]~2                                      ; 4       ;
; upc:inst|74161:inst|f74161:sub|99                                                                                                                                         ; 4       ;
; upc:inst|74161:inst1|f74161:sub|110                                                                                                                                       ; 4       ;
; upc:inst5|74161:inst|f74161:sub|89~0                                                                                                                                      ; 4       ;
; rom1:inst2|altsyncram:altsyncram_component|altsyncram_qlb1:auto_generated|sld_mod_ram_rom:mgl_prim2|ram_rom_data_shift_cntr_reg[4]~0                                      ; 4       ;
; rom1:inst2|altsyncram:altsyncram_component|altsyncram_qlb1:auto_generated|sld_mod_ram_rom:mgl_prim2|sld_rom_sr:\ram_rom_logic_gen:name_gen:info_rom_sr|WORD_SR[0]~7       ; 4       ;
; rom1:inst2|altsyncram:altsyncram_component|altsyncram_qlb1:auto_generated|sld_mod_ram_rom:mgl_prim2|sdr~0                                                                 ; 4       ;
; rom1:inst2|altsyncram:altsyncram_component|altsyncram_qlb1:auto_generated|sld_mod_ram_rom:mgl_prim2|process_0~1                                                           ; 4       ;
; rom1:inst2|altsyncram:altsyncram_component|altsyncram_qlb1:auto_generated|sld_mod_ram_rom:mgl_prim2|process_0~0                                                           ; 4       ;
; ram:inst15|altsyncram:altsyncram_component|altsyncram_oqj1:auto_generated|sld_mod_ram_rom:mgl_prim2|process_0~4                                                           ; 4       ;
; ram:inst15|altsyncram:altsyncram_component|altsyncram_oqj1:auto_generated|sld_mod_ram_rom:mgl_prim2|sld_rom_sr:\ram_rom_logic_gen:name_gen:info_rom_sr|WORD_SR[1]~6       ; 4       ;
; ram:inst15|altsyncram:altsyncram_component|altsyncram_oqj1:auto_generated|sld_mod_ram_rom:mgl_prim2|process_0~2                                                           ; 4       ;
; ram:inst15|altsyncram:altsyncram_component|altsyncram_oqj1:auto_generated|sld_mod_ram_rom:mgl_prim2|process_0~1                                                           ; 4       ;
; upc:inst5|74161:inst|f74161:sub|87                                                                                                                                        ; 4       ;
; upc:inst5|74161:inst1|f74161:sub|99                                                                                                                                       ; 4       ;
; rom1:inst2|altsyncram:altsyncram_component|altsyncram_qlb1:auto_generated|sld_mod_ram_rom:mgl_prim2|ram_rom_addr_reg[7]                                                   ; 4       ;
; rom1:inst2|altsyncram:altsyncram_component|altsyncram_qlb1:auto_generated|sld_mod_ram_rom:mgl_prim2|ram_rom_addr_reg[6]                                                   ; 4       ;
; rom1:inst2|altsyncram:altsyncram_component|altsyncram_qlb1:auto_generated|sld_mod_ram_rom:mgl_prim2|ram_rom_addr_reg[5]                                                   ; 4       ;
; rom1:inst2|altsyncram:altsyncram_component|altsyncram_qlb1:auto_generated|sld_mod_ram_rom:mgl_prim2|ram_rom_addr_reg[4]                                                   ; 4       ;
; rom1:inst2|altsyncram:altsyncram_component|altsyncram_qlb1:auto_generated|sld_mod_ram_rom:mgl_prim2|ram_rom_addr_reg[0]                                                   ; 4       ;
; ram:inst15|altsyncram:altsyncram_component|altsyncram_oqj1:auto_generated|sld_mod_ram_rom:mgl_prim2|ram_rom_addr_reg[3]                                                   ; 4       ;
; ram:inst15|altsyncram:altsyncram_component|altsyncram_oqj1:auto_generated|sld_mod_ram_rom:mgl_prim2|ram_rom_addr_reg[2]                                                   ; 4       ;
; ram:inst15|altsyncram:altsyncram_component|altsyncram_oqj1:auto_generated|sld_mod_ram_rom:mgl_prim2|ram_rom_addr_reg[1]                                                   ; 4       ;
; sld_hub:auto_hub|sld_jtag_hub:\jtag_hub_gen:sld_jtag_hub_inst|sld_shadow_jsm:shadow_jsm|tms_cnt[0]                                                                        ; 3       ;
; sld_hub:auto_hub|sld_jtag_hub:\jtag_hub_gen:sld_jtag_hub_inst|hub_mode_reg[0]                                                                                             ; 3       ;
; sld_hub:auto_hub|sld_jtag_hub:\jtag_hub_gen:sld_jtag_hub_inst|virtual_ir_dr_scan_proc~0                                                                                   ; 3       ;
; sld_hub:auto_hub|sld_jtag_hub:\jtag_hub_gen:sld_jtag_hub_inst|jtag_ir_reg[1]                                                                                              ; 3       ;
; sld_hub:auto_hub|sld_jtag_hub:\jtag_hub_gen:sld_jtag_hub_inst|irf_reg[2][0]~11                                                                                            ; 3       ;
; sld_hub:auto_hub|sld_jtag_hub:\jtag_hub_gen:sld_jtag_hub_inst|irf_reg[1][0]~4                                                                                             ; 3       ;
; sld_hub:auto_hub|sld_jtag_hub:\jtag_hub_gen:sld_jtag_hub_inst|sld_shadow_jsm:shadow_jsm|state[7]                                                                          ; 3       ;
; sld_hub:auto_hub|sld_jtag_hub:\jtag_hub_gen:sld_jtag_hub_inst|irf_reg[2][4]                                                                                               ; 3       ;
; sld_hub:auto_hub|sld_jtag_hub:\jtag_hub_gen:sld_jtag_hub_inst|irf_reg[1][4]                                                                                               ; 3       ;
; sld_hub:auto_hub|sld_jtag_hub:\jtag_hub_gen:sld_jtag_hub_inst|sld_shadow_jsm:shadow_jsm|state[1]                                                                          ; 3       ;
; upc:inst|74161:inst|f74161:sub|110                                                                                                                                        ; 3       ;
; rom1:inst2|altsyncram:altsyncram_component|altsyncram_qlb1:auto_generated|sld_mod_ram_rom:mgl_prim2|ram_rom_data_shift_cntr_reg[3]                                        ; 3       ;
; rom1:inst2|altsyncram:altsyncram_component|altsyncram_qlb1:auto_generated|sld_mod_ram_rom:mgl_prim2|ram_rom_data_shift_cntr_reg[0]                                        ; 3       ;
; rom1:inst2|altsyncram:altsyncram_component|altsyncram_qlb1:auto_generated|sld_mod_ram_rom:mgl_prim2|ram_rom_data_shift_cntr_reg[2]                                        ; 3       ;
; rom1:inst2|altsyncram:altsyncram_component|altsyncram_qlb1:auto_generated|sld_mod_ram_rom:mgl_prim2|ram_rom_data_shift_cntr_reg[4]                                        ; 3       ;
; ram:inst15|altsyncram:altsyncram_component|altsyncram_oqj1:auto_generated|sld_mod_ram_rom:mgl_prim2|sld_rom_sr:\ram_rom_logic_gen:name_gen:info_rom_sr|WORD_SR~1          ; 3       ;
; upc:inst5|74161:inst|f74161:sub|99                                                                                                                                        ; 3       ;
; upc:inst5|74161:inst1|f74161:sub|110                                                                                                                                      ; 3       ;
; ram:inst15|altsyncram:altsyncram_component|altsyncram_oqj1:auto_generated|sld_mod_ram_rom:mgl_prim2|process_0~0                                                           ; 3       ;
; ram:inst15|altsyncram:altsyncram_component|altsyncram_oqj1:auto_generated|sld_mod_ram_rom:mgl_prim2|ram_rom_addr_reg[7]                                                   ; 3       ;
; ram:inst15|altsyncram:altsyncram_component|altsyncram_oqj1:auto_generated|sld_mod_ram_rom:mgl_prim2|ram_rom_addr_reg[6]                                                   ; 3       ;
; ram:inst15|altsyncram:altsyncram_component|altsyncram_oqj1:auto_generated|sld_mod_ram_rom:mgl_prim2|ram_rom_addr_reg[5]                                                   ; 3       ;
; ram:inst15|altsyncram:altsyncram_component|altsyncram_oqj1:auto_generated|sld_mod_ram_rom:mgl_prim2|ram_rom_addr_reg[4]                                                   ; 3       ;
; ram:inst15|altsyncram:altsyncram_component|altsyncram_oqj1:auto_generated|sld_mod_ram_rom:mgl_prim2|ram_rom_addr_reg[0]                                                   ; 3       ;
; ram:inst15|altsyncram:altsyncram_component|altsyncram_oqj1:auto_generated|altsyncram_m3a2:altsyncram1|q_a[1]                                                              ; 3       ;
; ram:inst15|altsyncram:altsyncram_component|altsyncram_oqj1:auto_generated|altsyncram_m3a2:altsyncram1|q_a[2]                                                              ; 3       ;
; ram:inst15|altsyncram:altsyncram_component|altsyncram_oqj1:auto_generated|altsyncram_m3a2:altsyncram1|q_a[3]                                                              ; 3       ;
; ram:inst15|altsyncram:altsyncram_component|altsyncram_oqj1:auto_generated|altsyncram_m3a2:altsyncram1|q_a[4]                                                              ; 3       ;
; ram:inst15|altsyncram:altsyncram_component|altsyncram_oqj1:auto_generated|altsyncram_m3a2:altsyncram1|q_a[5]                                                              ; 3       ;
; ram:inst15|altsyncram:altsyncram_component|altsyncram_oqj1:auto_generated|altsyncram_m3a2:altsyncram1|q_a[6]                                                              ; 3       ;
; ram:inst15|altsyncram:altsyncram_component|altsyncram_oqj1:auto_generated|altsyncram_m3a2:altsyncram1|q_a[7]                                                              ; 3       ;
; ram:inst15|altsyncram:altsyncram_component|altsyncram_oqj1:auto_generated|altsyncram_m3a2:altsyncram1|q_a[0]                                                              ; 3       ;
; ~QIC_CREATED_GND~I                                                                                                                                                        ; 2       ;
; sld_hub:auto_hub|sld_jtag_hub:\jtag_hub_gen:sld_jtag_hub_inst|identity_contrib_shift_reg[3]                                                                               ; 2       ;
; sld_hub:auto_hub|sld_jtag_hub:\jtag_hub_gen:sld_jtag_hub_inst|identity_contrib_shift_reg[2]                                                                               ; 2       ;
; sld_hub:auto_hub|sld_jtag_hub:\jtag_hub_gen:sld_jtag_hub_inst|identity_contrib_shift_reg[1]                                                                               ; 2       ;
; sld_hub:auto_hub|sld_jtag_hub:\jtag_hub_gen:sld_jtag_hub_inst|reset_ena_reg_proc~0                                                                                        ; 2       ;
; sld_hub:auto_hub|sld_jtag_hub:\jtag_hub_gen:sld_jtag_hub_inst|design_hash_reg~11                                                                                          ; 2       ;
; sld_hub:auto_hub|sld_jtag_hub:\jtag_hub_gen:sld_jtag_hub_inst|design_hash_reg~10                                                                                          ; 2       ;
; sld_hub:auto_hub|sld_jtag_hub:\jtag_hub_gen:sld_jtag_hub_inst|identity_contrib_shift_reg[0]~0                                                                             ; 2       ;
; sld_hub:auto_hub|sld_jtag_hub:\jtag_hub_gen:sld_jtag_hub_inst|design_hash_reg[1]~8                                                                                        ; 2       ;
; sld_hub:auto_hub|sld_jtag_hub:\jtag_hub_gen:sld_jtag_hub_inst|jtag_ir_reg[0]                                                                                              ; 2       ;
; sld_hub:auto_hub|sld_jtag_hub:\jtag_hub_gen:sld_jtag_hub_inst|Equal0~1                                                                                                    ; 2       ;
; sld_hub:auto_hub|sld_jtag_hub:\jtag_hub_gen:sld_jtag_hub_inst|jtag_ir_reg[2]                                                                                              ; 2       ;
; sld_hub:auto_hub|sld_jtag_hub:\jtag_hub_gen:sld_jtag_hub_inst|jtag_ir_reg[4]                                                                                              ; 2       ;
; sld_hub:auto_hub|sld_jtag_hub:\jtag_hub_gen:sld_jtag_hub_inst|jtag_ir_reg[5]                                                                                              ; 2       ;
; sld_hub:auto_hub|sld_jtag_hub:\jtag_hub_gen:sld_jtag_hub_inst|jtag_ir_reg[3]                                                                                              ; 2       ;
; sld_hub:auto_hub|sld_jtag_hub:\jtag_hub_gen:sld_jtag_hub_inst|Equal0~0                                                                                                    ; 2       ;
; sld_hub:auto_hub|sld_jtag_hub:\jtag_hub_gen:sld_jtag_hub_inst|jtag_ir_reg[6]                                                                                              ; 2       ;
; sld_hub:auto_hub|sld_jtag_hub:\jtag_hub_gen:sld_jtag_hub_inst|jtag_ir_reg[7]                                                                                              ; 2       ;
; sld_hub:auto_hub|sld_jtag_hub:\jtag_hub_gen:sld_jtag_hub_inst|jtag_ir_reg[8]                                                                                              ; 2       ;
; sld_hub:auto_hub|sld_jtag_hub:\jtag_hub_gen:sld_jtag_hub_inst|jtag_ir_reg[9]                                                                                              ; 2       ;
; sld_hub:auto_hub|sld_jtag_hub:\jtag_hub_gen:sld_jtag_hub_inst|hub_mode_reg[2]                                                                                             ; 2       ;
; sld_hub:auto_hub|sld_jtag_hub:\jtag_hub_gen:sld_jtag_hub_inst|node_ena~3                                                                                                  ; 2       ;
; sld_hub:auto_hub|sld_jtag_hub:\jtag_hub_gen:sld_jtag_hub_inst|irf_reg[1][0]~3                                                                                             ; 2       ;
; sld_hub:auto_hub|sld_jtag_hub:\jtag_hub_gen:sld_jtag_hub_inst|irf_reg[1][0]~2                                                                                             ; 2       ;
; sld_hub:auto_hub|sld_jtag_hub:\jtag_hub_gen:sld_jtag_hub_inst|irf_reg[1][0]~1                                                                                             ; 2       ;
; sld_hub:auto_hub|sld_jtag_hub:\jtag_hub_gen:sld_jtag_hub_inst|tdo_bypass_reg                                                                                              ; 2       ;
; sld_hub:auto_hub|sld_jtag_hub:\jtag_hub_gen:sld_jtag_hub_inst|sld_shadow_jsm:shadow_jsm|state[14]                                                                         ; 2       ;
; sld_hub:auto_hub|sld_jtag_hub:\jtag_hub_gen:sld_jtag_hub_inst|sld_shadow_jsm:shadow_jsm|state[12]                                                                         ; 2       ;
; sld_hub:auto_hub|sld_jtag_hub:\jtag_hub_gen:sld_jtag_hub_inst|sld_shadow_jsm:shadow_jsm|state[10]                                                                         ; 2       ;
; sld_hub:auto_hub|sld_jtag_hub:\jtag_hub_gen:sld_jtag_hub_inst|sld_shadow_jsm:shadow_jsm|state[9]                                                                          ; 2       ;
; sld_hub:auto_hub|sld_jtag_hub:\jtag_hub_gen:sld_jtag_hub_inst|sld_shadow_jsm:shadow_jsm|state[2]                                                                          ; 2       ;
; sld_hub:auto_hub|sld_jtag_hub:\jtag_hub_gen:sld_jtag_hub_inst|sld_shadow_jsm:shadow_jsm|tms_cnt[1]                                                                        ; 2       ;
; sld_hub:auto_hub|sld_jtag_hub:\jtag_hub_gen:sld_jtag_hub_inst|sld_shadow_jsm:shadow_jsm|tms_cnt[2]                                                                        ; 2       ;
; sld_hub:auto_hub|sld_jtag_hub:\jtag_hub_gen:sld_jtag_hub_inst|sld_shadow_jsm:shadow_jsm|state[13]                                                                         ; 2       ;
; sld_hub:auto_hub|sld_jtag_hub:\jtag_hub_gen:sld_jtag_hub_inst|sld_shadow_jsm:shadow_jsm|state[6]                                                                          ; 2       ;
; rom1:inst2|altsyncram:altsyncram_component|altsyncram_qlb1:auto_generated|sld_mod_ram_rom:mgl_prim2|ram_rom_data_reg[23]                                                  ; 2       ;
; rom1:inst2|altsyncram:altsyncram_component|altsyncram_qlb1:auto_generated|sld_mod_ram_rom:mgl_prim2|ram_rom_data_reg[22]                                                  ; 2       ;
; rom1:inst2|altsyncram:altsyncram_component|altsyncram_qlb1:auto_generated|sld_mod_ram_rom:mgl_prim2|ram_rom_data_reg[21]                                                  ; 2       ;
; rom1:inst2|altsyncram:altsyncram_component|altsyncram_qlb1:auto_generated|sld_mod_ram_rom:mgl_prim2|ram_rom_data_reg[20]                                                  ; 2       ;
; rom1:inst2|altsyncram:altsyncram_component|altsyncram_qlb1:auto_generated|sld_mod_ram_rom:mgl_prim2|ram_rom_data_reg[19]                                                  ; 2       ;
; rom1:inst2|altsyncram:altsyncram_component|altsyncram_qlb1:auto_generated|sld_mod_ram_rom:mgl_prim2|ram_rom_data_reg[18]                                                  ; 2       ;
; rom1:inst2|altsyncram:altsyncram_component|altsyncram_qlb1:auto_generated|sld_mod_ram_rom:mgl_prim2|ram_rom_data_reg[17]                                                  ; 2       ;
; rom1:inst2|altsyncram:altsyncram_component|altsyncram_qlb1:auto_generated|sld_mod_ram_rom:mgl_prim2|ram_rom_data_reg[16]                                                  ; 2       ;
; rom1:inst2|altsyncram:altsyncram_component|altsyncram_qlb1:auto_generated|sld_mod_ram_rom:mgl_prim2|ram_rom_data_reg[15]                                                  ; 2       ;
; rom1:inst2|altsyncram:altsyncram_component|altsyncram_qlb1:auto_generated|sld_mod_ram_rom:mgl_prim2|ram_rom_data_reg[14]                                                  ; 2       ;
; rom1:inst2|altsyncram:altsyncram_component|altsyncram_qlb1:auto_generated|sld_mod_ram_rom:mgl_prim2|ram_rom_data_reg[13]                                                  ; 2       ;
; rom1:inst2|altsyncram:altsyncram_component|altsyncram_qlb1:auto_generated|sld_mod_ram_rom:mgl_prim2|ram_rom_data_reg[12]                                                  ; 2       ;
; rom1:inst2|altsyncram:altsyncram_component|altsyncram_qlb1:auto_generated|sld_mod_ram_rom:mgl_prim2|ram_rom_data_reg[11]                                                  ; 2       ;
; rom1:inst2|altsyncram:altsyncram_component|altsyncram_qlb1:auto_generated|sld_mod_ram_rom:mgl_prim2|ram_rom_data_reg[10]                                                  ; 2       ;
; rom1:inst2|altsyncram:altsyncram_component|altsyncram_qlb1:auto_generated|sld_mod_ram_rom:mgl_prim2|ram_rom_data_reg[9]                                                   ; 2       ;
; rom1:inst2|altsyncram:altsyncram_component|altsyncram_qlb1:auto_generated|sld_mod_ram_rom:mgl_prim2|ram_rom_data_reg[8]                                                   ; 2       ;
; ram:inst15|altsyncram:altsyncram_component|altsyncram_oqj1:auto_generated|sld_mod_ram_rom:mgl_prim2|sld_rom_sr:\ram_rom_logic_gen:name_gen:info_rom_sr|WORD_SR~9          ; 2       ;
; rom1:inst2|altsyncram:altsyncram_component|altsyncram_qlb1:auto_generated|sld_mod_ram_rom:mgl_prim2|ram_rom_data_reg[2]                                                   ; 2       ;
; rom1:inst2|altsyncram:altsyncram_component|altsyncram_qlb1:auto_generated|sld_mod_ram_rom:mgl_prim2|ram_rom_data_reg[3]                                                   ; 2       ;
; rom1:inst2|altsyncram:altsyncram_component|altsyncram_qlb1:auto_generated|sld_mod_ram_rom:mgl_prim2|ram_rom_data_reg[4]                                                   ; 2       ;
; rom1:inst2|altsyncram:altsyncram_component|altsyncram_qlb1:auto_generated|sld_mod_ram_rom:mgl_prim2|ram_rom_data_reg[5]                                                   ; 2       ;
; rom1:inst2|altsyncram:altsyncram_component|altsyncram_qlb1:auto_generated|sld_mod_ram_rom:mgl_prim2|ram_rom_data_reg[6]                                                   ; 2       ;
; rom1:inst2|altsyncram:altsyncram_component|altsyncram_qlb1:auto_generated|sld_mod_ram_rom:mgl_prim2|ram_rom_data_reg[7]                                                   ; 2       ;
; rom1:inst2|altsyncram:altsyncram_component|altsyncram_qlb1:auto_generated|sld_mod_ram_rom:mgl_prim2|enable_write~0                                                        ; 2       ;
; rom1:inst2|altsyncram:altsyncram_component|altsyncram_qlb1:auto_generated|sld_mod_ram_rom:mgl_prim2|ram_rom_data_reg[1]                                                   ; 2       ;
; rom1:inst2|altsyncram:altsyncram_component|altsyncram_qlb1:auto_generated|sld_mod_ram_rom:mgl_prim2|sld_rom_sr:\ram_rom_logic_gen:name_gen:info_rom_sr|WORD_SR~2          ; 2       ;
; ram:inst15|altsyncram:altsyncram_component|altsyncram_oqj1:auto_generated|sld_mod_ram_rom:mgl_prim2|ram_rom_incr_addr~0                                                   ; 2       ;
; ram:inst15|altsyncram:altsyncram_component|altsyncram_oqj1:auto_generated|sld_mod_ram_rom:mgl_prim2|sld_rom_sr:\ram_rom_logic_gen:name_gen:info_rom_sr|WORD_SR~2          ; 2       ;
; lab:inst16|inst                                                                                                                                                           ; 2       ;
; ram:inst15|altsyncram:altsyncram_component|altsyncram_oqj1:auto_generated|sld_mod_ram_rom:mgl_prim2|ram_rom_data_reg[1]                                                   ; 2       ;
; ram:inst15|altsyncram:altsyncram_component|altsyncram_oqj1:auto_generated|sld_mod_ram_rom:mgl_prim2|ram_rom_data_reg[2]                                                   ; 2       ;
; ram:inst15|altsyncram:altsyncram_component|altsyncram_oqj1:auto_generated|sld_mod_ram_rom:mgl_prim2|ram_rom_data_reg[3]                                                   ; 2       ;
; ram:inst15|altsyncram:altsyncram_component|altsyncram_oqj1:auto_generated|sld_mod_ram_rom:mgl_prim2|ram_rom_data_reg[4]                                                   ; 2       ;
; ram:inst15|altsyncram:altsyncram_component|altsyncram_oqj1:auto_generated|sld_mod_ram_rom:mgl_prim2|ram_rom_data_reg[5]                                                   ; 2       ;
; ram:inst15|altsyncram:altsyncram_component|altsyncram_oqj1:auto_generated|sld_mod_ram_rom:mgl_prim2|ram_rom_data_reg[6]                                                   ; 2       ;
; ram:inst15|altsyncram:altsyncram_component|altsyncram_oqj1:auto_generated|sld_mod_ram_rom:mgl_prim2|ram_rom_data_reg[7]                                                   ; 2       ;
; upc:inst5|74161:inst|f74161:sub|110                                                                                                                                       ; 2       ;
; rom1:inst2|altsyncram:altsyncram_component|altsyncram_qlb1:auto_generated|sld_mod_ram_rom:mgl_prim2|ram_rom_data_reg[0]                                                   ; 2       ;
; rom1:inst2|altsyncram:altsyncram_component|altsyncram_qlb1:auto_generated|sld_mod_ram_rom:mgl_prim2|bypass_reg_out                                                        ; 2       ;
; rom1:inst2|altsyncram:altsyncram_component|altsyncram_qlb1:auto_generated|sld_mod_ram_rom:mgl_prim2|is_in_use_reg                                                         ; 2       ;
; ram:inst15|altsyncram:altsyncram_component|altsyncram_oqj1:auto_generated|sld_mod_ram_rom:mgl_prim2|bypass_reg_out                                                        ; 2       ;
; ram:inst15|altsyncram:altsyncram_component|altsyncram_oqj1:auto_generated|sld_mod_ram_rom:mgl_prim2|ram_rom_data_reg[0]                                                   ; 2       ;
; ram:inst15|altsyncram:altsyncram_component|altsyncram_oqj1:auto_generated|sld_mod_ram_rom:mgl_prim2|is_in_use_reg                                                         ; 2       ;
; uIR:inst4|74273:inst|18                                                                                                                                                   ; 2       ;
; uIR:inst4|74273:inst|17                                                                                                                                                   ; 2       ;
; uIR:inst4|74273:inst|16                                                                                                                                                   ; 2       ;
; uIR:inst4|74273:inst|15                                                                                                                                                   ; 2       ;
; 74273:inst7|19                                                                                                                                                            ; 2       ;
; 74273:inst7|18                                                                                                                                                            ; 2       ;
; 74273:inst7|17                                                                                                                                                            ; 2       ;
; 74273:inst7|16                                                                                                                                                            ; 2       ;
; 74273:inst7|15                                                                                                                                                            ; 2       ;
; 74273:inst7|14                                                                                                                                                            ; 2       ;
; 74273:inst7|13                                                                                                                                                            ; 2       ;
; 74273:inst7|12                                                                                                                                                            ; 2       ;
; altera_reserved_tdi~input                                                                                                                                                 ; 1       ;
; altera_reserved_tck~input                                                                                                                                                 ; 1       ;
; altera_reserved_tms~input                                                                                                                                                 ; 1       ;
; sld_hub:auto_hub|sld_jtag_hub:\jtag_hub_gen:sld_jtag_hub_inst|tdo~_wirecell                                                                                               ; 1       ;
; sld_hub:auto_hub|sld_jtag_hub:\jtag_hub_gen:sld_jtag_hub_inst|jtag_ir_reg[0]~1                                                                                            ; 1       ;
; sld_hub:auto_hub|sld_jtag_hub:\jtag_hub_gen:sld_jtag_hub_inst|jtag_ir_reg[2]~0                                                                                            ; 1       ;
; sld_hub:auto_hub|sld_jtag_hub:\jtag_hub_gen:sld_jtag_hub_inst|design_hash_reg~19                                                                                          ; 1       ;
; sld_hub:auto_hub|sld_jtag_hub:\jtag_hub_gen:sld_jtag_hub_inst|sld_rom_sr:hub_info_reg|WORD_SR~17                                                                          ; 1       ;
; sld_hub:auto_hub|sld_jtag_hub:\jtag_hub_gen:sld_jtag_hub_inst|hub_mode_reg[1]~7                                                                                           ; 1       ;
; sld_hub:auto_hub|sld_jtag_hub:\jtag_hub_gen:sld_jtag_hub_inst|sld_rom_sr:hub_info_reg|WORD_SR~15                                                                          ; 1       ;
; sld_hub:auto_hub|sld_jtag_hub:\jtag_hub_gen:sld_jtag_hub_inst|sld_rom_sr:hub_info_reg|WORD_SR~14                                                                          ; 1       ;
; sld_hub:auto_hub|sld_jtag_hub:\jtag_hub_gen:sld_jtag_hub_inst|sld_rom_sr:hub_info_reg|WORD_SR~13                                                                          ; 1       ;
; sld_hub:auto_hub|sld_jtag_hub:\jtag_hub_gen:sld_jtag_hub_inst|hub_minor_ver_reg~3                                                                                         ; 1       ;
; sld_hub:auto_hub|sld_jtag_hub:\jtag_hub_gen:sld_jtag_hub_inst|design_hash_reg~18                                                                                          ; 1       ;
; sld_hub:auto_hub|sld_jtag_hub:\jtag_hub_gen:sld_jtag_hub_inst|design_hash_reg~17                                                                                          ; 1       ;
; sld_hub:auto_hub|sld_jtag_hub:\jtag_hub_gen:sld_jtag_hub_inst|identity_contrib_update_reg[3]                                                                              ; 1       ;
; sld_hub:auto_hub|sld_jtag_hub:\jtag_hub_gen:sld_jtag_hub_inst|sld_rom_sr:hub_info_reg|WORD_SR~12                                                                          ; 1       ;
; sld_hub:auto_hub|sld_jtag_hub:\jtag_hub_gen:sld_jtag_hub_inst|sld_rom_sr:hub_info_reg|WORD_SR[3]                                                                          ; 1       ;
; sld_hub:auto_hub|sld_jtag_hub:\jtag_hub_gen:sld_jtag_hub_inst|sld_rom_sr:hub_info_reg|WORD_SR~11                                                                          ; 1       ;
; sld_hub:auto_hub|sld_jtag_hub:\jtag_hub_gen:sld_jtag_hub_inst|sld_rom_sr:hub_info_reg|WORD_SR~10                                                                          ; 1       ;
; sld_hub:auto_hub|sld_jtag_hub:\jtag_hub_gen:sld_jtag_hub_inst|hub_minor_ver_reg~2                                                                                         ; 1       ;
; sld_hub:auto_hub|sld_jtag_hub:\jtag_hub_gen:sld_jtag_hub_inst|hub_minor_ver_reg[3]                                                                                        ; 1       ;
; sld_hub:auto_hub|sld_jtag_hub:\jtag_hub_gen:sld_jtag_hub_inst|design_hash_reg~16                                                                                          ; 1       ;
; sld_hub:auto_hub|sld_jtag_hub:\jtag_hub_gen:sld_jtag_hub_inst|design_hash_reg~15                                                                                          ; 1       ;
; sld_hub:auto_hub|sld_jtag_hub:\jtag_hub_gen:sld_jtag_hub_inst|identity_contrib_update_reg[2]                                                                              ; 1       ;
; sld_hub:auto_hub|sld_jtag_hub:\jtag_hub_gen:sld_jtag_hub_inst|sld_shadow_jsm:shadow_jsm|tms_cnt~2                                                                         ; 1       ;
; sld_hub:auto_hub|sld_jtag_hub:\jtag_hub_gen:sld_jtag_hub_inst|sld_shadow_jsm:shadow_jsm|tms_cnt~1                                                                         ; 1       ;
; sld_hub:auto_hub|sld_jtag_hub:\jtag_hub_gen:sld_jtag_hub_inst|sld_rom_sr:hub_info_reg|WORD_SR~9                                                                           ; 1       ;
; sld_hub:auto_hub|sld_jtag_hub:\jtag_hub_gen:sld_jtag_hub_inst|sld_rom_sr:hub_info_reg|WORD_SR[2]                                                                          ; 1       ;
; sld_hub:auto_hub|sld_jtag_hub:\jtag_hub_gen:sld_jtag_hub_inst|sld_rom_sr:hub_info_reg|word_counter[4]~15                                                                  ; 1       ;
; sld_hub:auto_hub|sld_jtag_hub:\jtag_hub_gen:sld_jtag_hub_inst|hub_minor_ver_reg~1                                                                                         ; 1       ;
; sld_hub:auto_hub|sld_jtag_hub:\jtag_hub_gen:sld_jtag_hub_inst|hub_minor_ver_reg[2]                                                                                        ; 1       ;
; sld_hub:auto_hub|sld_jtag_hub:\jtag_hub_gen:sld_jtag_hub_inst|hub_mode_reg[0]~6                                                                                           ; 1       ;
; sld_hub:auto_hub|sld_jtag_hub:\jtag_hub_gen:sld_jtag_hub_inst|Equal3~0                                                                                                    ; 1       ;
; sld_hub:auto_hub|sld_jtag_hub:\jtag_hub_gen:sld_jtag_hub_inst|design_hash_reg~14                                                                                          ; 1       ;
; sld_hub:auto_hub|sld_jtag_hub:\jtag_hub_gen:sld_jtag_hub_inst|design_hash_reg~13                                                                                          ; 1       ;
; sld_hub:auto_hub|sld_jtag_hub:\jtag_hub_gen:sld_jtag_hub_inst|design_hash_reg~12                                                                                          ; 1       ;
; sld_hub:auto_hub|sld_jtag_hub:\jtag_hub_gen:sld_jtag_hub_inst|identity_contrib_update_reg[1]                                                                              ; 1       ;
; sld_hub:auto_hub|sld_jtag_hub:\jtag_hub_gen:sld_jtag_hub_inst|identity_contrib_shift_reg[0]~1                                                                             ; 1       ;
; sld_hub:auto_hub|sld_jtag_hub:\jtag_hub_gen:sld_jtag_hub_inst|identity_contrib_shift_reg[0]                                                                               ; 1       ;
; sld_hub:auto_hub|sld_jtag_hub:\jtag_hub_gen:sld_jtag_hub_inst|sld_shadow_jsm:shadow_jsm|tms_cnt~0                                                                         ; 1       ;
; sld_hub:auto_hub|sld_jtag_hub:\jtag_hub_gen:sld_jtag_hub_inst|hub_mode_reg[2]~5                                                                                           ; 1       ;
; sld_hub:auto_hub|sld_jtag_hub:\jtag_hub_gen:sld_jtag_hub_inst|hub_mode_reg[2]~4                                                                                           ; 1       ;
; sld_hub:auto_hub|sld_jtag_hub:\jtag_hub_gen:sld_jtag_hub_inst|reset_ena_reg                                                                                               ; 1       ;
; sld_hub:auto_hub|sld_jtag_hub:\jtag_hub_gen:sld_jtag_hub_inst|Equal0~2                                                                                                    ; 1       ;
; sld_hub:auto_hub|sld_jtag_hub:\jtag_hub_gen:sld_jtag_hub_inst|shadow_irf_reg~13                                                                                           ; 1       ;
; sld_hub:auto_hub|sld_jtag_hub:\jtag_hub_gen:sld_jtag_hub_inst|shadow_irf_reg~12                                                                                           ; 1       ;
; sld_hub:auto_hub|sld_jtag_hub:\jtag_hub_gen:sld_jtag_hub_inst|shadow_irf_reg~11                                                                                           ; 1       ;
; sld_hub:auto_hub|sld_jtag_hub:\jtag_hub_gen:sld_jtag_hub_inst|shadow_irf_reg~10                                                                                           ; 1       ;
; sld_hub:auto_hub|sld_jtag_hub:\jtag_hub_gen:sld_jtag_hub_inst|shadow_irf_reg[2][1]~8                                                                                      ; 1       ;
; sld_hub:auto_hub|sld_jtag_hub:\jtag_hub_gen:sld_jtag_hub_inst|shadow_irf_reg~7                                                                                            ; 1       ;
; sld_hub:auto_hub|sld_jtag_hub:\jtag_hub_gen:sld_jtag_hub_inst|irsr_reg[4]~13                                                                                              ; 1       ;
; sld_hub:auto_hub|sld_jtag_hub:\jtag_hub_gen:sld_jtag_hub_inst|irsr_reg[4]~12                                                                                              ; 1       ;
; sld_hub:auto_hub|sld_jtag_hub:\jtag_hub_gen:sld_jtag_hub_inst|irsr_reg[4]~11                                                                                              ; 1       ;
; sld_hub:auto_hub|sld_jtag_hub:\jtag_hub_gen:sld_jtag_hub_inst|shadow_irf_reg~6                                                                                            ; 1       ;
; sld_hub:auto_hub|sld_jtag_hub:\jtag_hub_gen:sld_jtag_hub_inst|irsr_reg~10                                                                                                 ; 1       ;
; sld_hub:auto_hub|sld_jtag_hub:\jtag_hub_gen:sld_jtag_hub_inst|shadow_irf_reg~5                                                                                            ; 1       ;
; sld_hub:auto_hub|sld_jtag_hub:\jtag_hub_gen:sld_jtag_hub_inst|shadow_irf_reg~4                                                                                            ; 1       ;
; sld_hub:auto_hub|sld_jtag_hub:\jtag_hub_gen:sld_jtag_hub_inst|shadow_irf_reg~3                                                                                            ; 1       ;
; sld_hub:auto_hub|sld_jtag_hub:\jtag_hub_gen:sld_jtag_hub_inst|hub_mode_reg[1]~3                                                                                           ; 1       ;
; sld_hub:auto_hub|sld_jtag_hub:\jtag_hub_gen:sld_jtag_hub_inst|hub_mode_reg[1]~2                                                                                           ; 1       ;
; sld_hub:auto_hub|sld_jtag_hub:\jtag_hub_gen:sld_jtag_hub_inst|shadow_irf_reg[1][3]~1                                                                                      ; 1       ;
; sld_hub:auto_hub|sld_jtag_hub:\jtag_hub_gen:sld_jtag_hub_inst|shadow_irf_reg~0                                                                                            ; 1       ;
; sld_hub:auto_hub|sld_jtag_hub:\jtag_hub_gen:sld_jtag_hub_inst|tdo_bypass_reg~0                                                                                            ; 1       ;
; sld_hub:auto_hub|sld_jtag_hub:\jtag_hub_gen:sld_jtag_hub_inst|sld_rom_sr:hub_info_reg|WORD_SR~8                                                                           ; 1       ;
; sld_hub:auto_hub|sld_jtag_hub:\jtag_hub_gen:sld_jtag_hub_inst|sld_rom_sr:hub_info_reg|WORD_SR[1]                                                                          ; 1       ;
; sld_hub:auto_hub|sld_jtag_hub:\jtag_hub_gen:sld_jtag_hub_inst|sld_rom_sr:hub_info_reg|WORD_SR~7                                                                           ; 1       ;
; sld_hub:auto_hub|sld_jtag_hub:\jtag_hub_gen:sld_jtag_hub_inst|sld_rom_sr:hub_info_reg|WORD_SR~6                                                                           ; 1       ;
; sld_hub:auto_hub|sld_jtag_hub:\jtag_hub_gen:sld_jtag_hub_inst|irsr_reg[5]~9                                                                                               ; 1       ;
; sld_hub:auto_hub|sld_jtag_hub:\jtag_hub_gen:sld_jtag_hub_inst|irsr_reg[6]~8                                                                                               ; 1       ;
; sld_hub:auto_hub|sld_jtag_hub:\jtag_hub_gen:sld_jtag_hub_inst|irsr_reg[6]~7                                                                                               ; 1       ;
; sld_hub:auto_hub|sld_jtag_hub:\jtag_hub_gen:sld_jtag_hub_inst|irsr_reg[6]~6                                                                                               ; 1       ;
; sld_hub:auto_hub|sld_jtag_hub:\jtag_hub_gen:sld_jtag_hub_inst|irsr_reg~5                                                                                                  ; 1       ;
; sld_hub:auto_hub|sld_jtag_hub:\jtag_hub_gen:sld_jtag_hub_inst|irsr_reg~4                                                                                                  ; 1       ;
; sld_hub:auto_hub|sld_jtag_hub:\jtag_hub_gen:sld_jtag_hub_inst|hub_minor_ver_reg~0                                                                                         ; 1       ;
; sld_hub:auto_hub|sld_jtag_hub:\jtag_hub_gen:sld_jtag_hub_inst|hub_minor_ver_reg[1]                                                                                        ; 1       ;
; sld_hub:auto_hub|sld_jtag_hub:\jtag_hub_gen:sld_jtag_hub_inst|irsr_reg[2]~2                                                                                               ; 1       ;
; sld_hub:auto_hub|sld_jtag_hub:\jtag_hub_gen:sld_jtag_hub_inst|irsr_reg~1                                                                                                  ; 1       ;
; sld_hub:auto_hub|sld_jtag_hub:\jtag_hub_gen:sld_jtag_hub_inst|design_hash_reg~7                                                                                           ; 1       ;
; sld_hub:auto_hub|sld_jtag_hub:\jtag_hub_gen:sld_jtag_hub_inst|design_hash_reg~6                                                                                           ; 1       ;
; sld_hub:auto_hub|sld_jtag_hub:\jtag_hub_gen:sld_jtag_hub_inst|identity_contrib_update_reg[0]                                                                              ; 1       ;
; sld_hub:auto_hub|sld_jtag_hub:\jtag_hub_gen:sld_jtag_hub_inst|sld_shadow_jsm:shadow_jsm|state~12                                                                          ; 1       ;
; sld_hub:auto_hub|sld_jtag_hub:\jtag_hub_gen:sld_jtag_hub_inst|sld_shadow_jsm:shadow_jsm|state~11                                                                          ; 1       ;
; sld_hub:auto_hub|sld_jtag_hub:\jtag_hub_gen:sld_jtag_hub_inst|sld_shadow_jsm:shadow_jsm|state~10                                                                          ; 1       ;
; sld_hub:auto_hub|sld_jtag_hub:\jtag_hub_gen:sld_jtag_hub_inst|sld_shadow_jsm:shadow_jsm|state~9                                                                           ; 1       ;
; sld_hub:auto_hub|sld_jtag_hub:\jtag_hub_gen:sld_jtag_hub_inst|sld_shadow_jsm:shadow_jsm|state~8                                                                           ; 1       ;
; sld_hub:auto_hub|sld_jtag_hub:\jtag_hub_gen:sld_jtag_hub_inst|sld_shadow_jsm:shadow_jsm|state~7                                                                           ; 1       ;
; sld_hub:auto_hub|sld_jtag_hub:\jtag_hub_gen:sld_jtag_hub_inst|sld_shadow_jsm:shadow_jsm|state~6                                                                           ; 1       ;
; sld_hub:auto_hub|sld_jtag_hub:\jtag_hub_gen:sld_jtag_hub_inst|sld_shadow_jsm:shadow_jsm|state~5                                                                           ; 1       ;
; sld_hub:auto_hub|sld_jtag_hub:\jtag_hub_gen:sld_jtag_hub_inst|sld_shadow_jsm:shadow_jsm|state~4                                                                           ; 1       ;
; sld_hub:auto_hub|sld_jtag_hub:\jtag_hub_gen:sld_jtag_hub_inst|sld_shadow_jsm:shadow_jsm|state~3                                                                           ; 1       ;
; sld_hub:auto_hub|sld_jtag_hub:\jtag_hub_gen:sld_jtag_hub_inst|sld_shadow_jsm:shadow_jsm|state~2                                                                           ; 1       ;
; sld_hub:auto_hub|sld_jtag_hub:\jtag_hub_gen:sld_jtag_hub_inst|sld_shadow_jsm:shadow_jsm|state~1                                                                           ; 1       ;
; sld_hub:auto_hub|sld_jtag_hub:\jtag_hub_gen:sld_jtag_hub_inst|sld_shadow_jsm:shadow_jsm|state~0                                                                           ; 1       ;
; sld_hub:auto_hub|sld_jtag_hub:\jtag_hub_gen:sld_jtag_hub_inst|Equal1~0                                                                                                    ; 1       ;
; sld_hub:auto_hub|sld_jtag_hub:\jtag_hub_gen:sld_jtag_hub_inst|clr_reg_proc~0                                                                                              ; 1       ;
; sld_hub:auto_hub|sld_jtag_hub:\jtag_hub_gen:sld_jtag_hub_inst|node_ena~5                                                                                                  ; 1       ;
; sld_hub:auto_hub|sld_jtag_hub:\jtag_hub_gen:sld_jtag_hub_inst|node_ena~4                                                                                                  ; 1       ;
; sld_hub:auto_hub|sld_jtag_hub:\jtag_hub_gen:sld_jtag_hub_inst|node_ena~2                                                                                                  ; 1       ;
; sld_hub:auto_hub|sld_jtag_hub:\jtag_hub_gen:sld_jtag_hub_inst|node_ena~1                                                                                                  ; 1       ;
; sld_hub:auto_hub|sld_jtag_hub:\jtag_hub_gen:sld_jtag_hub_inst|node_ena~0                                                                                                  ; 1       ;
; sld_hub:auto_hub|sld_jtag_hub:\jtag_hub_gen:sld_jtag_hub_inst|irf_reg~16                                                                                                  ; 1       ;
; sld_hub:auto_hub|sld_jtag_hub:\jtag_hub_gen:sld_jtag_hub_inst|shadow_irf_reg[2][4]                                                                                        ; 1       ;
; sld_hub:auto_hub|sld_jtag_hub:\jtag_hub_gen:sld_jtag_hub_inst|irf_reg~15                                                                                                  ; 1       ;
; sld_hub:auto_hub|sld_jtag_hub:\jtag_hub_gen:sld_jtag_hub_inst|shadow_irf_reg[2][3]                                                                                        ; 1       ;
; sld_hub:auto_hub|sld_jtag_hub:\jtag_hub_gen:sld_jtag_hub_inst|irf_reg~14                                                                                                  ; 1       ;
; sld_hub:auto_hub|sld_jtag_hub:\jtag_hub_gen:sld_jtag_hub_inst|shadow_irf_reg[2][2]                                                                                        ; 1       ;
; sld_hub:auto_hub|sld_jtag_hub:\jtag_hub_gen:sld_jtag_hub_inst|irf_reg~13                                                                                                  ; 1       ;
; sld_hub:auto_hub|sld_jtag_hub:\jtag_hub_gen:sld_jtag_hub_inst|shadow_irf_reg[2][1]                                                                                        ; 1       ;
; sld_hub:auto_hub|sld_jtag_hub:\jtag_hub_gen:sld_jtag_hub_inst|irf_reg~10                                                                                                  ; 1       ;
; sld_hub:auto_hub|sld_jtag_hub:\jtag_hub_gen:sld_jtag_hub_inst|shadow_irf_reg[2][0]                                                                                        ; 1       ;
; sld_hub:auto_hub|sld_jtag_hub:\jtag_hub_gen:sld_jtag_hub_inst|irf_reg~9                                                                                                   ; 1       ;
; sld_hub:auto_hub|sld_jtag_hub:\jtag_hub_gen:sld_jtag_hub_inst|shadow_irf_reg[1][4]                                                                                        ; 1       ;
; sld_hub:auto_hub|sld_jtag_hub:\jtag_hub_gen:sld_jtag_hub_inst|irf_reg~8                                                                                                   ; 1       ;
; sld_hub:auto_hub|sld_jtag_hub:\jtag_hub_gen:sld_jtag_hub_inst|shadow_irf_reg[1][3]                                                                                        ; 1       ;
; sld_hub:auto_hub|sld_jtag_hub:\jtag_hub_gen:sld_jtag_hub_inst|irf_reg~7                                                                                                   ; 1       ;
; sld_hub:auto_hub|sld_jtag_hub:\jtag_hub_gen:sld_jtag_hub_inst|shadow_irf_reg[1][2]                                                                                        ; 1       ;
; sld_hub:auto_hub|sld_jtag_hub:\jtag_hub_gen:sld_jtag_hub_inst|irf_reg~6                                                                                                   ; 1       ;
; sld_hub:auto_hub|sld_jtag_hub:\jtag_hub_gen:sld_jtag_hub_inst|shadow_irf_reg[1][1]                                                                                        ; 1       ;
; sld_hub:auto_hub|sld_jtag_hub:\jtag_hub_gen:sld_jtag_hub_inst|irf_reg~0                                                                                                   ; 1       ;
; sld_hub:auto_hub|sld_jtag_hub:\jtag_hub_gen:sld_jtag_hub_inst|shadow_irf_reg[1][0]                                                                                        ; 1       ;
; sld_hub:auto_hub|sld_jtag_hub:\jtag_hub_gen:sld_jtag_hub_inst|tdo~7                                                                                                       ; 1       ;
; sld_hub:auto_hub|sld_jtag_hub:\jtag_hub_gen:sld_jtag_hub_inst|tdo~6                                                                                                       ; 1       ;
; sld_hub:auto_hub|sld_jtag_hub:\jtag_hub_gen:sld_jtag_hub_inst|tdo~5                                                                                                       ; 1       ;
; sld_hub:auto_hub|sld_jtag_hub:\jtag_hub_gen:sld_jtag_hub_inst|tdo~4                                                                                                       ; 1       ;
; sld_hub:auto_hub|sld_jtag_hub:\jtag_hub_gen:sld_jtag_hub_inst|tdo~3                                                                                                       ; 1       ;
; sld_hub:auto_hub|sld_jtag_hub:\jtag_hub_gen:sld_jtag_hub_inst|sld_rom_sr:hub_info_reg|WORD_SR[0]                                                                          ; 1       ;
; sld_hub:auto_hub|sld_jtag_hub:\jtag_hub_gen:sld_jtag_hub_inst|tdo~2                                                                                                       ; 1       ;
; sld_hub:auto_hub|sld_jtag_hub:\jtag_hub_gen:sld_jtag_hub_inst|tdo~1                                                                                                       ; 1       ;
; sld_hub:auto_hub|sld_jtag_hub:\jtag_hub_gen:sld_jtag_hub_inst|tdo~0                                                                                                       ; 1       ;
; sld_hub:auto_hub|sld_jtag_hub:\jtag_hub_gen:sld_jtag_hub_inst|hub_minor_ver_reg[0]                                                                                        ; 1       ;
; sld_hub:auto_hub|sld_jtag_hub:\jtag_hub_gen:sld_jtag_hub_inst|tdo                                                                                                         ; 1       ;
; sld_hub:auto_hub|sld_jtag_hub:\jtag_hub_gen:sld_jtag_hub_inst|design_hash_reg[3]~3                                                                                        ; 1       ;
; sld_hub:auto_hub|sld_jtag_hub:\jtag_hub_gen:sld_jtag_hub_inst|sld_rom_sr:hub_info_reg|word_counter[4]~20                                                                  ; 1       ;
; sld_hub:auto_hub|sld_jtag_hub:\jtag_hub_gen:sld_jtag_hub_inst|design_hash_reg[3]                                                                                          ; 1       ;
; sld_hub:auto_hub|sld_jtag_hub:\jtag_hub_gen:sld_jtag_hub_inst|design_hash_reg[2]~2                                                                                        ; 1       ;
; sld_hub:auto_hub|sld_jtag_hub:\jtag_hub_gen:sld_jtag_hub_inst|sld_rom_sr:hub_info_reg|word_counter[3]~19                                                                  ; 1       ;
; sld_hub:auto_hub|sld_jtag_hub:\jtag_hub_gen:sld_jtag_hub_inst|sld_rom_sr:hub_info_reg|word_counter[3]~18                                                                  ; 1       ;
; sld_hub:auto_hub|sld_jtag_hub:\jtag_hub_gen:sld_jtag_hub_inst|sld_rom_sr:hub_info_reg|word_counter[2]~17                                                                  ; 1       ;
; sld_hub:auto_hub|sld_jtag_hub:\jtag_hub_gen:sld_jtag_hub_inst|sld_rom_sr:hub_info_reg|word_counter[2]~16                                                                  ; 1       ;
; sld_hub:auto_hub|sld_jtag_hub:\jtag_hub_gen:sld_jtag_hub_inst|sld_rom_sr:hub_info_reg|word_counter[1]~14                                                                  ; 1       ;
; sld_hub:auto_hub|sld_jtag_hub:\jtag_hub_gen:sld_jtag_hub_inst|sld_rom_sr:hub_info_reg|word_counter[1]~13                                                                  ; 1       ;
; sld_hub:auto_hub|sld_jtag_hub:\jtag_hub_gen:sld_jtag_hub_inst|sld_rom_sr:hub_info_reg|word_counter[0]~12                                                                  ; 1       ;
; sld_hub:auto_hub|sld_jtag_hub:\jtag_hub_gen:sld_jtag_hub_inst|sld_rom_sr:hub_info_reg|word_counter[0]~11                                                                  ; 1       ;
; sld_hub:auto_hub|sld_jtag_hub:\jtag_hub_gen:sld_jtag_hub_inst|design_hash_reg[2]                                                                                          ; 1       ;
; sld_hub:auto_hub|sld_jtag_hub:\jtag_hub_gen:sld_jtag_hub_inst|design_hash_reg[1]~1                                                                                        ; 1       ;
; sld_hub:auto_hub|sld_jtag_hub:\jtag_hub_gen:sld_jtag_hub_inst|mixer_addr_reg[4]~15                                                                                        ; 1       ;
; sld_hub:auto_hub|sld_jtag_hub:\jtag_hub_gen:sld_jtag_hub_inst|mixer_addr_reg[3]~14                                                                                        ; 1       ;
; sld_hub:auto_hub|sld_jtag_hub:\jtag_hub_gen:sld_jtag_hub_inst|mixer_addr_reg[3]~13                                                                                        ; 1       ;
; sld_hub:auto_hub|sld_jtag_hub:\jtag_hub_gen:sld_jtag_hub_inst|mixer_addr_reg[2]~10                                                                                        ; 1       ;
; sld_hub:auto_hub|sld_jtag_hub:\jtag_hub_gen:sld_jtag_hub_inst|mixer_addr_reg[2]~9                                                                                         ; 1       ;
; sld_hub:auto_hub|sld_jtag_hub:\jtag_hub_gen:sld_jtag_hub_inst|mixer_addr_reg[1]~8                                                                                         ; 1       ;
; sld_hub:auto_hub|sld_jtag_hub:\jtag_hub_gen:sld_jtag_hub_inst|mixer_addr_reg[1]~7                                                                                         ; 1       ;
; sld_hub:auto_hub|sld_jtag_hub:\jtag_hub_gen:sld_jtag_hub_inst|mixer_addr_reg[0]~6                                                                                         ; 1       ;
; sld_hub:auto_hub|sld_jtag_hub:\jtag_hub_gen:sld_jtag_hub_inst|mixer_addr_reg[0]~5                                                                                         ; 1       ;
; sld_hub:auto_hub|sld_jtag_hub:\jtag_hub_gen:sld_jtag_hub_inst|design_hash_reg[1]                                                                                          ; 1       ;
; sld_hub:auto_hub|sld_jtag_hub:\jtag_hub_gen:sld_jtag_hub_inst|design_hash_reg[0]~0                                                                                        ; 1       ;
; sld_hub:auto_hub|sld_jtag_hub:\jtag_hub_gen:sld_jtag_hub_inst|design_hash_reg[0]                                                                                          ; 1       ;
; altera_internal_jtag~TDO                                                                                                                                                  ; 1       ;
; upc:inst|74161:inst1|f74161:sub|9~0                                                                                                                                       ; 1       ;
; lab:inst16|inst~0                                                                                                                                                         ; 1       ;
; upc:inst5|74161:inst1|f74161:sub|9~0                                                                                                                                      ; 1       ;
; rom1:inst2|altsyncram:altsyncram_component|altsyncram_qlb1:auto_generated|sld_mod_ram_rom:mgl_prim2|sld_rom_sr:\ram_rom_logic_gen:name_gen:info_rom_sr|WORD_SR~17         ; 1       ;
; rom1:inst2|altsyncram:altsyncram_component|altsyncram_qlb1:auto_generated|sld_mod_ram_rom:mgl_prim2|ram_rom_data_reg~24                                                   ; 1       ;
; rom1:inst2|altsyncram:altsyncram_component|altsyncram_qlb1:auto_generated|sld_mod_ram_rom:mgl_prim2|ram_rom_data_reg~23                                                   ; 1       ;
; rom1:inst2|altsyncram:altsyncram_component|altsyncram_qlb1:auto_generated|sld_mod_ram_rom:mgl_prim2|ram_rom_data_reg~22                                                   ; 1       ;
; rom1:inst2|altsyncram:altsyncram_component|altsyncram_qlb1:auto_generated|sld_mod_ram_rom:mgl_prim2|ram_rom_data_reg~21                                                   ; 1       ;
; rom1:inst2|altsyncram:altsyncram_component|altsyncram_qlb1:auto_generated|sld_mod_ram_rom:mgl_prim2|ram_rom_data_reg~20                                                   ; 1       ;
; rom1:inst2|altsyncram:altsyncram_component|altsyncram_qlb1:auto_generated|sld_mod_ram_rom:mgl_prim2|ram_rom_data_reg~19                                                   ; 1       ;
; rom1:inst2|altsyncram:altsyncram_component|altsyncram_qlb1:auto_generated|sld_mod_ram_rom:mgl_prim2|ram_rom_data_reg~18                                                   ; 1       ;
; rom1:inst2|altsyncram:altsyncram_component|altsyncram_qlb1:auto_generated|sld_mod_ram_rom:mgl_prim2|ram_rom_data_reg~17                                                   ; 1       ;
; rom1:inst2|altsyncram:altsyncram_component|altsyncram_qlb1:auto_generated|sld_mod_ram_rom:mgl_prim2|ram_rom_data_reg~16                                                   ; 1       ;
; rom1:inst2|altsyncram:altsyncram_component|altsyncram_qlb1:auto_generated|sld_mod_ram_rom:mgl_prim2|ram_rom_data_reg~15                                                   ; 1       ;
; rom1:inst2|altsyncram:altsyncram_component|altsyncram_qlb1:auto_generated|sld_mod_ram_rom:mgl_prim2|ram_rom_data_reg~14                                                   ; 1       ;
; rom1:inst2|altsyncram:altsyncram_component|altsyncram_qlb1:auto_generated|sld_mod_ram_rom:mgl_prim2|ram_rom_data_reg~13                                                   ; 1       ;
; rom1:inst2|altsyncram:altsyncram_component|altsyncram_qlb1:auto_generated|sld_mod_ram_rom:mgl_prim2|ram_rom_data_reg~12                                                   ; 1       ;
; rom1:inst2|altsyncram:altsyncram_component|altsyncram_qlb1:auto_generated|sld_mod_ram_rom:mgl_prim2|ram_rom_data_reg~11                                                   ; 1       ;
; rom1:inst2|altsyncram:altsyncram_component|altsyncram_qlb1:auto_generated|sld_mod_ram_rom:mgl_prim2|ram_rom_data_reg~10                                                   ; 1       ;
; rom1:inst2|altsyncram:altsyncram_component|altsyncram_qlb1:auto_generated|sld_mod_ram_rom:mgl_prim2|sld_rom_sr:\ram_rom_logic_gen:name_gen:info_rom_sr|WORD_SR~16         ; 1       ;
; rom1:inst2|altsyncram:altsyncram_component|altsyncram_qlb1:auto_generated|sld_mod_ram_rom:mgl_prim2|sld_rom_sr:\ram_rom_logic_gen:name_gen:info_rom_sr|WORD_SR~15         ; 1       ;
; rom1:inst2|altsyncram:altsyncram_component|altsyncram_qlb1:auto_generated|sld_mod_ram_rom:mgl_prim2|sld_rom_sr:\ram_rom_logic_gen:name_gen:info_rom_sr|WORD_SR~14         ; 1       ;
; rom1:inst2|altsyncram:altsyncram_component|altsyncram_qlb1:auto_generated|sld_mod_ram_rom:mgl_prim2|sld_rom_sr:\ram_rom_logic_gen:name_gen:info_rom_sr|WORD_SR~13         ; 1       ;
; ram:inst15|altsyncram:altsyncram_component|altsyncram_oqj1:auto_generated|sld_mod_ram_rom:mgl_prim2|sld_rom_sr:\ram_rom_logic_gen:name_gen:info_rom_sr|WORD_SR~16         ; 1       ;
; ram:inst15|altsyncram:altsyncram_component|altsyncram_oqj1:auto_generated|sld_mod_ram_rom:mgl_prim2|sld_rom_sr:\ram_rom_logic_gen:name_gen:info_rom_sr|WORD_SR~15         ; 1       ;
; ram:inst15|altsyncram:altsyncram_component|altsyncram_oqj1:auto_generated|sld_mod_ram_rom:mgl_prim2|sld_rom_sr:\ram_rom_logic_gen:name_gen:info_rom_sr|WORD_SR~14         ; 1       ;
; rom1:inst2|altsyncram:altsyncram_component|altsyncram_qlb1:auto_generated|sld_mod_ram_rom:mgl_prim2|ram_rom_data_reg~9                                                    ; 1       ;
; rom1:inst2|altsyncram:altsyncram_component|altsyncram_qlb1:auto_generated|sld_mod_ram_rom:mgl_prim2|sld_rom_sr:\ram_rom_logic_gen:name_gen:info_rom_sr|WORD_SR~12         ; 1       ;
; rom1:inst2|altsyncram:altsyncram_component|altsyncram_qlb1:auto_generated|sld_mod_ram_rom:mgl_prim2|sld_rom_sr:\ram_rom_logic_gen:name_gen:info_rom_sr|WORD_SR~11         ; 1       ;
; rom1:inst2|altsyncram:altsyncram_component|altsyncram_qlb1:auto_generated|sld_mod_ram_rom:mgl_prim2|sld_rom_sr:\ram_rom_logic_gen:name_gen:info_rom_sr|WORD_SR~10         ; 1       ;
; rom1:inst2|altsyncram:altsyncram_component|altsyncram_qlb1:auto_generated|sld_mod_ram_rom:mgl_prim2|sld_rom_sr:\ram_rom_logic_gen:name_gen:info_rom_sr|WORD_SR[3]         ; 1       ;
; ram:inst15|altsyncram:altsyncram_component|altsyncram_oqj1:auto_generated|sld_mod_ram_rom:mgl_prim2|sld_rom_sr:\ram_rom_logic_gen:name_gen:info_rom_sr|WORD_SR~13         ; 1       ;
; ram:inst15|altsyncram:altsyncram_component|altsyncram_oqj1:auto_generated|sld_mod_ram_rom:mgl_prim2|sld_rom_sr:\ram_rom_logic_gen:name_gen:info_rom_sr|WORD_SR~12         ; 1       ;
; ram:inst15|altsyncram:altsyncram_component|altsyncram_oqj1:auto_generated|sld_mod_ram_rom:mgl_prim2|sld_rom_sr:\ram_rom_logic_gen:name_gen:info_rom_sr|WORD_SR~11         ; 1       ;
; ram:inst15|altsyncram:altsyncram_component|altsyncram_oqj1:auto_generated|sld_mod_ram_rom:mgl_prim2|sld_rom_sr:\ram_rom_logic_gen:name_gen:info_rom_sr|WORD_SR~10         ; 1       ;
; ram:inst15|altsyncram:altsyncram_component|altsyncram_oqj1:auto_generated|sld_mod_ram_rom:mgl_prim2|sld_rom_sr:\ram_rom_logic_gen:name_gen:info_rom_sr|WORD_SR[3]         ; 1       ;
; rom1:inst2|altsyncram:altsyncram_component|altsyncram_qlb1:auto_generated|sld_mod_ram_rom:mgl_prim2|ram_rom_data_reg~8                                                    ; 1       ;
; rom1:inst2|altsyncram:altsyncram_component|altsyncram_qlb1:auto_generated|sld_mod_ram_rom:mgl_prim2|ram_rom_data_reg~7                                                    ; 1       ;
; rom1:inst2|altsyncram:altsyncram_component|altsyncram_qlb1:auto_generated|sld_mod_ram_rom:mgl_prim2|ram_rom_data_reg~6                                                    ; 1       ;
; rom1:inst2|altsyncram:altsyncram_component|altsyncram_qlb1:auto_generated|sld_mod_ram_rom:mgl_prim2|ram_rom_data_reg~5                                                    ; 1       ;
; rom1:inst2|altsyncram:altsyncram_component|altsyncram_qlb1:auto_generated|sld_mod_ram_rom:mgl_prim2|ram_rom_data_reg~4                                                    ; 1       ;
; rom1:inst2|altsyncram:altsyncram_component|altsyncram_qlb1:auto_generated|sld_mod_ram_rom:mgl_prim2|ram_rom_data_reg~3                                                    ; 1       ;
; upc:inst|74161:inst|f74161:sub|110~0                                                                                                                                      ; 1       ;
; upc:inst|74161:inst|f74161:sub|106~0                                                                                                                                      ; 1       ;
; upc:inst|74161:inst|f74161:sub|99~0                                                                                                                                       ; 1       ;
; upc:inst|74161:inst|f74161:sub|87~0                                                                                                                                       ; 1       ;
; upc:inst|74161:inst|f74161:sub|9~0                                                                                                                                        ; 1       ;
; upc:inst|74161:inst1|f74161:sub|110~0                                                                                                                                     ; 1       ;
; upc:inst|74161:inst1|f74161:sub|99~0                                                                                                                                      ; 1       ;
; upc:inst|74161:inst1|f74161:sub|87~0                                                                                                                                      ; 1       ;
; rom1:inst2|altsyncram:altsyncram_component|altsyncram_qlb1:auto_generated|sld_mod_ram_rom:mgl_prim2|ram_rom_data_shift_cntr_reg[3]~7                                      ; 1       ;
; rom1:inst2|altsyncram:altsyncram_component|altsyncram_qlb1:auto_generated|sld_mod_ram_rom:mgl_prim2|ram_rom_data_shift_cntr_reg[0]~6                                      ; 1       ;
; rom1:inst2|altsyncram:altsyncram_component|altsyncram_qlb1:auto_generated|sld_mod_ram_rom:mgl_prim2|ram_rom_data_shift_cntr_reg[2]~5                                      ; 1       ;
; rom1:inst2|altsyncram:altsyncram_component|altsyncram_qlb1:auto_generated|sld_mod_ram_rom:mgl_prim2|ram_rom_data_shift_cntr_reg[4]~4                                      ; 1       ;
; rom1:inst2|altsyncram:altsyncram_component|altsyncram_qlb1:auto_generated|sld_mod_ram_rom:mgl_prim2|ram_rom_data_shift_cntr_reg[1]~1                                      ; 1       ;
; rom1:inst2|altsyncram:altsyncram_component|altsyncram_qlb1:auto_generated|sld_mod_ram_rom:mgl_prim2|ram_rom_data_reg~2                                                    ; 1       ;
; rom1:inst2|altsyncram:altsyncram_component|altsyncram_qlb1:auto_generated|sld_mod_ram_rom:mgl_prim2|sld_rom_sr:\ram_rom_logic_gen:name_gen:info_rom_sr|WORD_SR~9          ; 1       ;
; rom1:inst2|altsyncram:altsyncram_component|altsyncram_qlb1:auto_generated|sld_mod_ram_rom:mgl_prim2|sld_rom_sr:\ram_rom_logic_gen:name_gen:info_rom_sr|WORD_SR~8          ; 1       ;
; rom1:inst2|altsyncram:altsyncram_component|altsyncram_qlb1:auto_generated|sld_mod_ram_rom:mgl_prim2|sld_rom_sr:\ram_rom_logic_gen:name_gen:info_rom_sr|WORD_SR[2]         ; 1       ;
; rom1:inst2|altsyncram:altsyncram_component|altsyncram_qlb1:auto_generated|sld_mod_ram_rom:mgl_prim2|sld_rom_sr:\ram_rom_logic_gen:name_gen:info_rom_sr|word_counter[0]~11 ; 1       ;
; rom1:inst2|altsyncram:altsyncram_component|altsyncram_qlb1:auto_generated|sld_mod_ram_rom:mgl_prim2|ram_rom_addr_reg[5]~10                                                ; 1       ;
; ram:inst15|altsyncram:altsyncram_component|altsyncram_oqj1:auto_generated|sld_mod_ram_rom:mgl_prim2|ram_rom_data_shift_cntr_reg[0]~2                                      ; 1       ;
; ram:inst15|altsyncram:altsyncram_component|altsyncram_oqj1:auto_generated|sld_mod_ram_rom:mgl_prim2|ram_rom_data_shift_cntr_reg[2]~1                                      ; 1       ;
; ram:inst15|altsyncram:altsyncram_component|altsyncram_oqj1:auto_generated|sld_mod_ram_rom:mgl_prim2|ram_rom_data_shift_cntr_reg[1]~0                                      ; 1       ;
; ram:inst15|altsyncram:altsyncram_component|altsyncram_oqj1:auto_generated|sld_mod_ram_rom:mgl_prim2|sld_rom_sr:\ram_rom_logic_gen:name_gen:info_rom_sr|WORD_SR~8          ; 1       ;
; ram:inst15|altsyncram:altsyncram_component|altsyncram_oqj1:auto_generated|sld_mod_ram_rom:mgl_prim2|sld_rom_sr:\ram_rom_logic_gen:name_gen:info_rom_sr|WORD_SR~7          ; 1       ;
; ram:inst15|altsyncram:altsyncram_component|altsyncram_oqj1:auto_generated|sld_mod_ram_rom:mgl_prim2|sld_rom_sr:\ram_rom_logic_gen:name_gen:info_rom_sr|WORD_SR[2]         ; 1       ;
; ram:inst15|altsyncram:altsyncram_component|altsyncram_oqj1:auto_generated|sld_mod_ram_rom:mgl_prim2|ram_rom_data_reg~8                                                    ; 1       ;
; ram:inst15|altsyncram:altsyncram_component|altsyncram_oqj1:auto_generated|sld_mod_ram_rom:mgl_prim2|ram_rom_data_reg~7                                                    ; 1       ;
; ram:inst15|altsyncram:altsyncram_component|altsyncram_oqj1:auto_generated|sld_mod_ram_rom:mgl_prim2|ram_rom_data_reg~6                                                    ; 1       ;
; ram:inst15|altsyncram:altsyncram_component|altsyncram_oqj1:auto_generated|sld_mod_ram_rom:mgl_prim2|ram_rom_data_reg~5                                                    ; 1       ;
; ram:inst15|altsyncram:altsyncram_component|altsyncram_oqj1:auto_generated|sld_mod_ram_rom:mgl_prim2|ram_rom_data_reg~4                                                    ; 1       ;
; ram:inst15|altsyncram:altsyncram_component|altsyncram_oqj1:auto_generated|sld_mod_ram_rom:mgl_prim2|ram_rom_data_reg~3                                                    ; 1       ;
; ram:inst15|altsyncram:altsyncram_component|altsyncram_oqj1:auto_generated|sld_mod_ram_rom:mgl_prim2|ram_rom_incr_addr~2                                                   ; 1       ;
; ram:inst15|altsyncram:altsyncram_component|altsyncram_oqj1:auto_generated|sld_mod_ram_rom:mgl_prim2|ram_rom_incr_addr~1                                                   ; 1       ;
; ram:inst15|altsyncram:altsyncram_component|altsyncram_oqj1:auto_generated|sld_mod_ram_rom:mgl_prim2|ram_rom_data_reg~2                                                    ; 1       ;
; upc:inst5|74161:inst|f74161:sub|110~0                                                                                                                                     ; 1       ;
; upc:inst5|74161:inst|f74161:sub|106~0                                                                                                                                     ; 1       ;
; upc:inst5|74161:inst|f74161:sub|99~0                                                                                                                                      ; 1       ;
; upc:inst5|74161:inst|f74161:sub|87~0                                                                                                                                      ; 1       ;
; upc:inst5|74161:inst|f74161:sub|9~0                                                                                                                                       ; 1       ;
; upc:inst5|74161:inst1|f74161:sub|110~0                                                                                                                                    ; 1       ;
; upc:inst5|74161:inst1|f74161:sub|99~0                                                                                                                                     ; 1       ;
; upc:inst5|74161:inst1|f74161:sub|87~0                                                                                                                                     ; 1       ;
; rom1:inst2|altsyncram:altsyncram_component|altsyncram_qlb1:auto_generated|sld_mod_ram_rom:mgl_prim2|ram_rom_data_reg~0                                                    ; 1       ;
; rom1:inst2|altsyncram:altsyncram_component|altsyncram_qlb1:auto_generated|sld_mod_ram_rom:mgl_prim2|bypass_reg_out~0                                                      ; 1       ;
; rom1:inst2|altsyncram:altsyncram_component|altsyncram_qlb1:auto_generated|sld_mod_ram_rom:mgl_prim2|sld_rom_sr:\ram_rom_logic_gen:name_gen:info_rom_sr|WORD_SR~6          ; 1       ;
; rom1:inst2|altsyncram:altsyncram_component|altsyncram_qlb1:auto_generated|sld_mod_ram_rom:mgl_prim2|sld_rom_sr:\ram_rom_logic_gen:name_gen:info_rom_sr|WORD_SR[1]         ; 1       ;
; rom1:inst2|altsyncram:altsyncram_component|altsyncram_qlb1:auto_generated|sld_mod_ram_rom:mgl_prim2|sld_rom_sr:\ram_rom_logic_gen:name_gen:info_rom_sr|WORD_SR~5          ; 1       ;
; rom1:inst2|altsyncram:altsyncram_component|altsyncram_qlb1:auto_generated|sld_mod_ram_rom:mgl_prim2|sld_rom_sr:\ram_rom_logic_gen:name_gen:info_rom_sr|WORD_SR~4          ; 1       ;
; rom1:inst2|altsyncram:altsyncram_component|altsyncram_qlb1:auto_generated|sld_mod_ram_rom:mgl_prim2|sld_rom_sr:\ram_rom_logic_gen:name_gen:info_rom_sr|WORD_SR~3          ; 1       ;
; rom1:inst2|altsyncram:altsyncram_component|altsyncram_qlb1:auto_generated|sld_mod_ram_rom:mgl_prim2|is_in_use_reg~0                                                       ; 1       ;
; ram:inst15|altsyncram:altsyncram_component|altsyncram_oqj1:auto_generated|sld_mod_ram_rom:mgl_prim2|bypass_reg_out~0                                                      ; 1       ;
; ram:inst15|altsyncram:altsyncram_component|altsyncram_oqj1:auto_generated|sld_mod_ram_rom:mgl_prim2|ram_rom_data_reg~0                                                    ; 1       ;
; ram:inst15|altsyncram:altsyncram_component|altsyncram_oqj1:auto_generated|sld_mod_ram_rom:mgl_prim2|sld_rom_sr:\ram_rom_logic_gen:name_gen:info_rom_sr|WORD_SR~5          ; 1       ;
; ram:inst15|altsyncram:altsyncram_component|altsyncram_oqj1:auto_generated|sld_mod_ram_rom:mgl_prim2|sld_rom_sr:\ram_rom_logic_gen:name_gen:info_rom_sr|WORD_SR~4          ; 1       ;
; ram:inst15|altsyncram:altsyncram_component|altsyncram_oqj1:auto_generated|sld_mod_ram_rom:mgl_prim2|sld_rom_sr:\ram_rom_logic_gen:name_gen:info_rom_sr|WORD_SR~3          ; 1       ;
; ram:inst15|altsyncram:altsyncram_component|altsyncram_oqj1:auto_generated|sld_mod_ram_rom:mgl_prim2|sld_rom_sr:\ram_rom_logic_gen:name_gen:info_rom_sr|WORD_SR~0          ; 1       ;
; ram:inst15|altsyncram:altsyncram_component|altsyncram_oqj1:auto_generated|sld_mod_ram_rom:mgl_prim2|sld_rom_sr:\ram_rom_logic_gen:name_gen:info_rom_sr|WORD_SR[1]         ; 1       ;
; ram:inst15|altsyncram:altsyncram_component|altsyncram_oqj1:auto_generated|sld_mod_ram_rom:mgl_prim2|is_in_use_reg~0                                                       ; 1       ;
; Select:inst10|inst36s                                                                                                                                                     ; 1       ;
; 74273:inst6|12                                                                                                                                                            ; 1       ;
; Select:inst10|inst35s                                                                                                                                                     ; 1       ;
; 74273:inst6|13                                                                                                                                                            ; 1       ;
; Select:inst10|inst34s                                                                                                                                                     ; 1       ;
; 74273:inst6|14                                                                                                                                                            ; 1       ;
; Select:inst10|inst33s                                                                                                                                                     ; 1       ;
; 74273:inst6|15                                                                                                                                                            ; 1       ;
; Select:inst10|inst32s                                                                                                                                                     ; 1       ;
; 74273:inst6|16                                                                                                                                                            ; 1       ;
; Select:inst10|inst31ss                                                                                                                                                    ; 1       ;
; 74273:inst6|17                                                                                                                                                            ; 1       ;
; Select:inst10|inst30ss                                                                                                                                                    ; 1       ;
; 74273:inst6|18                                                                                                                                                            ; 1       ;
; Select:inst10|inst29s                                                                                                                                                     ; 1       ;
; 74273:inst6|19                                                                                                                                                            ; 1       ;
; ram:inst15|altsyncram:altsyncram_component|altsyncram_oqj1:auto_generated|sld_mod_ram_rom:mgl_prim2|enable_write~0                                                        ; 1       ;
; rom1:inst2|altsyncram:altsyncram_component|altsyncram_qlb1:auto_generated|sld_mod_ram_rom:mgl_prim2|tdo~1                                                                 ; 1       ;
; rom1:inst2|altsyncram:altsyncram_component|altsyncram_qlb1:auto_generated|sld_mod_ram_rom:mgl_prim2|tdo~0                                                                 ; 1       ;
; rom1:inst2|altsyncram:altsyncram_component|altsyncram_qlb1:auto_generated|sld_mod_ram_rom:mgl_prim2|sld_rom_sr:\ram_rom_logic_gen:name_gen:info_rom_sr|WORD_SR[0]         ; 1       ;
; rom1:inst2|altsyncram:altsyncram_component|altsyncram_qlb1:auto_generated|sld_mod_ram_rom:mgl_prim2|ir_loaded_address_reg[3]                                              ; 1       ;
; rom1:inst2|altsyncram:altsyncram_component|altsyncram_qlb1:auto_generated|sld_mod_ram_rom:mgl_prim2|ir_loaded_address_reg[2]                                              ; 1       ;
; rom1:inst2|altsyncram:altsyncram_component|altsyncram_qlb1:auto_generated|sld_mod_ram_rom:mgl_prim2|ir_loaded_address_reg[1]                                              ; 1       ;
; rom1:inst2|altsyncram:altsyncram_component|altsyncram_qlb1:auto_generated|sld_mod_ram_rom:mgl_prim2|ir_loaded_address_reg[0]                                              ; 1       ;
; ram:inst15|altsyncram:altsyncram_component|altsyncram_oqj1:auto_generated|sld_mod_ram_rom:mgl_prim2|tdo~1                                                                 ; 1       ;
; ram:inst15|altsyncram:altsyncram_component|altsyncram_oqj1:auto_generated|sld_mod_ram_rom:mgl_prim2|tdo~0                                                                 ; 1       ;
; ram:inst15|altsyncram:altsyncram_component|altsyncram_oqj1:auto_generated|sld_mod_ram_rom:mgl_prim2|sld_rom_sr:\ram_rom_logic_gen:name_gen:info_rom_sr|WORD_SR[0]         ; 1       ;
; ram:inst15|altsyncram:altsyncram_component|altsyncram_oqj1:auto_generated|sld_mod_ram_rom:mgl_prim2|ir_loaded_address_reg[3]                                              ; 1       ;
; ram:inst15|altsyncram:altsyncram_component|altsyncram_oqj1:auto_generated|sld_mod_ram_rom:mgl_prim2|ir_loaded_address_reg[2]                                              ; 1       ;
; ram:inst15|altsyncram:altsyncram_component|altsyncram_oqj1:auto_generated|sld_mod_ram_rom:mgl_prim2|ir_loaded_address_reg[1]                                              ; 1       ;
; ram:inst15|altsyncram:altsyncram_component|altsyncram_oqj1:auto_generated|sld_mod_ram_rom:mgl_prim2|ir_loaded_address_reg[0]                                              ; 1       ;
; uIR:inst4|74273:inst|19                                                                                                                                                   ; 1       ;
; uIR:inst4|74273:inst|12                                                                                                                                                   ; 1       ;
; rom1:inst2|altsyncram:altsyncram_component|altsyncram_qlb1:auto_generated|altsyncram_67d2:altsyncram1|q_b[19]                                                             ; 1       ;
; rom1:inst2|altsyncram:altsyncram_component|altsyncram_qlb1:auto_generated|altsyncram_67d2:altsyncram1|q_b[20]                                                             ; 1       ;
; rom1:inst2|altsyncram:altsyncram_component|altsyncram_qlb1:auto_generated|altsyncram_67d2:altsyncram1|q_b[21]                                                             ; 1       ;
; rom1:inst2|altsyncram:altsyncram_component|altsyncram_qlb1:auto_generated|altsyncram_67d2:altsyncram1|q_b[22]                                                             ; 1       ;
; rom1:inst2|altsyncram:altsyncram_component|altsyncram_qlb1:auto_generated|altsyncram_67d2:altsyncram1|q_b[23]                                                             ; 1       ;
; rom1:inst2|altsyncram:altsyncram_component|altsyncram_qlb1:auto_generated|altsyncram_67d2:altsyncram1|q_b[18]                                                             ; 1       ;
; rom1:inst2|altsyncram:altsyncram_component|altsyncram_qlb1:auto_generated|sld_mod_ram_rom:mgl_prim2|ram_rom_addr_reg[7]~24                                                ; 1       ;
; rom1:inst2|altsyncram:altsyncram_component|altsyncram_qlb1:auto_generated|sld_mod_ram_rom:mgl_prim2|ram_rom_addr_reg[6]~23                                                ; 1       ;
; rom1:inst2|altsyncram:altsyncram_component|altsyncram_qlb1:auto_generated|sld_mod_ram_rom:mgl_prim2|ram_rom_addr_reg[6]~22                                                ; 1       ;
; rom1:inst2|altsyncram:altsyncram_component|altsyncram_qlb1:auto_generated|sld_mod_ram_rom:mgl_prim2|ram_rom_addr_reg[5]~21                                                ; 1       ;
; rom1:inst2|altsyncram:altsyncram_component|altsyncram_qlb1:auto_generated|sld_mod_ram_rom:mgl_prim2|ram_rom_addr_reg[5]~20                                                ; 1       ;
; rom1:inst2|altsyncram:altsyncram_component|altsyncram_qlb1:auto_generated|sld_mod_ram_rom:mgl_prim2|ram_rom_addr_reg[4]~19                                                ; 1       ;
; rom1:inst2|altsyncram:altsyncram_component|altsyncram_qlb1:auto_generated|sld_mod_ram_rom:mgl_prim2|ram_rom_addr_reg[4]~18                                                ; 1       ;
; rom1:inst2|altsyncram:altsyncram_component|altsyncram_qlb1:auto_generated|sld_mod_ram_rom:mgl_prim2|Add1~8                                                                ; 1       ;
; rom1:inst2|altsyncram:altsyncram_component|altsyncram_qlb1:auto_generated|sld_mod_ram_rom:mgl_prim2|Add1~7                                                                ; 1       ;
; rom1:inst2|altsyncram:altsyncram_component|altsyncram_qlb1:auto_generated|sld_mod_ram_rom:mgl_prim2|Add1~6                                                                ; 1       ;
; rom1:inst2|altsyncram:altsyncram_component|altsyncram_qlb1:auto_generated|sld_mod_ram_rom:mgl_prim2|Add1~5                                                                ; 1       ;
; rom1:inst2|altsyncram:altsyncram_component|altsyncram_qlb1:auto_generated|sld_mod_ram_rom:mgl_prim2|Add1~4                                                                ; 1       ;
; rom1:inst2|altsyncram:altsyncram_component|altsyncram_qlb1:auto_generated|sld_mod_ram_rom:mgl_prim2|Add1~3                                                                ; 1       ;
; rom1:inst2|altsyncram:altsyncram_component|altsyncram_qlb1:auto_generated|sld_mod_ram_rom:mgl_prim2|Add1~2                                                                ; 1       ;
; rom1:inst2|altsyncram:altsyncram_component|altsyncram_qlb1:auto_generated|sld_mod_ram_rom:mgl_prim2|Add1~1                                                                ; 1       ;
; rom1:inst2|altsyncram:altsyncram_component|altsyncram_qlb1:auto_generated|sld_mod_ram_rom:mgl_prim2|Add1~0                                                                ; 1       ;
; rom1:inst2|altsyncram:altsyncram_component|altsyncram_qlb1:auto_generated|sld_mod_ram_rom:mgl_prim2|sld_rom_sr:\ram_rom_logic_gen:name_gen:info_rom_sr|word_counter[4]~17 ; 1       ;
; rom1:inst2|altsyncram:altsyncram_component|altsyncram_qlb1:auto_generated|sld_mod_ram_rom:mgl_prim2|sld_rom_sr:\ram_rom_logic_gen:name_gen:info_rom_sr|word_counter[3]~16 ; 1       ;
; rom1:inst2|altsyncram:altsyncram_component|altsyncram_qlb1:auto_generated|sld_mod_ram_rom:mgl_prim2|sld_rom_sr:\ram_rom_logic_gen:name_gen:info_rom_sr|word_counter[3]~15 ; 1       ;
; rom1:inst2|altsyncram:altsyncram_component|altsyncram_qlb1:auto_generated|sld_mod_ram_rom:mgl_prim2|sld_rom_sr:\ram_rom_logic_gen:name_gen:info_rom_sr|word_counter[2]~14 ; 1       ;
; rom1:inst2|altsyncram:altsyncram_component|altsyncram_qlb1:auto_generated|sld_mod_ram_rom:mgl_prim2|sld_rom_sr:\ram_rom_logic_gen:name_gen:info_rom_sr|word_counter[2]~13 ; 1       ;
; rom1:inst2|altsyncram:altsyncram_component|altsyncram_qlb1:auto_generated|sld_mod_ram_rom:mgl_prim2|sld_rom_sr:\ram_rom_logic_gen:name_gen:info_rom_sr|word_counter[1]~10 ; 1       ;
; rom1:inst2|altsyncram:altsyncram_component|altsyncram_qlb1:auto_generated|sld_mod_ram_rom:mgl_prim2|sld_rom_sr:\ram_rom_logic_gen:name_gen:info_rom_sr|word_counter[1]~9  ; 1       ;
; rom1:inst2|altsyncram:altsyncram_component|altsyncram_qlb1:auto_generated|sld_mod_ram_rom:mgl_prim2|sld_rom_sr:\ram_rom_logic_gen:name_gen:info_rom_sr|word_counter[0]~8  ; 1       ;
; rom1:inst2|altsyncram:altsyncram_component|altsyncram_qlb1:auto_generated|sld_mod_ram_rom:mgl_prim2|sld_rom_sr:\ram_rom_logic_gen:name_gen:info_rom_sr|word_counter[0]~7  ; 1       ;
; rom1:inst2|altsyncram:altsyncram_component|altsyncram_qlb1:auto_generated|sld_mod_ram_rom:mgl_prim2|ram_rom_addr_reg[3]~17                                                ; 1       ;
; rom1:inst2|altsyncram:altsyncram_component|altsyncram_qlb1:auto_generated|sld_mod_ram_rom:mgl_prim2|ram_rom_addr_reg[3]~16                                                ; 1       ;
; rom1:inst2|altsyncram:altsyncram_component|altsyncram_qlb1:auto_generated|sld_mod_ram_rom:mgl_prim2|ram_rom_addr_reg[2]~15                                                ; 1       ;
; rom1:inst2|altsyncram:altsyncram_component|altsyncram_qlb1:auto_generated|sld_mod_ram_rom:mgl_prim2|ram_rom_addr_reg[2]~14                                                ; 1       ;
; rom1:inst2|altsyncram:altsyncram_component|altsyncram_qlb1:auto_generated|sld_mod_ram_rom:mgl_prim2|ram_rom_addr_reg[1]~13                                                ; 1       ;
; rom1:inst2|altsyncram:altsyncram_component|altsyncram_qlb1:auto_generated|sld_mod_ram_rom:mgl_prim2|ram_rom_addr_reg[1]~12                                                ; 1       ;
; rom1:inst2|altsyncram:altsyncram_component|altsyncram_qlb1:auto_generated|sld_mod_ram_rom:mgl_prim2|ram_rom_addr_reg[0]~9                                                 ; 1       ;
; rom1:inst2|altsyncram:altsyncram_component|altsyncram_qlb1:auto_generated|sld_mod_ram_rom:mgl_prim2|ram_rom_addr_reg[0]~8                                                 ; 1       ;
; ram:inst15|altsyncram:altsyncram_component|altsyncram_oqj1:auto_generated|sld_mod_ram_rom:mgl_prim2|sld_rom_sr:\ram_rom_logic_gen:name_gen:info_rom_sr|word_counter[4]~13 ; 1       ;
; ram:inst15|altsyncram:altsyncram_component|altsyncram_oqj1:auto_generated|sld_mod_ram_rom:mgl_prim2|sld_rom_sr:\ram_rom_logic_gen:name_gen:info_rom_sr|word_counter[3]~12 ; 1       ;
; ram:inst15|altsyncram:altsyncram_component|altsyncram_oqj1:auto_generated|sld_mod_ram_rom:mgl_prim2|sld_rom_sr:\ram_rom_logic_gen:name_gen:info_rom_sr|word_counter[3]~11 ; 1       ;
; ram:inst15|altsyncram:altsyncram_component|altsyncram_oqj1:auto_generated|sld_mod_ram_rom:mgl_prim2|sld_rom_sr:\ram_rom_logic_gen:name_gen:info_rom_sr|word_counter[2]~10 ; 1       ;
; ram:inst15|altsyncram:altsyncram_component|altsyncram_oqj1:auto_generated|sld_mod_ram_rom:mgl_prim2|sld_rom_sr:\ram_rom_logic_gen:name_gen:info_rom_sr|word_counter[2]~9  ; 1       ;
; ram:inst15|altsyncram:altsyncram_component|altsyncram_oqj1:auto_generated|sld_mod_ram_rom:mgl_prim2|sld_rom_sr:\ram_rom_logic_gen:name_gen:info_rom_sr|word_counter[1]~8  ; 1       ;
; ram:inst15|altsyncram:altsyncram_component|altsyncram_oqj1:auto_generated|sld_mod_ram_rom:mgl_prim2|sld_rom_sr:\ram_rom_logic_gen:name_gen:info_rom_sr|word_counter[1]~7  ; 1       ;
; ram:inst15|altsyncram:altsyncram_component|altsyncram_oqj1:auto_generated|sld_mod_ram_rom:mgl_prim2|sld_rom_sr:\ram_rom_logic_gen:name_gen:info_rom_sr|word_counter[0]~6  ; 1       ;
; ram:inst15|altsyncram:altsyncram_component|altsyncram_oqj1:auto_generated|sld_mod_ram_rom:mgl_prim2|sld_rom_sr:\ram_rom_logic_gen:name_gen:info_rom_sr|word_counter[0]~5  ; 1       ;
; ram:inst15|altsyncram:altsyncram_component|altsyncram_oqj1:auto_generated|sld_mod_ram_rom:mgl_prim2|ram_rom_addr_reg[7]~23                                                ; 1       ;
; ram:inst15|altsyncram:altsyncram_component|altsyncram_oqj1:auto_generated|sld_mod_ram_rom:mgl_prim2|ram_rom_addr_reg[6]~22                                                ; 1       ;
; ram:inst15|altsyncram:altsyncram_component|altsyncram_oqj1:auto_generated|sld_mod_ram_rom:mgl_prim2|ram_rom_addr_reg[6]~21                                                ; 1       ;
; ram:inst15|altsyncram:altsyncram_component|altsyncram_oqj1:auto_generated|sld_mod_ram_rom:mgl_prim2|ram_rom_addr_reg[5]~20                                                ; 1       ;
; ram:inst15|altsyncram:altsyncram_component|altsyncram_oqj1:auto_generated|sld_mod_ram_rom:mgl_prim2|ram_rom_addr_reg[5]~19                                                ; 1       ;
; ram:inst15|altsyncram:altsyncram_component|altsyncram_oqj1:auto_generated|sld_mod_ram_rom:mgl_prim2|ram_rom_addr_reg[4]~18                                                ; 1       ;
; ram:inst15|altsyncram:altsyncram_component|altsyncram_oqj1:auto_generated|sld_mod_ram_rom:mgl_prim2|ram_rom_addr_reg[4]~17                                                ; 1       ;
; ram:inst15|altsyncram:altsyncram_component|altsyncram_oqj1:auto_generated|sld_mod_ram_rom:mgl_prim2|ram_rom_addr_reg[3]~16                                                ; 1       ;
; ram:inst15|altsyncram:altsyncram_component|altsyncram_oqj1:auto_generated|sld_mod_ram_rom:mgl_prim2|ram_rom_addr_reg[3]~15                                                ; 1       ;
; ram:inst15|altsyncram:altsyncram_component|altsyncram_oqj1:auto_generated|sld_mod_ram_rom:mgl_prim2|ram_rom_addr_reg[2]~14                                                ; 1       ;
; ram:inst15|altsyncram:altsyncram_component|altsyncram_oqj1:auto_generated|sld_mod_ram_rom:mgl_prim2|ram_rom_addr_reg[2]~13                                                ; 1       ;
; ram:inst15|altsyncram:altsyncram_component|altsyncram_oqj1:auto_generated|sld_mod_ram_rom:mgl_prim2|ram_rom_addr_reg[1]~12                                                ; 1       ;
; ram:inst15|altsyncram:altsyncram_component|altsyncram_oqj1:auto_generated|sld_mod_ram_rom:mgl_prim2|ram_rom_addr_reg[1]~11                                                ; 1       ;
; ram:inst15|altsyncram:altsyncram_component|altsyncram_oqj1:auto_generated|sld_mod_ram_rom:mgl_prim2|ram_rom_addr_reg[0]~9                                                 ; 1       ;
; ram:inst15|altsyncram:altsyncram_component|altsyncram_oqj1:auto_generated|sld_mod_ram_rom:mgl_prim2|ram_rom_addr_reg[0]~8                                                 ; 1       ;
; rom1:inst2|altsyncram:altsyncram_component|altsyncram_qlb1:auto_generated|altsyncram_67d2:altsyncram1|q_b[1]                                                              ; 1       ;
; rom1:inst2|altsyncram:altsyncram_component|altsyncram_qlb1:auto_generated|altsyncram_67d2:altsyncram1|q_b[2]                                                              ; 1       ;
; rom1:inst2|altsyncram:altsyncram_component|altsyncram_qlb1:auto_generated|altsyncram_67d2:altsyncram1|q_b[3]                                                              ; 1       ;
; rom1:inst2|altsyncram:altsyncram_component|altsyncram_qlb1:auto_generated|altsyncram_67d2:altsyncram1|q_b[4]                                                              ; 1       ;
; rom1:inst2|altsyncram:altsyncram_component|altsyncram_qlb1:auto_generated|altsyncram_67d2:altsyncram1|q_b[5]                                                              ; 1       ;
; rom1:inst2|altsyncram:altsyncram_component|altsyncram_qlb1:auto_generated|altsyncram_67d2:altsyncram1|q_b[6]                                                              ; 1       ;
; rom1:inst2|altsyncram:altsyncram_component|altsyncram_qlb1:auto_generated|altsyncram_67d2:altsyncram1|q_b[7]                                                              ; 1       ;
; rom1:inst2|altsyncram:altsyncram_component|altsyncram_qlb1:auto_generated|altsyncram_67d2:altsyncram1|q_b[8]                                                              ; 1       ;
; rom1:inst2|altsyncram:altsyncram_component|altsyncram_qlb1:auto_generated|altsyncram_67d2:altsyncram1|q_b[9]                                                              ; 1       ;
; rom1:inst2|altsyncram:altsyncram_component|altsyncram_qlb1:auto_generated|altsyncram_67d2:altsyncram1|q_b[10]                                                             ; 1       ;
; rom1:inst2|altsyncram:altsyncram_component|altsyncram_qlb1:auto_generated|altsyncram_67d2:altsyncram1|q_b[11]                                                             ; 1       ;
; rom1:inst2|altsyncram:altsyncram_component|altsyncram_qlb1:auto_generated|altsyncram_67d2:altsyncram1|q_b[12]                                                             ; 1       ;
; rom1:inst2|altsyncram:altsyncram_component|altsyncram_qlb1:auto_generated|altsyncram_67d2:altsyncram1|q_b[13]                                                             ; 1       ;
; rom1:inst2|altsyncram:altsyncram_component|altsyncram_qlb1:auto_generated|altsyncram_67d2:altsyncram1|q_b[14]                                                             ; 1       ;
; rom1:inst2|altsyncram:altsyncram_component|altsyncram_qlb1:auto_generated|altsyncram_67d2:altsyncram1|q_b[15]                                                             ; 1       ;
; rom1:inst2|altsyncram:altsyncram_component|altsyncram_qlb1:auto_generated|altsyncram_67d2:altsyncram1|q_b[16]                                                             ; 1       ;
; rom1:inst2|altsyncram:altsyncram_component|altsyncram_qlb1:auto_generated|altsyncram_67d2:altsyncram1|q_b[17]                                                             ; 1       ;
; rom1:inst2|altsyncram:altsyncram_component|altsyncram_qlb1:auto_generated|altsyncram_67d2:altsyncram1|q_a[1]                                                              ; 1       ;
; rom1:inst2|altsyncram:altsyncram_component|altsyncram_qlb1:auto_generated|altsyncram_67d2:altsyncram1|q_a[2]                                                              ; 1       ;
; rom1:inst2|altsyncram:altsyncram_component|altsyncram_qlb1:auto_generated|altsyncram_67d2:altsyncram1|q_a[3]                                                              ; 1       ;
; rom1:inst2|altsyncram:altsyncram_component|altsyncram_qlb1:auto_generated|altsyncram_67d2:altsyncram1|q_a[4]                                                              ; 1       ;
; rom1:inst2|altsyncram:altsyncram_component|altsyncram_qlb1:auto_generated|altsyncram_67d2:altsyncram1|q_a[5]                                                              ; 1       ;
; rom1:inst2|altsyncram:altsyncram_component|altsyncram_qlb1:auto_generated|altsyncram_67d2:altsyncram1|q_a[6]                                                              ; 1       ;
; rom1:inst2|altsyncram:altsyncram_component|altsyncram_qlb1:auto_generated|altsyncram_67d2:altsyncram1|q_a[7]                                                              ; 1       ;
; rom1:inst2|altsyncram:altsyncram_component|altsyncram_qlb1:auto_generated|altsyncram_67d2:altsyncram1|q_b[0]                                                              ; 1       ;
; rom1:inst2|altsyncram:altsyncram_component|altsyncram_qlb1:auto_generated|altsyncram_67d2:altsyncram1|q_a[0]                                                              ; 1       ;
; ram:inst15|altsyncram:altsyncram_component|altsyncram_oqj1:auto_generated|altsyncram_m3a2:altsyncram1|q_b[1]                                                              ; 1       ;
; ram:inst15|altsyncram:altsyncram_component|altsyncram_oqj1:auto_generated|altsyncram_m3a2:altsyncram1|q_b[2]                                                              ; 1       ;
; ram:inst15|altsyncram:altsyncram_component|altsyncram_oqj1:auto_generated|altsyncram_m3a2:altsyncram1|q_b[3]                                                              ; 1       ;
; ram:inst15|altsyncram:altsyncram_component|altsyncram_oqj1:auto_generated|altsyncram_m3a2:altsyncram1|q_b[4]                                                              ; 1       ;
; ram:inst15|altsyncram:altsyncram_component|altsyncram_oqj1:auto_generated|altsyncram_m3a2:altsyncram1|q_b[5]                                                              ; 1       ;
; ram:inst15|altsyncram:altsyncram_component|altsyncram_oqj1:auto_generated|altsyncram_m3a2:altsyncram1|q_b[6]                                                              ; 1       ;
; ram:inst15|altsyncram:altsyncram_component|altsyncram_oqj1:auto_generated|altsyncram_m3a2:altsyncram1|q_b[7]                                                              ; 1       ;
; ram:inst15|altsyncram:altsyncram_component|altsyncram_oqj1:auto_generated|altsyncram_m3a2:altsyncram1|q_b[0]                                                              ; 1       ;
+---------------------------------------------------------------------------------------------------------------------------------------------------------------------------+---------+


+---------------------------------------------------------------------------------------------------------------------------------------------------------------------------------------------------------------------------------------------------------------------------------------------------------------------------------------------------------------------------------------------------------------------------------------------------------------------------------------------------------------------------------------------------------------------------------------------+
; Fitter RAM Summary                                                                                                                                                                                                                                                                                                                                                                                                                                                                                                                                                                          ;
+------------------------------------------------------------------------------------------------------------------+------+----------------+-------------+--------------+--------------+--------------+--------------+------------------------+-------------------------+------------------------+-------------------------+------+-----------------------------+-----------------------------+-----------------------------+-----------------------------+---------------------+------+----------+--------------------------------+----------------------+-----------------+-----------------+
; Name                                                                                                             ; Type ; Mode           ; Clock Mode  ; Port A Depth ; Port A Width ; Port B Depth ; Port B Width ; Port A Input Registers ; Port A Output Registers ; Port B Input Registers ; Port B Output Registers ; Size ; Implementation Port A Depth ; Implementation Port A Width ; Implementation Port B Depth ; Implementation Port B Width ; Implementation Bits ; M9Ks ; MIF      ; Location                       ; Mixed Width RDW Mode ; Port A RDW Mode ; Port B RDW Mode ;
+------------------------------------------------------------------------------------------------------------------+------+----------------+-------------+--------------+--------------+--------------+--------------+------------------------+-------------------------+------------------------+-------------------------+------+-----------------------------+-----------------------------+-----------------------------+-----------------------------+---------------------+------+----------+--------------------------------+----------------------+-----------------+-----------------+
; ram:inst15|altsyncram:altsyncram_component|altsyncram_oqj1:auto_generated|altsyncram_m3a2:altsyncram1|ALTSYNCRAM ; AUTO ; True Dual Port ; Dual Clocks ; 256          ; 8            ; 256          ; 8            ; yes                    ; no                      ; yes                    ; no                      ; 2048 ; 256                         ; 8                           ; 256                         ; 8                           ; 2048                ; 1    ; None     ; M9K_X15_Y11_N0                 ; Don't care           ; Old data        ; Old data        ;
; rom1:inst2|altsyncram:altsyncram_component|altsyncram_qlb1:auto_generated|altsyncram_67d2:altsyncram1|ALTSYNCRAM ; AUTO ; True Dual Port ; Dual Clocks ; 256          ; 24           ; 256          ; 24           ; yes                    ; no                      ; yes                    ; no                      ; 6144 ; 256                         ; 24                          ; 256                         ; 24                          ; 6144                ; 2    ; hex1.hex ; M9K_X27_Y20_N0, M9K_X27_Y16_N0 ; Don't care           ; Old data        ; Old data        ;
+------------------------------------------------------------------------------------------------------------------+------+----------------+-------------+--------------+--------------+--------------+--------------+------------------------+-------------------------+------------------------+-------------------------+------+-----------------------------+-----------------------------+-----------------------------+-----------------------------+---------------------+------+----------+--------------------------------+----------------------+-----------------+-----------------+
Note: Fitter may spread logical memories into multiple blocks to improve timing. The actual required RAM blocks can be found in the Fitter Resource Usage section.


RAM content values are presented in the following format: (Binary) (Octal) (Decimal) (Hexadecimal) 
+------------------------------------------------------------------------------------------------------------------------------------------------------------------------------------------------------------------------------------------------------------------+
; |lab2|rom1:inst2|altsyncram:altsyncram_component|altsyncram_qlb1:auto_generated|altsyncram_67d2:altsyncram1|ALTSYNCRAM                                                                                                                                           ;
+------------------------------------------------------------------------------------------------------------------------------------------------------------------------------------------------------------------------------------------------------------------+
;   Addr   ;              +0              ;              +1              ;              +2              ;              +3              ;              +4              ;              +5              ;              +6              ;              +7              ;
+----------+------------------------------+------------------------------+------------------------------+------------------------------+------------------------------+------------------------------+------------------------------+------------------------------+
;0;(000000000000000000000000) (0) (0) (00)    ;(000000000000000000000000) (0) (0) (00)   ;(000000000000000000000000) (0) (0) (00)   ;(000000000000000000000000) (0) (0) (00)   ;(000000000000000000000000) (0) (0) (00)   ;(000000000000000000000000) (0) (0) (00)   ;(000000000000000000000000) (0) (0) (00)   ;(000000000000000000000000) (0) (0) (00)   ;
;8;(000000000000000000000000) (0) (0) (00)    ;(000000000000000000000000) (0) (0) (00)   ;(000000000000000000000000) (0) (0) (00)   ;(000000000000000000000000) (0) (0) (00)   ;(000000000000000000000000) (0) (0) (00)   ;(000000000000000000000000) (0) (0) (00)   ;(000000000000000000000000) (0) (0) (00)   ;(000000000000000000000000) (0) (0) (00)   ;
;16;(000000000000000000000000) (0) (0) (00)    ;(000000000000000000000000) (0) (0) (00)   ;(000000000000000000000000) (0) (0) (00)   ;(000000000000000000000000) (0) (0) (00)   ;(000000000000000000000000) (0) (0) (00)   ;(000000000000000000000000) (0) (0) (00)   ;(000000000000000000000000) (0) (0) (00)   ;(000000000000000000000000) (0) (0) (00)   ;
;24;(000000000000000000000000) (0) (0) (00)    ;(000000000000000000000000) (0) (0) (00)   ;(000000000000000000000000) (0) (0) (00)   ;(000000000000000000000000) (0) (0) (00)   ;(000000000000000000000000) (0) (0) (00)   ;(000000000000000000000000) (0) (0) (00)   ;(000000000000000000000000) (0) (0) (00)   ;(000000000000000000000000) (0) (0) (00)   ;
;32;(000000000000000000000000) (0) (0) (00)    ;(000000000000000000000000) (0) (0) (00)   ;(000000000000000000000000) (0) (0) (00)   ;(000000000000000000000000) (0) (0) (00)   ;(000000000000000000000000) (0) (0) (00)   ;(000000000000000000000000) (0) (0) (00)   ;(000000000000000000000000) (0) (0) (00)   ;(000000000000000000000000) (0) (0) (00)   ;
;40;(000000000000000000000000) (0) (0) (00)    ;(000000000000000000000000) (0) (0) (00)   ;(000000000000000000000000) (0) (0) (00)   ;(000000000000000000000000) (0) (0) (00)   ;(000000000000000000000000) (0) (0) (00)   ;(000000000000000000000000) (0) (0) (00)   ;(000000000000000000000000) (0) (0) (00)   ;(000000000000000000000000) (0) (0) (00)   ;
;48;(000000000000000000000000) (0) (0) (00)    ;(000000000000000000000000) (0) (0) (00)   ;(000000000000000000000000) (0) (0) (00)   ;(000000000000000000000000) (0) (0) (00)   ;(000000000000000000000000) (0) (0) (00)   ;(000000000000000000000000) (0) (0) (00)   ;(000000000000000000000000) (0) (0) (00)   ;(000000000000000000000000) (0) (0) (00)   ;
;56;(000000000000000000000000) (0) (0) (00)    ;(000000000000000000000000) (0) (0) (00)   ;(000000000000000000000000) (0) (0) (00)   ;(000000000000000000000000) (0) (0) (00)   ;(000000000000000000000000) (0) (0) (00)   ;(000000000000000000000000) (0) (0) (00)   ;(000000000000000000000000) (0) (0) (00)   ;(000000000000000000000000) (0) (0) (00)   ;
;64;(000000000000000000000000) (0) (0) (00)    ;(000000000000000000000000) (0) (0) (00)   ;(000000000000000000000000) (0) (0) (00)   ;(000000000000000000000000) (0) (0) (00)   ;(000000000000000000000000) (0) (0) (00)   ;(000000000000000000000000) (0) (0) (00)   ;(000000000000000000000000) (0) (0) (00)   ;(000000000000000000000000) (0) (0) (00)   ;
;72;(000000000000000000000000) (0) (0) (00)    ;(000000000000000000000000) (0) (0) (00)   ;(000000000000000000000000) (0) (0) (00)   ;(000000000000000000000000) (0) (0) (00)   ;(000000000000000000000000) (0) (0) (00)   ;(000000000000000000000000) (0) (0) (00)   ;(000000000000000000000000) (0) (0) (00)   ;(000000000000000000000000) (0) (0) (00)   ;
;80;(000000000000000000000000) (0) (0) (00)    ;(000000000000000000000000) (0) (0) (00)   ;(000000000000000000000000) (0) (0) (00)   ;(000000000000000000000000) (0) (0) (00)   ;(000000000000000000000000) (0) (0) (00)   ;(000000000000000000000000) (0) (0) (00)   ;(000000000000000000000000) (0) (0) (00)   ;(000000000000000000000000) (0) (0) (00)   ;
;88;(000000000000000000000000) (0) (0) (00)    ;(000000000000000000000000) (0) (0) (00)   ;(000000000000000000000000) (0) (0) (00)   ;(000000000000000000000000) (0) (0) (00)   ;(000000000000000000000000) (0) (0) (00)   ;(000000000000000000000000) (0) (0) (00)   ;(000000000000000000000000) (0) (0) (00)   ;(000000000000000000000000) (0) (0) (00)   ;
;96;(000000000000000000000000) (0) (0) (00)    ;(000000000000000000000000) (0) (0) (00)   ;(000000000000000000000000) (0) (0) (00)   ;(000000000000000000000000) (0) (0) (00)   ;(000000000000000000000000) (0) (0) (00)   ;(000000000000000000000000) (0) (0) (00)   ;(000000000000000000000000) (0) (0) (00)   ;(000000000000000000000000) (0) (0) (00)   ;
;104;(000000000000000000000000) (0) (0) (00)    ;(000000000000000000000000) (0) (0) (00)   ;(000000000000000000000000) (0) (0) (00)   ;(000000000000000000000000) (0) (0) (00)   ;(000000000000000000000000) (0) (0) (00)   ;(000000000000000000000000) (0) (0) (00)   ;(000000000000000000000000) (0) (0) (00)   ;(000000000000000000000000) (0) (0) (00)   ;
;112;(000000000000000000000000) (0) (0) (00)    ;(000000000000000000000000) (0) (0) (00)   ;(000000000000000000000000) (0) (0) (00)   ;(000000000000000000000000) (0) (0) (00)   ;(000000000000000000000000) (0) (0) (00)   ;(000000000000000000000000) (0) (0) (00)   ;(000000000000000000000000) (0) (0) (00)   ;(000000000000000000000000) (0) (0) (00)   ;
;120;(000000000000000000000000) (0) (0) (00)    ;(000000000000000000000000) (0) (0) (00)   ;(000000000000000000000000) (0) (0) (00)   ;(000000000000000000000000) (0) (0) (00)   ;(000000000000000000000000) (0) (0) (00)   ;(000000000000000000000000) (0) (0) (00)   ;(000000000000000000000000) (0) (0) (00)   ;(000000000000000000000000) (0) (0) (00)   ;
;128;(000000000000000000000000) (0) (0) (00)    ;(000000000000000000000000) (0) (0) (00)   ;(000000000000000000000000) (0) (0) (00)   ;(000000000000000000000000) (0) (0) (00)   ;(000000000000000000000000) (0) (0) (00)   ;(000000000000000000000000) (0) (0) (00)   ;(000000000000000000000000) (0) (0) (00)   ;(000000000000000000000000) (0) (0) (00)   ;
;136;(000000000000000000000000) (0) (0) (00)    ;(000000000000000000000000) (0) (0) (00)   ;(000000000000000000000000) (0) (0) (00)   ;(000000000000000000000000) (0) (0) (00)   ;(000000000000000000000000) (0) (0) (00)   ;(000000000000000000000000) (0) (0) (00)   ;(000000000000000000000000) (0) (0) (00)   ;(000000000000000000000000) (0) (0) (00)   ;
;144;(000000000000000000000000) (0) (0) (00)    ;(000000000000000000000000) (0) (0) (00)   ;(000000000000000000000000) (0) (0) (00)   ;(000000000000000000000000) (0) (0) (00)   ;(000000000000000000000000) (0) (0) (00)   ;(000000000000000000000000) (0) (0) (00)   ;(000000000000000000000000) (0) (0) (00)   ;(000000000000000000000000) (0) (0) (00)   ;
;152;(000000000000000000000000) (0) (0) (00)    ;(000000000000000000000000) (0) (0) (00)   ;(000000000000000000000000) (0) (0) (00)   ;(000000000000000000000000) (0) (0) (00)   ;(000000000000000000000000) (0) (0) (00)   ;(000000000000000000000000) (0) (0) (00)   ;(000000000000000000000000) (0) (0) (00)   ;(000000000000000000000000) (0) (0) (00)   ;
;160;(000000000000000000000000) (0) (0) (00)    ;(000000000000000000000000) (0) (0) (00)   ;(000000000000000000000000) (0) (0) (00)   ;(000000000000000000000000) (0) (0) (00)   ;(000000000000000000000000) (0) (0) (00)   ;(000000000000000000000000) (0) (0) (00)   ;(000000000000000000000000) (0) (0) (00)   ;(000000000000000000000000) (0) (0) (00)   ;
;168;(000000000000000000000000) (0) (0) (00)    ;(000000000000000000000000) (0) (0) (00)   ;(000000000000000000000000) (0) (0) (00)   ;(000000000000000000000000) (0) (0) (00)   ;(000000000000000000000000) (0) (0) (00)   ;(000000000000000000000000) (0) (0) (00)   ;(000000000000000000000000) (0) (0) (00)   ;(000000000000000000000000) (0) (0) (00)   ;
;176;(000000000000000000000000) (0) (0) (00)    ;(000000000000000000000000) (0) (0) (00)   ;(000000000000000000000000) (0) (0) (00)   ;(000000000000000000000000) (0) (0) (00)   ;(000000000000000000000000) (0) (0) (00)   ;(000000000000000000000000) (0) (0) (00)   ;(000000000000000000000000) (0) (0) (00)   ;(000000000000000000000000) (0) (0) (00)   ;
;184;(000000000000000000000000) (0) (0) (00)    ;(000000000000000000000000) (0) (0) (00)   ;(000000000000000000000000) (0) (0) (00)   ;(000000000000000000000000) (0) (0) (00)   ;(000000000000000000000000) (0) (0) (00)   ;(000000000000000000000000) (0) (0) (00)   ;(000000000000000000000000) (0) (0) (00)   ;(000000000000000000000000) (0) (0) (00)   ;
;192;(000000000000000000000000) (0) (0) (00)    ;(000000000000000000000000) (0) (0) (00)   ;(000000000000000000000000) (0) (0) (00)   ;(000000000000000000000000) (0) (0) (00)   ;(000000000000000000000000) (0) (0) (00)   ;(000000000000000000000000) (0) (0) (00)   ;(000000000000000000000000) (0) (0) (00)   ;(000000000000000000000000) (0) (0) (00)   ;
;200;(000000000000000000000000) (0) (0) (00)    ;(000000000000000000000000) (0) (0) (00)   ;(000000000000000000000000) (0) (0) (00)   ;(000000000000000000000000) (0) (0) (00)   ;(000000000000000000000000) (0) (0) (00)   ;(000000000000000000000000) (0) (0) (00)   ;(000000000000000000000000) (0) (0) (00)   ;(000000000000000000000000) (0) (0) (00)   ;
;208;(000000000000000000000000) (0) (0) (00)    ;(000000000000000000000000) (0) (0) (00)   ;(000000000000000000000000) (0) (0) (00)   ;(000000000000000000000000) (0) (0) (00)   ;(000000000000000000000000) (0) (0) (00)   ;(000000000000000000000000) (0) (0) (00)   ;(000000000000000000000000) (0) (0) (00)   ;(000000000000000000000000) (0) (0) (00)   ;
;216;(000000000000000000000000) (0) (0) (00)    ;(000000000000000000000000) (0) (0) (00)   ;(000000000000000000000000) (0) (0) (00)   ;(000000000000000000000000) (0) (0) (00)   ;(000000000000000000000000) (0) (0) (00)   ;(000000000000000000000000) (0) (0) (00)   ;(000000000000000000000000) (0) (0) (00)   ;(000000000000000000000000) (0) (0) (00)   ;
;224;(000000000000000000000000) (0) (0) (00)    ;(000000000000000000000000) (0) (0) (00)   ;(000000000000000000000000) (0) (0) (00)   ;(000000000000000000000000) (0) (0) (00)   ;(000000000000000000000000) (0) (0) (00)   ;(000000000000000000000000) (0) (0) (00)   ;(000000000000000000000000) (0) (0) (00)   ;(000000000000000000000000) (0) (0) (00)   ;
;232;(000000000000000000000000) (0) (0) (00)    ;(000000000000000000000000) (0) (0) (00)   ;(000000000000000000000000) (0) (0) (00)   ;(000000000000000000000000) (0) (0) (00)   ;(000000000000000000000000) (0) (0) (00)   ;(000000000000000000000000) (0) (0) (00)   ;(000000000000000000000000) (0) (0) (00)   ;(000000000000000000000000) (0) (0) (00)   ;
;240;(000000000000000000000000) (0) (0) (00)    ;(000000000000000000000000) (0) (0) (00)   ;(000000000000000000000000) (0) (0) (00)   ;(000000000000000000000000) (0) (0) (00)   ;(000000000000000000000000) (0) (0) (00)   ;(000000000000000000000000) (0) (0) (00)   ;(000000000000000000000000) (0) (0) (00)   ;(000000000000000000000000) (0) (0) (00)   ;
;248;(000000000000000000000000) (0) (0) (00)    ;(000000000000000000000000) (0) (0) (00)   ;(000000000000000000000000) (0) (0) (00)   ;(000000000000000000000000) (0) (0) (00)   ;(000000000000000000000000) (0) (0) (00)   ;(000000000000000000000000) (0) (0) (00)   ;(000000000000000000000000) (0) (0) (00)   ;(000000000000000000000000) (0) (0) (00)   ;


+------------------------------------------------------+
; Other Routing Usage Summary                          ;
+-----------------------------+------------------------+
; Other Routing Resource Type ; Usage                  ;
+-----------------------------+------------------------+
; Block interconnects         ; 475 / 32,401 ( 1 % )   ;
; C16 interconnects           ; 17 / 1,326 ( 1 % )     ;
; C4 interconnects            ; 210 / 21,816 ( < 1 % ) ;
; Direct links                ; 85 / 32,401 ( < 1 % )  ;
; Global clocks               ; 5 / 10 ( 50 % )        ;
; Local interconnects         ; 233 / 10,320 ( 2 % )   ;
; R24 interconnects           ; 18 / 1,289 ( 1 % )     ;
; R4 interconnects            ; 317 / 28,186 ( 1 % )   ;
+-----------------------------+------------------------+


+----------------------------------------------------------------------------+
; LAB Logic Elements                                                         ;
+---------------------------------------------+------------------------------+
; Number of Logic Elements  (Average = 11.53) ; Number of LABs  (Total = 32) ;
+---------------------------------------------+------------------------------+
; 1                                           ; 1                            ;
; 2                                           ; 0                            ;
; 3                                           ; 0                            ;
; 4                                           ; 2                            ;
; 5                                           ; 2                            ;
; 6                                           ; 1                            ;
; 7                                           ; 1                            ;
; 8                                           ; 1                            ;
; 9                                           ; 2                            ;
; 10                                          ; 2                            ;
; 11                                          ; 2                            ;
; 12                                          ; 1                            ;
; 13                                          ; 3                            ;
; 14                                          ; 2                            ;
; 15                                          ; 2                            ;
; 16                                          ; 10                           ;
+---------------------------------------------+------------------------------+


+-------------------------------------------------------------------+
; LAB-wide Signals                                                  ;
+------------------------------------+------------------------------+
; LAB-wide Signals  (Average = 1.94) ; Number of LABs  (Total = 32) ;
+------------------------------------+------------------------------+
; 1 Async. clear                     ; 16                           ;
; 1 Clock                            ; 29                           ;
; 1 Clock enable                     ; 8                            ;
; 1 Sync. clear                      ; 1                            ;
; 1 Sync. load                       ; 3                            ;
; 2 Clock enables                    ; 4                            ;
; 2 Clocks                           ; 1                            ;
+------------------------------------+------------------------------+


+-----------------------------------------------------------------------------+
; LAB Signals Sourced                                                         ;
+----------------------------------------------+------------------------------+
; Number of Signals Sourced  (Average = 17.94) ; Number of LABs  (Total = 32) ;
+----------------------------------------------+------------------------------+
; 0                                            ; 1                            ;
; 1                                            ; 0                            ;
; 2                                            ; 0                            ;
; 3                                            ; 0                            ;
; 4                                            ; 0                            ;
; 5                                            ; 1                            ;
; 6                                            ; 0                            ;
; 7                                            ; 1                            ;
; 8                                            ; 1                            ;
; 9                                            ; 1                            ;
; 10                                           ; 2                            ;
; 11                                           ; 0                            ;
; 12                                           ; 0                            ;
; 13                                           ; 1                            ;
; 14                                           ; 0                            ;
; 15                                           ; 1                            ;
; 16                                           ; 2                            ;
; 17                                           ; 2                            ;
; 18                                           ; 3                            ;
; 19                                           ; 1                            ;
; 20                                           ; 2                            ;
; 21                                           ; 4                            ;
; 22                                           ; 0                            ;
; 23                                           ; 2                            ;
; 24                                           ; 2                            ;
; 25                                           ; 2                            ;
; 26                                           ; 0                            ;
; 27                                           ; 1                            ;
; 28                                           ; 0                            ;
; 29                                           ; 0                            ;
; 30                                           ; 0                            ;
; 31                                           ; 1                            ;
; 32                                           ; 1                            ;
+----------------------------------------------+------------------------------+


+--------------------------------------------------------------------------------+
; LAB Signals Sourced Out                                                        ;
+-------------------------------------------------+------------------------------+
; Number of Signals Sourced Out  (Average = 6.84) ; Number of LABs  (Total = 32) ;
+-------------------------------------------------+------------------------------+
; 0                                               ; 1                            ;
; 1                                               ; 0                            ;
; 2                                               ; 3                            ;
; 3                                               ; 4                            ;
; 4                                               ; 3                            ;
; 5                                               ; 3                            ;
; 6                                               ; 1                            ;
; 7                                               ; 4                            ;
; 8                                               ; 4                            ;
; 9                                               ; 3                            ;
; 10                                              ; 1                            ;
; 11                                              ; 0                            ;
; 12                                              ; 1                            ;
; 13                                              ; 1                            ;
; 14                                              ; 1                            ;
; 15                                              ; 0                            ;
; 16                                              ; 2                            ;
+-------------------------------------------------+------------------------------+


+-----------------------------------------------------------------------------+
; LAB Distinct Inputs                                                         ;
+----------------------------------------------+------------------------------+
; Number of Distinct Inputs  (Average = 10.00) ; Number of LABs  (Total = 32) ;
+----------------------------------------------+------------------------------+
; 0                                            ; 0                            ;
; 1                                            ; 0                            ;
; 2                                            ; 2                            ;
; 3                                            ; 1                            ;
; 4                                            ; 2                            ;
; 5                                            ; 5                            ;
; 6                                            ; 2                            ;
; 7                                            ; 2                            ;
; 8                                            ; 1                            ;
; 9                                            ; 0                            ;
; 10                                           ; 3                            ;
; 11                                           ; 1                            ;
; 12                                           ; 2                            ;
; 13                                           ; 0                            ;
; 14                                           ; 2                            ;
; 15                                           ; 0                            ;
; 16                                           ; 1                            ;
; 17                                           ; 2                            ;
; 18                                           ; 0                            ;
; 19                                           ; 0                            ;
; 20                                           ; 3                            ;
; 21                                           ; 1                            ;
; 22                                           ; 1                            ;
+----------------------------------------------+------------------------------+


+------------------------------------------+
; I/O Rules Summary                        ;
+----------------------------------+-------+
; I/O Rules Statistic              ; Total ;
+----------------------------------+-------+
; Total I/O Rules                  ; 30    ;
; Number of I/O Rules Passed       ; 12    ;
; Number of I/O Rules Failed       ; 0     ;
; Number of I/O Rules Unchecked    ; 0     ;
; Number of I/O Rules Inapplicable ; 18    ;
+----------------------------------+-------+


+-----------------------------------------------------------------------------------------------------------------------------------------------------------------------------------------------------------------------------------------------------------------------------------------------------+
; I/O Rules Details                                                                                                                                                                                                                                                                                   ;
+--------------+-----------+-----------------------------------+------------------------------------------------------------------------------------------------------+----------+--------------------------------------------------------------------------+---------------------+-------------------+
; Status       ; ID        ; Category                          ; Rule Description                                                                                     ; Severity ; Information                                                              ; Area                ; Extra Information ;
+--------------+-----------+-----------------------------------+------------------------------------------------------------------------------------------------------+----------+--------------------------------------------------------------------------+---------------------+-------------------+
; Pass         ; IO_000001 ; Capacity Checks                   ; Number of pins in an I/O bank should not exceed the number of locations available.                   ; Critical ; 0 such failures found.                                                   ; I/O                 ;                   ;
; Inapplicable ; IO_000002 ; Capacity Checks                   ; Number of clocks in an I/O bank should not exceed the number of clocks available.                    ; Critical ; No Global Signal assignments found.                                      ; I/O                 ;                   ;
; Pass         ; IO_000003 ; Capacity Checks                   ; Number of pins in a Vrefgroup should not exceed the number of locations available.                   ; Critical ; 0 such failures found.                                                   ; I/O                 ;                   ;
; Inapplicable ; IO_000004 ; Voltage Compatibility Checks      ; The I/O bank should support the requested VCCIO.                                                     ; Critical ; No IOBANK_VCCIO assignments found.                                       ; I/O                 ;                   ;
; Inapplicable ; IO_000005 ; Voltage Compatibility Checks      ; The I/O bank should not have competing VREF values.                                                  ; Critical ; No VREF I/O Standard assignments found.                                  ; I/O                 ;                   ;
; Pass         ; IO_000006 ; Voltage Compatibility Checks      ; The I/O bank should not have competing VCCIO values.                                                 ; Critical ; 0 such failures found.                                                   ; I/O                 ;                   ;
; Pass         ; IO_000007 ; Valid Location Checks             ; Checks for unavailable locations.                                                                    ; Critical ; 0 such failures found.                                                   ; I/O                 ;                   ;
; Inapplicable ; IO_000008 ; Valid Location Checks             ; Checks for reserved locations.                                                                       ; Critical ; No reserved LogicLock region found.                                      ; I/O                 ;                   ;
; Pass         ; IO_000009 ; I/O Properties Checks for One I/O ; The location should support the requested I/O standard.                                              ; Critical ; 0 such failures found.                                                   ; I/O                 ;                   ;
; Pass         ; IO_000010 ; I/O Properties Checks for One I/O ; The location should support the requested I/O direction.                                             ; Critical ; 0 such failures found.                                                   ; I/O                 ;                   ;
; Inapplicable ; IO_000011 ; I/O Properties Checks for One I/O ; The location should support the requested Current Strength.                                          ; Critical ; No Current Strength assignments found.                                   ; I/O                 ;                   ;
; Pass         ; IO_000012 ; I/O Properties Checks for One I/O ; The location should support the requested On Chip Termination value.                                 ; Critical ; 0 such failures found.                                                   ; I/O                 ;                   ;
; Inapplicable ; IO_000013 ; I/O Properties Checks for One I/O ; The location should support the requested Bus Hold value.                                            ; Critical ; No Enable Bus-Hold Circuitry assignments found.                          ; I/O                 ;                   ;
; Inapplicable ; IO_000014 ; I/O Properties Checks for One I/O ; The location should support the requested Weak Pull Up value.                                        ; Critical ; No Weak Pull-Up Resistor assignments found.                              ; I/O                 ;                   ;
; Pass         ; IO_000015 ; I/O Properties Checks for One I/O ; The location should support the requested PCI Clamp Diode.                                           ; Critical ; 0 such failures found.                                                   ; I/O                 ;                   ;
; Inapplicable ; IO_000018 ; I/O Properties Checks for One I/O ; The I/O standard should support the requested Current Strength.                                      ; Critical ; No Current Strength assignments found.                                   ; I/O                 ;                   ;
; Pass         ; IO_000019 ; I/O Properties Checks for One I/O ; The I/O standard should support the requested On Chip Termination value.                             ; Critical ; 0 such failures found.                                                   ; I/O                 ;                   ;
; Pass         ; IO_000020 ; I/O Properties Checks for One I/O ; The I/O standard should support the requested PCI Clamp Diode.                                       ; Critical ; 0 such failures found.                                                   ; I/O                 ;                   ;
; Inapplicable ; IO_000021 ; I/O Properties Checks for One I/O ; The I/O standard should support the requested Weak Pull Up value.                                    ; Critical ; No Weak Pull-Up Resistor assignments found.                              ; I/O                 ;                   ;
; Inapplicable ; IO_000022 ; I/O Properties Checks for One I/O ; The I/O standard should support the requested Bus Hold value.                                        ; Critical ; No Enable Bus-Hold Circuitry assignments found.                          ; I/O                 ;                   ;
; Inapplicable ; IO_000023 ; I/O Properties Checks for One I/O ; The I/O standard should support the Open Drain value.                                                ; Critical ; No open drain assignments found.                                         ; I/O                 ;                   ;
; Pass         ; IO_000024 ; I/O Properties Checks for One I/O ; The I/O direction should support the On Chip Termination value.                                      ; Critical ; 0 such failures found.                                                   ; I/O                 ;                   ;
; Inapplicable ; IO_000026 ; I/O Properties Checks for One I/O ; On Chip Termination and Current Strength should not be used at the same time.                        ; Critical ; No Current Strength assignments found.                                   ; I/O                 ;                   ;
; Inapplicable ; IO_000027 ; I/O Properties Checks for One I/O ; Weak Pull Up and Bus Hold should not be used at the same time.                                       ; Critical ; No Enable Bus-Hold Circuitry or Weak Pull-Up Resistor assignments found. ; I/O                 ;                   ;
; Inapplicable ; IO_000045 ; I/O Properties Checks for One I/O ; The I/O standard should support the requested Slew Rate value.                                       ; Critical ; No Slew Rate assignments found.                                          ; I/O                 ;                   ;
; Inapplicable ; IO_000046 ; I/O Properties Checks for One I/O ; The location should support the requested Slew Rate value.                                           ; Critical ; No Slew Rate assignments found.                                          ; I/O                 ;                   ;
; Inapplicable ; IO_000047 ; I/O Properties Checks for One I/O ; On Chip Termination and Slew Rate should not be used at the same time.                               ; Critical ; No Slew Rate assignments found.                                          ; I/O                 ;                   ;
; Pass         ; IO_000033 ; Electromigration Checks           ; Current density for consecutive I/Os should not exceed 240mA for row I/Os and 240mA for column I/Os. ; Critical ; 0 such failures found.                                                   ; I/O                 ;                   ;
; Inapplicable ; IO_000034 ; SI Related Distance Checks        ; Single-ended outputs should be 5 LAB row(s) away from a differential I/O.                            ; High     ; No Differential I/O Standard assignments found.                          ; I/O                 ;                   ;
; Inapplicable ; IO_000042 ; SI Related SSO Limit Checks       ; No more than 20 outputs are allowed in a VREF group when VREF is being read from.                    ; High     ; No VREF I/O Standard assignments found.                                  ; I/O                 ;                   ;
; ----         ; ----      ; Disclaimer                        ; OCT rules are checked but not reported.                                                              ; None     ; ----                                                                     ; On Chip Termination ;                   ;
+--------------+-----------+-----------------------------------+------------------------------------------------------------------------------------------------------+----------+--------------------------------------------------------------------------+---------------------+-------------------+


+---------------------------------------------------------------------------------------------------------------------------------------------------------------------------------------------------------------------------------------------------------------------------------------------------------------------------------------------------------------------------------------------------------------------------------------------------------------------------+
; I/O Rules Matrix                                                                                                                                                                                                                                                                                                                                                                                                                                                          ;
+---------------------+--------------+--------------+--------------+--------------+--------------+-----------+--------------+--------------+-----------+-----------+--------------+--------------+--------------+--------------+--------------+--------------+--------------+--------------+--------------+--------------+--------------+--------------+--------------+--------------+--------------+--------------+--------------+-----------+--------------+--------------+
; Pin/Rules           ; IO_000001    ; IO_000002    ; IO_000003    ; IO_000004    ; IO_000005    ; IO_000006 ; IO_000007    ; IO_000008    ; IO_000009 ; IO_000010 ; IO_000011    ; IO_000012    ; IO_000013    ; IO_000014    ; IO_000015    ; IO_000018    ; IO_000019    ; IO_000020    ; IO_000021    ; IO_000022    ; IO_000023    ; IO_000024    ; IO_000026    ; IO_000027    ; IO_000045    ; IO_000046    ; IO_000047    ; IO_000033 ; IO_000034    ; IO_000042    ;
+---------------------+--------------+--------------+--------------+--------------+--------------+-----------+--------------+--------------+-----------+-----------+--------------+--------------+--------------+--------------+--------------+--------------+--------------+--------------+--------------+--------------+--------------+--------------+--------------+--------------+--------------+--------------+--------------+-----------+--------------+--------------+
; Total Pass          ; 27           ; 0            ; 27           ; 0            ; 0            ; 31        ; 27           ; 0            ; 31        ; 31        ; 0            ; 24           ; 0            ; 0            ; 3            ; 0            ; 24           ; 3            ; 0            ; 0            ; 0            ; 24           ; 0            ; 0            ; 0            ; 0            ; 0            ; 31        ; 0            ; 0            ;
; Total Unchecked     ; 0            ; 0            ; 0            ; 0            ; 0            ; 0         ; 0            ; 0            ; 0         ; 0         ; 0            ; 0            ; 0            ; 0            ; 0            ; 0            ; 0            ; 0            ; 0            ; 0            ; 0            ; 0            ; 0            ; 0            ; 0            ; 0            ; 0            ; 0         ; 0            ; 0            ;
; Total Inapplicable  ; 4            ; 31           ; 4            ; 31           ; 31           ; 0         ; 4            ; 31           ; 0         ; 0         ; 31           ; 7            ; 31           ; 31           ; 28           ; 31           ; 7            ; 28           ; 31           ; 31           ; 31           ; 7            ; 31           ; 31           ; 31           ; 31           ; 31           ; 0         ; 31           ; 31           ;
; Total Fail          ; 0            ; 0            ; 0            ; 0            ; 0            ; 0         ; 0            ; 0            ; 0         ; 0         ; 0            ; 0            ; 0            ; 0            ; 0            ; 0            ; 0            ; 0            ; 0            ; 0            ; 0            ; 0            ; 0            ; 0            ; 0            ; 0            ; 0            ; 0         ; 0            ; 0            ;
; aa[7]               ; Pass         ; Inapplicable ; Pass         ; Inapplicable ; Inapplicable ; Pass      ; Pass         ; Inapplicable ; Pass      ; Pass      ; Inapplicable ; Pass         ; Inapplicable ; Inapplicable ; Inapplicable ; Inapplicable ; Pass         ; Inapplicable ; Inapplicable ; Inapplicable ; Inapplicable ; Pass         ; Inapplicable ; Inapplicable ; Inapplicable ; Inapplicable ; Inapplicable ; Pass      ; Inapplicable ; Inapplicable ;
; aa[6]               ; Pass         ; Inapplicable ; Pass         ; Inapplicable ; Inapplicable ; Pass      ; Pass         ; Inapplicable ; Pass      ; Pass      ; Inapplicable ; Pass         ; Inapplicable ; Inapplicable ; Inapplicable ; Inapplicable ; Pass         ; Inapplicable ; Inapplicable ; Inapplicable ; Inapplicable ; Pass         ; Inapplicable ; Inapplicable ; Inapplicable ; Inapplicable ; Inapplicable ; Pass      ; Inapplicable ; Inapplicable ;
; aa[5]               ; Pass         ; Inapplicable ; Pass         ; Inapplicable ; Inapplicable ; Pass      ; Pass         ; Inapplicable ; Pass      ; Pass      ; Inapplicable ; Pass         ; Inapplicable ; Inapplicable ; Inapplicable ; Inapplicable ; Pass         ; Inapplicable ; Inapplicable ; Inapplicable ; Inapplicable ; Pass         ; Inapplicable ; Inapplicable ; Inapplicable ; Inapplicable ; Inapplicable ; Pass      ; Inapplicable ; Inapplicable ;
; aa[4]               ; Pass         ; Inapplicable ; Pass         ; Inapplicable ; Inapplicable ; Pass      ; Pass         ; Inapplicable ; Pass      ; Pass      ; Inapplicable ; Pass         ; Inapplicable ; Inapplicable ; Inapplicable ; Inapplicable ; Pass         ; Inapplicable ; Inapplicable ; Inapplicable ; Inapplicable ; Pass         ; Inapplicable ; Inapplicable ; Inapplicable ; Inapplicable ; Inapplicable ; Pass      ; Inapplicable ; Inapplicable ;
; aa[3]               ; Pass         ; Inapplicable ; Pass         ; Inapplicable ; Inapplicable ; Pass      ; Pass         ; Inapplicable ; Pass      ; Pass      ; Inapplicable ; Pass         ; Inapplicable ; Inapplicable ; Inapplicable ; Inapplicable ; Pass         ; Inapplicable ; Inapplicable ; Inapplicable ; Inapplicable ; Pass         ; Inapplicable ; Inapplicable ; Inapplicable ; Inapplicable ; Inapplicable ; Pass      ; Inapplicable ; Inapplicable ;
; aa[2]               ; Pass         ; Inapplicable ; Pass         ; Inapplicable ; Inapplicable ; Pass      ; Pass         ; Inapplicable ; Pass      ; Pass      ; Inapplicable ; Pass         ; Inapplicable ; Inapplicable ; Inapplicable ; Inapplicable ; Pass         ; Inapplicable ; Inapplicable ; Inapplicable ; Inapplicable ; Pass         ; Inapplicable ; Inapplicable ; Inapplicable ; Inapplicable ; Inapplicable ; Pass      ; Inapplicable ; Inapplicable ;
; aa[1]               ; Pass         ; Inapplicable ; Pass         ; Inapplicable ; Inapplicable ; Pass      ; Pass         ; Inapplicable ; Pass      ; Pass      ; Inapplicable ; Pass         ; Inapplicable ; Inapplicable ; Inapplicable ; Inapplicable ; Pass         ; Inapplicable ; Inapplicable ; Inapplicable ; Inapplicable ; Pass         ; Inapplicable ; Inapplicable ; Inapplicable ; Inapplicable ; Inapplicable ; Pass      ; Inapplicable ; Inapplicable ;
; aa[0]               ; Pass         ; Inapplicable ; Pass         ; Inapplicable ; Inapplicable ; Pass      ; Pass         ; Inapplicable ; Pass      ; Pass      ; Inapplicable ; Pass         ; Inapplicable ; Inapplicable ; Inapplicable ; Inapplicable ; Pass         ; Inapplicable ; Inapplicable ; Inapplicable ; Inapplicable ; Pass         ; Inapplicable ; Inapplicable ; Inapplicable ; Inapplicable ; Inapplicable ; Pass      ; Inapplicable ; Inapplicable ;
; rr[7]               ; Pass         ; Inapplicable ; Pass         ; Inapplicable ; Inapplicable ; Pass      ; Pass         ; Inapplicable ; Pass      ; Pass      ; Inapplicable ; Pass         ; Inapplicable ; Inapplicable ; Inapplicable ; Inapplicable ; Pass         ; Inapplicable ; Inapplicable ; Inapplicable ; Inapplicable ; Pass         ; Inapplicable ; Inapplicable ; Inapplicable ; Inapplicable ; Inapplicable ; Pass      ; Inapplicable ; Inapplicable ;
; rr[6]               ; Pass         ; Inapplicable ; Pass         ; Inapplicable ; Inapplicable ; Pass      ; Pass         ; Inapplicable ; Pass      ; Pass      ; Inapplicable ; Pass         ; Inapplicable ; Inapplicable ; Inapplicable ; Inapplicable ; Pass         ; Inapplicable ; Inapplicable ; Inapplicable ; Inapplicable ; Pass         ; Inapplicable ; Inapplicable ; Inapplicable ; Inapplicable ; Inapplicable ; Pass      ; Inapplicable ; Inapplicable ;
; rr[5]               ; Pass         ; Inapplicable ; Pass         ; Inapplicable ; Inapplicable ; Pass      ; Pass         ; Inapplicable ; Pass      ; Pass      ; Inapplicable ; Pass         ; Inapplicable ; Inapplicable ; Inapplicable ; Inapplicable ; Pass         ; Inapplicable ; Inapplicable ; Inapplicable ; Inapplicable ; Pass         ; Inapplicable ; Inapplicable ; Inapplicable ; Inapplicable ; Inapplicable ; Pass      ; Inapplicable ; Inapplicable ;
; rr[4]               ; Pass         ; Inapplicable ; Pass         ; Inapplicable ; Inapplicable ; Pass      ; Pass         ; Inapplicable ; Pass      ; Pass      ; Inapplicable ; Pass         ; Inapplicable ; Inapplicable ; Inapplicable ; Inapplicable ; Pass         ; Inapplicable ; Inapplicable ; Inapplicable ; Inapplicable ; Pass         ; Inapplicable ; Inapplicable ; Inapplicable ; Inapplicable ; Inapplicable ; Pass      ; Inapplicable ; Inapplicable ;
; rr[3]               ; Pass         ; Inapplicable ; Pass         ; Inapplicable ; Inapplicable ; Pass      ; Pass         ; Inapplicable ; Pass      ; Pass      ; Inapplicable ; Pass         ; Inapplicable ; Inapplicable ; Inapplicable ; Inapplicable ; Pass         ; Inapplicable ; Inapplicable ; Inapplicable ; Inapplicable ; Pass         ; Inapplicable ; Inapplicable ; Inapplicable ; Inapplicable ; Inapplicable ; Pass      ; Inapplicable ; Inapplicable ;
; rr[2]               ; Pass         ; Inapplicable ; Pass         ; Inapplicable ; Inapplicable ; Pass      ; Pass         ; Inapplicable ; Pass      ; Pass      ; Inapplicable ; Pass         ; Inapplicable ; Inapplicable ; Inapplicable ; Inapplicable ; Pass         ; Inapplicable ; Inapplicable ; Inapplicable ; Inapplicable ; Pass         ; Inapplicable ; Inapplicable ; Inapplicable ; Inapplicable ; Inapplicable ; Pass      ; Inapplicable ; Inapplicable ;
; rr[1]               ; Pass         ; Inapplicable ; Pass         ; Inapplicable ; Inapplicable ; Pass      ; Pass         ; Inapplicable ; Pass      ; Pass      ; Inapplicable ; Pass         ; Inapplicable ; Inapplicable ; Inapplicable ; Inapplicable ; Pass         ; Inapplicable ; Inapplicable ; Inapplicable ; Inapplicable ; Pass         ; Inapplicable ; Inapplicable ; Inapplicable ; Inapplicable ; Inapplicable ; Pass      ; Inapplicable ; Inapplicable ;
; rr[0]               ; Pass         ; Inapplicable ; Pass         ; Inapplicable ; Inapplicable ; Pass      ; Pass         ; Inapplicable ; Pass      ; Pass      ; Inapplicable ; Pass         ; Inapplicable ; Inapplicable ; Inapplicable ; Inapplicable ; Pass         ; Inapplicable ; Inapplicable ; Inapplicable ; Inapplicable ; Pass         ; Inapplicable ; Inapplicable ; Inapplicable ; Inapplicable ; Inapplicable ; Pass      ; Inapplicable ; Inapplicable ;
; test[7]             ; Pass         ; Inapplicable ; Pass         ; Inapplicable ; Inapplicable ; Pass      ; Pass         ; Inapplicable ; Pass      ; Pass      ; Inapplicable ; Pass         ; Inapplicable ; Inapplicable ; Inapplicable ; Inapplicable ; Pass         ; Inapplicable ; Inapplicable ; Inapplicable ; Inapplicable ; Pass         ; Inapplicable ; Inapplicable ; Inapplicable ; Inapplicable ; Inapplicable ; Pass      ; Inapplicable ; Inapplicable ;
; test[6]             ; Pass         ; Inapplicable ; Pass         ; Inapplicable ; Inapplicable ; Pass      ; Pass         ; Inapplicable ; Pass      ; Pass      ; Inapplicable ; Pass         ; Inapplicable ; Inapplicable ; Inapplicable ; Inapplicable ; Pass         ; Inapplicable ; Inapplicable ; Inapplicable ; Inapplicable ; Pass         ; Inapplicable ; Inapplicable ; Inapplicable ; Inapplicable ; Inapplicable ; Pass      ; Inapplicable ; Inapplicable ;
; test[5]             ; Pass         ; Inapplicable ; Pass         ; Inapplicable ; Inapplicable ; Pass      ; Pass         ; Inapplicable ; Pass      ; Pass      ; Inapplicable ; Pass         ; Inapplicable ; Inapplicable ; Inapplicable ; Inapplicable ; Pass         ; Inapplicable ; Inapplicable ; Inapplicable ; Inapplicable ; Pass         ; Inapplicable ; Inapplicable ; Inapplicable ; Inapplicable ; Inapplicable ; Pass      ; Inapplicable ; Inapplicable ;
; test[4]             ; Pass         ; Inapplicable ; Pass         ; Inapplicable ; Inapplicable ; Pass      ; Pass         ; Inapplicable ; Pass      ; Pass      ; Inapplicable ; Pass         ; Inapplicable ; Inapplicable ; Inapplicable ; Inapplicable ; Pass         ; Inapplicable ; Inapplicable ; Inapplicable ; Inapplicable ; Pass         ; Inapplicable ; Inapplicable ; Inapplicable ; Inapplicable ; Inapplicable ; Pass      ; Inapplicable ; Inapplicable ;
; test[3]             ; Pass         ; Inapplicable ; Pass         ; Inapplicable ; Inapplicable ; Pass      ; Pass         ; Inapplicable ; Pass      ; Pass      ; Inapplicable ; Pass         ; Inapplicable ; Inapplicable ; Inapplicable ; Inapplicable ; Pass         ; Inapplicable ; Inapplicable ; Inapplicable ; Inapplicable ; Pass         ; Inapplicable ; Inapplicable ; Inapplicable ; Inapplicable ; Inapplicable ; Pass      ; Inapplicable ; Inapplicable ;
; test[2]             ; Pass         ; Inapplicable ; Pass         ; Inapplicable ; Inapplicable ; Pass      ; Pass         ; Inapplicable ; Pass      ; Pass      ; Inapplicable ; Pass         ; Inapplicable ; Inapplicable ; Inapplicable ; Inapplicable ; Pass         ; Inapplicable ; Inapplicable ; Inapplicable ; Inapplicable ; Pass         ; Inapplicable ; Inapplicable ; Inapplicable ; Inapplicable ; Inapplicable ; Pass      ; Inapplicable ; Inapplicable ;
; test[1]             ; Pass         ; Inapplicable ; Pass         ; Inapplicable ; Inapplicable ; Pass      ; Pass         ; Inapplicable ; Pass      ; Pass      ; Inapplicable ; Pass         ; Inapplicable ; Inapplicable ; Inapplicable ; Inapplicable ; Pass         ; Inapplicable ; Inapplicable ; Inapplicable ; Inapplicable ; Pass         ; Inapplicable ; Inapplicable ; Inapplicable ; Inapplicable ; Inapplicable ; Pass      ; Inapplicable ; Inapplicable ;
; test[0]             ; Pass         ; Inapplicable ; Pass         ; Inapplicable ; Inapplicable ; Pass      ; Pass         ; Inapplicable ; Pass      ; Pass      ; Inapplicable ; Pass         ; Inapplicable ; Inapplicable ; Inapplicable ; Inapplicable ; Pass         ; Inapplicable ; Inapplicable ; Inapplicable ; Inapplicable ; Pass         ; Inapplicable ; Inapplicable ; Inapplicable ; Inapplicable ; Inapplicable ; Pass      ; Inapplicable ; Inapplicable ;
; clk                 ; Pass         ; Inapplicable ; Pass         ; Inapplicable ; Inapplicable ; Pass      ; Pass         ; Inapplicable ; Pass      ; Pass      ; Inapplicable ; Inapplicable ; Inapplicable ; Inapplicable ; Pass         ; Inapplicable ; Inapplicable ; Pass         ; Inapplicable ; Inapplicable ; Inapplicable ; Inapplicable ; Inapplicable ; Inapplicable ; Inapplicable ; Inapplicable ; Inapplicable ; Pass      ; Inapplicable ; Inapplicable ;
; p                   ; Pass         ; Inapplicable ; Pass         ; Inapplicable ; Inapplicable ; Pass      ; Pass         ; Inapplicable ; Pass      ; Pass      ; Inapplicable ; Inapplicable ; Inapplicable ; Inapplicable ; Pass         ; Inapplicable ; Inapplicable ; Pass         ; Inapplicable ; Inapplicable ; Inapplicable ; Inapplicable ; Inapplicable ; Inapplicable ; Inapplicable ; Inapplicable ; Inapplicable ; Pass      ; Inapplicable ; Inapplicable ;
; clr                 ; Pass         ; Inapplicable ; Pass         ; Inapplicable ; Inapplicable ; Pass      ; Pass         ; Inapplicable ; Pass      ; Pass      ; Inapplicable ; Inapplicable ; Inapplicable ; Inapplicable ; Pass         ; Inapplicable ; Inapplicable ; Pass         ; Inapplicable ; Inapplicable ; Inapplicable ; Inapplicable ; Inapplicable ; Inapplicable ; Inapplicable ; Inapplicable ; Inapplicable ; Pass      ; Inapplicable ; Inapplicable ;
; altera_reserved_tms ; Inapplicable ; Inapplicable ; Inapplicable ; Inapplicable ; Inapplicable ; Pass      ; Inapplicable ; Inapplicable ; Pass      ; Pass      ; Inapplicable ; Inapplicable ; Inapplicable ; Inapplicable ; Inapplicable ; Inapplicable ; Inapplicable ; Inapplicable ; Inapplicable ; Inapplicable ; Inapplicable ; Inapplicable ; Inapplicable ; Inapplicable ; Inapplicable ; Inapplicable ; Inapplicable ; Pass      ; Inapplicable ; Inapplicable ;
; altera_reserved_tck ; Inapplicable ; Inapplicable ; Inapplicable ; Inapplicable ; Inapplicable ; Pass      ; Inapplicable ; Inapplicable ; Pass      ; Pass      ; Inapplicable ; Inapplicable ; Inapplicable ; Inapplicable ; Inapplicable ; Inapplicable ; Inapplicable ; Inapplicable ; Inapplicable ; Inapplicable ; Inapplicable ; Inapplicable ; Inapplicable ; Inapplicable ; Inapplicable ; Inapplicable ; Inapplicable ; Pass      ; Inapplicable ; Inapplicable ;
; altera_reserved_tdi ; Inapplicable ; Inapplicable ; Inapplicable ; Inapplicable ; Inapplicable ; Pass      ; Inapplicable ; Inapplicable ; Pass      ; Pass      ; Inapplicable ; Inapplicable ; Inapplicable ; Inapplicable ; Inapplicable ; Inapplicable ; Inapplicable ; Inapplicable ; Inapplicable ; Inapplicable ; Inapplicable ; Inapplicable ; Inapplicable ; Inapplicable ; Inapplicable ; Inapplicable ; Inapplicable ; Pass      ; Inapplicable ; Inapplicable ;
; altera_reserved_tdo ; Inapplicable ; Inapplicable ; Inapplicable ; Inapplicable ; Inapplicable ; Pass      ; Inapplicable ; Inapplicable ; Pass      ; Pass      ; Inapplicable ; Inapplicable ; Inapplicable ; Inapplicable ; Inapplicable ; Inapplicable ; Inapplicable ; Inapplicable ; Inapplicable ; Inapplicable ; Inapplicable ; Inapplicable ; Inapplicable ; Inapplicable ; Inapplicable ; Inapplicable ; Inapplicable ; Pass      ; Inapplicable ; Inapplicable ;
+---------------------+--------------+--------------+--------------+--------------+--------------+-----------+--------------+--------------+-----------+-----------+--------------+--------------+--------------+--------------+--------------+--------------+--------------+--------------+--------------+--------------+--------------+--------------+--------------+--------------+--------------+--------------+--------------+-----------+--------------+--------------+


+---------------------------------------------------------------------------------------------+
; Fitter Device Options                                                                       ;
+------------------------------------------------------------------+--------------------------+
; Option                                                           ; Setting                  ;
+------------------------------------------------------------------+--------------------------+
; Enable user-supplied start-up clock (CLKUSR)                     ; Off                      ;
; Enable device-wide reset (DEV_CLRn)                              ; Off                      ;
; Enable device-wide output enable (DEV_OE)                        ; Off                      ;
; Enable INIT_DONE output                                          ; Off                      ;
; Configuration scheme                                             ; Active Serial            ;
; Error detection CRC                                              ; Off                      ;
; Enable open drain on CRC_ERROR pin                               ; Off                      ;
; Enable input tri-state on active configuration pins in user mode ; Off                      ;
; Configuration Voltage Level                                      ; Auto                     ;
; Force Configuration Voltage Level                                ; Off                      ;
; nCEO                                                             ; As output driving ground ;
; Data[0]                                                          ; As input tri-stated      ;
; Data[1]/ASDO                                                     ; As input tri-stated      ;
; Data[7..2]                                                       ; Unreserved               ;
; FLASH_nCE/nCSO                                                   ; As input tri-stated      ;
; Other Active Parallel pins                                       ; Unreserved               ;
; DCLK                                                             ; As output driving ground ;
; Base pin-out file on sameframe device                            ; Off                      ;
+------------------------------------------------------------------+--------------------------+


+------------------------------------+
; Operating Settings and Conditions  ;
+---------------------------+--------+
; Setting                   ; Value  ;
+---------------------------+--------+
; Nominal Core Voltage      ; 1.20 V ;
; Low Junction Temperature  ; 0 °C   ;
; High Junction Temperature ; 85 °C  ;
+---------------------------+--------+


+----------------------------------------------------------------+
; Estimated Delay Added for Hold Timing Summary                  ;
+---------------------+----------------------+-------------------+
; Source Clock(s)     ; Destination Clock(s) ; Delay Added in ns ;
+---------------------+----------------------+-------------------+
; altera_reserved_tck ; altera_reserved_tck  ; 3.6               ;
+---------------------+----------------------+-------------------+
Note: For more information on problematic transfers, consider running the Fitter again with the Optimize hold timing option (Settings Menu) turned off.
This will disable optimization of problematic paths and expose them for further analysis using either the TimeQuest Timing Analyzer or the Classic Timing Analyzer.


+---------------------------------------------------------------------------------------------------------------------------------------------------------------------------------------------------------------------------------------------------------------------------------------+
; Estimated Delay Added for Hold Timing Details                                                                                                                                                                                                                                         ;
+--------------------------------------------------------------------------------------------------------------------------+----------------------------------------------------------------------------------------------------------------------------------------+-------------------+
; Source Register                                                                                                          ; Destination Register                                                                                                                   ; Delay Added in ns ;
+--------------------------------------------------------------------------------------------------------------------------+----------------------------------------------------------------------------------------------------------------------------------------+-------------------+
; rom1:inst2|altsyncram:altsyncram_component|altsyncram_qlb1:auto_generated|sld_mod_ram_rom:mgl_prim2|ram_rom_data_reg[0]  ; rom1:inst2|altsyncram:altsyncram_component|altsyncram_qlb1:auto_generated|altsyncram_67d2:altsyncram1|ram_block3a0~portb_datain_reg0   ; 0.209             ;
; rom1:inst2|altsyncram:altsyncram_component|altsyncram_qlb1:auto_generated|sld_mod_ram_rom:mgl_prim2|ram_rom_data_reg[3]  ; rom1:inst2|altsyncram:altsyncram_component|altsyncram_qlb1:auto_generated|altsyncram_67d2:altsyncram1|ram_block3a3~portb_datain_reg0   ; 0.209             ;
; rom1:inst2|altsyncram:altsyncram_component|altsyncram_qlb1:auto_generated|sld_mod_ram_rom:mgl_prim2|ram_rom_data_reg[15] ; rom1:inst2|altsyncram:altsyncram_component|altsyncram_qlb1:auto_generated|altsyncram_67d2:altsyncram1|ram_block3a15~portb_datain_reg0  ; 0.209             ;
; rom1:inst2|altsyncram:altsyncram_component|altsyncram_qlb1:auto_generated|sld_mod_ram_rom:mgl_prim2|ram_rom_data_reg[14] ; rom1:inst2|altsyncram:altsyncram_component|altsyncram_qlb1:auto_generated|altsyncram_67d2:altsyncram1|ram_block3a14~portb_datain_reg0  ; 0.209             ;
; rom1:inst2|altsyncram:altsyncram_component|altsyncram_qlb1:auto_generated|sld_mod_ram_rom:mgl_prim2|ram_rom_data_reg[13] ; rom1:inst2|altsyncram:altsyncram_component|altsyncram_qlb1:auto_generated|altsyncram_67d2:altsyncram1|ram_block3a13~portb_datain_reg0  ; 0.209             ;
; rom1:inst2|altsyncram:altsyncram_component|altsyncram_qlb1:auto_generated|sld_mod_ram_rom:mgl_prim2|ram_rom_data_reg[12] ; rom1:inst2|altsyncram:altsyncram_component|altsyncram_qlb1:auto_generated|altsyncram_67d2:altsyncram1|ram_block3a12~portb_datain_reg0  ; 0.209             ;
; rom1:inst2|altsyncram:altsyncram_component|altsyncram_qlb1:auto_generated|sld_mod_ram_rom:mgl_prim2|ram_rom_data_reg[11] ; rom1:inst2|altsyncram:altsyncram_component|altsyncram_qlb1:auto_generated|altsyncram_67d2:altsyncram1|ram_block3a11~portb_datain_reg0  ; 0.209             ;
; rom1:inst2|altsyncram:altsyncram_component|altsyncram_qlb1:auto_generated|sld_mod_ram_rom:mgl_prim2|ram_rom_data_reg[10] ; rom1:inst2|altsyncram:altsyncram_component|altsyncram_qlb1:auto_generated|altsyncram_67d2:altsyncram1|ram_block3a10~portb_datain_reg0  ; 0.209             ;
; rom1:inst2|altsyncram:altsyncram_component|altsyncram_qlb1:auto_generated|sld_mod_ram_rom:mgl_prim2|ram_rom_data_reg[9]  ; rom1:inst2|altsyncram:altsyncram_component|altsyncram_qlb1:auto_generated|altsyncram_67d2:altsyncram1|ram_block3a9~portb_datain_reg0   ; 0.209             ;
; rom1:inst2|altsyncram:altsyncram_component|altsyncram_qlb1:auto_generated|sld_mod_ram_rom:mgl_prim2|ram_rom_data_reg[8]  ; rom1:inst2|altsyncram:altsyncram_component|altsyncram_qlb1:auto_generated|altsyncram_67d2:altsyncram1|ram_block3a8~portb_datain_reg0   ; 0.209             ;
; rom1:inst2|altsyncram:altsyncram_component|altsyncram_qlb1:auto_generated|sld_mod_ram_rom:mgl_prim2|ram_rom_data_reg[7]  ; rom1:inst2|altsyncram:altsyncram_component|altsyncram_qlb1:auto_generated|altsyncram_67d2:altsyncram1|ram_block3a7~portb_datain_reg0   ; 0.209             ;
; rom1:inst2|altsyncram:altsyncram_component|altsyncram_qlb1:auto_generated|sld_mod_ram_rom:mgl_prim2|ram_rom_data_reg[6]  ; rom1:inst2|altsyncram:altsyncram_component|altsyncram_qlb1:auto_generated|altsyncram_67d2:altsyncram1|ram_block3a6~portb_datain_reg0   ; 0.209             ;
; rom1:inst2|altsyncram:altsyncram_component|altsyncram_qlb1:auto_generated|sld_mod_ram_rom:mgl_prim2|ram_rom_data_reg[5]  ; rom1:inst2|altsyncram:altsyncram_component|altsyncram_qlb1:auto_generated|altsyncram_67d2:altsyncram1|ram_block3a5~portb_datain_reg0   ; 0.209             ;
; rom1:inst2|altsyncram:altsyncram_component|altsyncram_qlb1:auto_generated|sld_mod_ram_rom:mgl_prim2|ram_rom_addr_reg[0]  ; rom1:inst2|altsyncram:altsyncram_component|altsyncram_qlb1:auto_generated|altsyncram_67d2:altsyncram1|ram_block3a23~portb_address_reg0 ; 0.206             ;
+--------------------------------------------------------------------------------------------------------------------------+----------------------------------------------------------------------------------------------------------------------------------------+-------------------+
Note: This table only shows the top 14 path(s) that have the largest delay added for hold.


+-----------------+
; Fitter Messages ;
+-----------------+
Info (11104): Parallel Compilation has detected 8 hyper-threaded processors. However, the extra hyper-threaded processors will not be used by default. Parallel Compilation will use 4 of the 4 physical processors detected instead.
Info (119006): Selected device EP4CE6E22C8 for design "lab2"
Info (21077): Low junction temperature is 0 degrees C
Info (21077): High junction temperature is 85 degrees C
Info (171003): Fitter is performing an Auto Fit compilation, which may decrease Fitter effort to reduce compilation time
Info (176444): Device migration not selected. If you intend to use device migration later, you may need to change the pin assignments as they may be incompatible with other devices
    Info (176445): Device EP4CE10E22C8 is compatible
    Info (176445): Device EP4CE15E22C8 is compatible
    Info (176445): Device EP4CE22E22C8 is compatible
Info (169124): Fitter converted 5 user pins into dedicated programming pins
    Info (169125): Pin ~ALTERA_ASDO_DATA1~ is reserved at location 6
    Info (169125): Pin ~ALTERA_FLASH_nCE_nCSO~ is reserved at location 8
    Info (169125): Pin ~ALTERA_DCLK~ is reserved at location 12
    Info (169125): Pin ~ALTERA_DATA0~ is reserved at location 13
    Info (169125): Pin ~ALTERA_nCEO~ is reserved at location 101
Warning (15714): Some pins have incomplete I/O assignments. Refer to the I/O Assignment Warnings report for details
Info (176045): Design uses memory blocks. Violating setup or hold times of memory block address registers for either read or write operations could cause memory contents to be corrupted. Make sure that all memory block address registers meet the setup and hold time requirements.
Info (332164): Evaluating HDL-embedded SDC commands
    Info (332165): Entity sld_jtag_hub
        Info (332166): create_clock -name altera_reserved_tck [get_ports {altera_reserved_tck}] -period 10MHz   
        Info (332166): set_clock_groups -asynchronous -group {altera_reserved_tck}
Critical Warning (332012): Synopsys Design Constraints File file not found: 'lab2.sdc'. A Synopsys Design Constraints File is required by the TimeQuest Timing Analyzer to get proper timing constraints. Without it, the Compiler will not properly optimize the design.
Warning (332060): Node: clk was determined to be a clock but was found without an associated clock assignment.
Warning (332060): Node: lab:inst16|inst was determined to be a clock but was found without an associated clock assignment.
Critical Warning (332168): The following clock transfers have no clock uncertainty assignment. For more accurate results, apply clock uncertainty assignments or use the derive_clock_uncertainty command.
    Critical Warning (332169): From altera_reserved_tck (Rise) to altera_reserved_tck (Rise) (setup and hold)
    Critical Warning (332169): From altera_reserved_tck (Rise) to altera_reserved_tck (Fall) (setup and hold)
Info (332129): Detected timing requirements -- optimizing circuit to achieve only the specified requirements
Info (332111): Found 1 clocks
    Info (332111):   Period   Clock Name
    Info (332111): ======== ============
    Info (332111):  100.000 altera_reserved_tck
Info (176353): Automatically promoted node altera_internal_jtag~TCKUTAP 
    Info (176355): Automatically promoted destinations to use location or clock signal Global Clock
Info (176353): Automatically promoted node lab:inst16|inst 
    Info (176355): Automatically promoted destinations to use location or clock signal Global Clock
    Info (176356): Following destination nodes may be non-global or may not use global or regional clocks
        Info (176357): Destination node inst11
        Info (176357): Destination node lab:inst16|inst~0
Info (176353): Automatically promoted node inst11 
    Info (176355): Automatically promoted destinations to use location or clock signal Global Clock
Info (176353): Automatically promoted node inst12 
    Info (176355): Automatically promoted destinations to use location or clock signal Global Clock
Info (176353): Automatically promoted node inst13 
    Info (176355): Automatically promoted destinations to use location or clock signal Global Clock
Info (176233): Starting register packing
Info (176235): Finished register packing
    Extra Info (176219): No registers were packed into other blocks
Info (171121): Fitter preparation operations ending: elapsed time is 00:00:01
Info (170189): Fitter placement preparation operations beginning
Info (170190): Fitter placement preparation operations ending: elapsed time is 00:00:00
Info (170191): Fitter placement operations beginning
Info (170137): Fitter placement was successful
Info (170192): Fitter placement operations ending: elapsed time is 00:00:00
Info (170193): Fitter routing operations beginning
Info (170195): Router estimated average interconnect usage is 1% of the available device resources
    Info (170196): Router estimated peak interconnect usage is 2% of the available device resources in the region that extends from location X11_Y0 to location X22_Y11
Info (170194): Fitter routing operations ending: elapsed time is 00:00:00
Info (170199): The Fitter performed an Auto Fit compilation.  Optimizations were skipped to reduce compilation time.
    Info (170201): Optimizations that may affect the design's routability were skipped
    Info (170200): Optimizations that may affect the design's timing were skipped
Info (11888): Total time spent on timing analysis during the Fitter is 0.33 seconds.
Info (334003): Started post-fitting delay annotation
Info (334004): Delay annotation completed successfully
Info (334003): Started post-fitting delay annotation
Info (334004): Delay annotation completed successfully
Info (11218): Fitter post-fit operations ending: elapsed time is 00:00:01
Info (144001): Generated suppressed messages file E:/jzks/lab2/output_files/lab2.fit.smsg
Info: Quartus II 64-Bit Fitter was successful. 0 errors, 7 warnings
    Info: Peak virtual memory: 1052 megabytes
    Info: Processing ended: Fri Oct 13 18:36:21 2023
    Info: Elapsed time: 00:00:07
    Info: Total CPU time (on all processors): 00:00:06


+----------------------------+
; Fitter Suppressed Messages ;
+----------------------------+
The suppressed messages can be found in E:/jzks/lab2/output_files/lab2.fit.smsg.


