TimeQuest Timing Analyzer report for lab2
Fri Oct 13 18:36:27 2023
Quartus II 64-Bit Version 13.0.1 Build 232 06/12/2013 Service Pack 1 SJ Full Version


---------------------
; Table of Contents ;
---------------------
  1. Legal Notice
  2. TimeQuest Timing Analyzer Summary
  3. Parallel Compilation
  4. Clocks
  5. Slow 1200mV 85C Model Fmax Summary
  6. Timing Closure Recommendations
  7. Slow 1200mV 85C Model Setup Summary
  8. Slow 1200mV 85C Model Hold Summary
  9. Slow 1200mV 85C Model Recovery Summary
 10. Slow 1200mV 85C Model Removal Summary
 11. Slow 1200mV 85C Model Minimum Pulse Width Summary
 12. Slow 1200mV 85C Model Setup: 'altera_reserved_tck'
 13. Slow 1200mV 85C Model Hold: 'altera_reserved_tck'
 14. Slow 1200mV 85C Model Recovery: 'altera_reserved_tck'
 15. Slow 1200mV 85C Model Removal: 'altera_reserved_tck'
 16. Slow 1200mV 85C Model Minimum Pulse Width: 'altera_reserved_tck'
 17. Setup Times
 18. Hold Times
 19. Clock to Output Times
 20. Minimum Clock to Output Times
 21. Slow 1200mV 85C Model Metastability Report
 22. Slow 1200mV 0C Model Fmax Summary
 23. Slow 1200mV 0C Model Setup Summary
 24. Slow 1200mV 0C Model Hold Summary
 25. Slow 1200mV 0C Model Recovery Summary
 26. Slow 1200mV 0C Model Removal Summary
 27. Slow 1200mV 0C Model Minimum Pulse Width Summary
 28. Slow 1200mV 0C Model Setup: 'altera_reserved_tck'
 29. Slow 1200mV 0C Model Hold: 'altera_reserved_tck'
 30. Slow 1200mV 0C Model Recovery: 'altera_reserved_tck'
 31. Slow 1200mV 0C Model Removal: 'altera_reserved_tck'
 32. Slow 1200mV 0C Model Minimum Pulse Width: 'altera_reserved_tck'
 33. Setup Times
 34. Hold Times
 35. Clock to Output Times
 36. Minimum Clock to Output Times
 37. Slow 1200mV 0C Model Metastability Report
 38. Fast 1200mV 0C Model Setup Summary
 39. Fast 1200mV 0C Model Hold Summary
 40. Fast 1200mV 0C Model Recovery Summary
 41. Fast 1200mV 0C Model Removal Summary
 42. Fast 1200mV 0C Model Minimum Pulse Width Summary
 43. Fast 1200mV 0C Model Setup: 'altera_reserved_tck'
 44. Fast 1200mV 0C Model Hold: 'altera_reserved_tck'
 45. Fast 1200mV 0C Model Recovery: 'altera_reserved_tck'
 46. Fast 1200mV 0C Model Removal: 'altera_reserved_tck'
 47. Fast 1200mV 0C Model Minimum Pulse Width: 'altera_reserved_tck'
 48. Setup Times
 49. Hold Times
 50. Clock to Output Times
 51. Minimum Clock to Output Times
 52. Fast 1200mV 0C Model Metastability Report
 53. Multicorner Timing Analysis Summary
 54. Setup Times
 55. Hold Times
 56. Clock to Output Times
 57. Minimum Clock to Output Times
 58. Board Trace Model Assignments
 59. Input Transition Times
 60. Signal Integrity Metrics (Slow 1200mv 0c Model)
 61. Signal Integrity Metrics (Slow 1200mv 85c Model)
 62. Signal Integrity Metrics (Fast 1200mv 0c Model)
 63. Setup Transfers
 64. Hold Transfers
 65. Recovery Transfers
 66. Removal Transfers
 67. Report TCCS
 68. Report RSKM
 69. Unconstrained Paths
 70. TimeQuest Timing Analyzer Messages



----------------
; Legal Notice ;
----------------
Copyright (C) 1991-2013 Altera Corporation
Your use of Altera Corporation's design tools, logic functions 
and other software and tools, and its AMPP partner logic 
functions, and any output files from any of the foregoing 
(including device programming or simulation files), and any 
associated documentation or information are expressly subject 
to the terms and conditions of the Altera Program License 
Subscription Agreement, Altera MegaCore Function License 
Agreement, or other applicable license agreement, including, 
without limitation, that your use is for the sole purpose of 
programming logic devices manufactured by Altera and sold by 
Altera or its authorized distributors.  Please refer to the 
applicable agreement for further details.



+-----------------------------------------------------------------------------------------+
; TimeQuest Timing Analyzer Summary                                                       ;
+--------------------+--------------------------------------------------------------------+
; Quartus II Version ; Version 13.0.1 Build 232 06/12/2013 Service Pack 1 SJ Full Version ;
; Revision Name      ; lab2                                                               ;
; Device Family      ; Cyclone IV E                                                       ;
; Device Name        ; EP4CE6E22C8                                                        ;
; Timing Models      ; Final                                                              ;
; Delay Model        ; Combined                                                           ;
; Rise/Fall Delays   ; Enabled                                                            ;
+--------------------+--------------------------------------------------------------------+


+------------------------------------------+
; Parallel Compilation                     ;
+----------------------------+-------------+
; Processors                 ; Number      ;
+----------------------------+-------------+
; Number detected on machine ; 8           ;
; Maximum allowed            ; 4           ;
;                            ;             ;
; Average used               ; 1.00        ;
; Maximum used               ; 4           ;
;                            ;             ;
; Usage by Processor         ; % Time Used ;
;     Processor 1            ; 100.0%      ;
;     Processors 2-4         ; < 0.1%      ;
;     Processors 5-8         ;   0.0%      ;
+----------------------------+-------------+


+-----------------------------------------------------------------------------------------------------------------------------------------------------------------------------------------------------------+
; Clocks                                                                                                                                                                                                    ;
+---------------------+------+---------+-----------+-------+--------+------------+-----------+-------------+-------+--------+-----------+------------+----------+--------+--------+-------------------------+
; Clock Name          ; Type ; Period  ; Frequency ; Rise  ; Fall   ; Duty Cycle ; Divide by ; Multiply by ; Phase ; Offset ; Edge List ; Edge Shift ; Inverted ; Master ; Source ; Targets                 ;
+---------------------+------+---------+-----------+-------+--------+------------+-----------+-------------+-------+--------+-----------+------------+----------+--------+--------+-------------------------+
; altera_reserved_tck ; Base ; 100.000 ; 10.0 MHz  ; 0.000 ; 50.000 ;            ;           ;             ;       ;        ;           ;            ;          ;        ;        ; { altera_reserved_tck } ;
+---------------------+------+---------+-----------+-------+--------+------------+-----------+-------------+-------+--------+-----------+------------+----------+--------+--------+-------------------------+


+----------------------------------------------------------+
; Slow 1200mV 85C Model Fmax Summary                       ;
+-----------+-----------------+---------------------+------+
; Fmax      ; Restricted Fmax ; Clock Name          ; Note ;
+-----------+-----------------+---------------------+------+
; 99.96 MHz ; 99.96 MHz       ; altera_reserved_tck ;      ;
+-----------+-----------------+---------------------+------+
This panel reports FMAX for every clock in the design, regardless of the user-specified clock periods.  FMAX is only computed for paths where the source and destination registers or ports are driven by the same clock.  Paths of different clocks, including generated clocks, are ignored.  For paths between a clock and its inversion, FMAX is computed as if the rising and falling edges are scaled along with FMAX, such that the duty cycle (in terms of a percentage) is maintained. Altera recommends that you always use clock constraints and other slack reports for sign-off analysis.


----------------------------------
; Timing Closure Recommendations ;
----------------------------------
HTML report is unavailable in plain text report export.


+----------------------------------------------+
; Slow 1200mV 85C Model Setup Summary          ;
+---------------------+--------+---------------+
; Clock               ; Slack  ; End Point TNS ;
+---------------------+--------+---------------+
; altera_reserved_tck ; 44.998 ; 0.000         ;
+---------------------+--------+---------------+


+---------------------------------------------+
; Slow 1200mV 85C Model Hold Summary          ;
+---------------------+-------+---------------+
; Clock               ; Slack ; End Point TNS ;
+---------------------+-------+---------------+
; altera_reserved_tck ; 0.453 ; 0.000         ;
+---------------------+-------+---------------+


+----------------------------------------------+
; Slow 1200mV 85C Model Recovery Summary       ;
+---------------------+--------+---------------+
; Clock               ; Slack  ; End Point TNS ;
+---------------------+--------+---------------+
; altera_reserved_tck ; 47.102 ; 0.000         ;
+---------------------+--------+---------------+


+---------------------------------------------+
; Slow 1200mV 85C Model Removal Summary       ;
+---------------------+-------+---------------+
; Clock               ; Slack ; End Point TNS ;
+---------------------+-------+---------------+
; altera_reserved_tck ; 1.341 ; 0.000         ;
+---------------------+-------+---------------+


+---------------------------------------------------+
; Slow 1200mV 85C Model Minimum Pulse Width Summary ;
+---------------------+--------+--------------------+
; Clock               ; Slack  ; End Point TNS      ;
+---------------------+--------+--------------------+
; altera_reserved_tck ; 49.441 ; 0.000              ;
+---------------------+--------+--------------------+


+--------------------------------------------------------------------------------------------------------------------------------------------------------------------------------------------------------------------------------------------------------------------------------------------------------------------------------------------------------------------------------------------+
; Slow 1200mV 85C Model Setup: 'altera_reserved_tck'                                                                                                                                                                                                                                                                                                                                         ;
+--------+-------------------------------------------------------------------------------------------------------------------------------------------------------------------+--------------------------------------------------------------------------------------------------------------------------+---------------------+---------------------+--------------+------------+------------+
; Slack  ; From Node                                                                                                                                                         ; To Node                                                                                                                  ; Launch Clock        ; Latch Clock         ; Relationship ; Clock Skew ; Data Delay ;
+--------+-------------------------------------------------------------------------------------------------------------------------------------------------------------------+--------------------------------------------------------------------------------------------------------------------------+---------------------+---------------------+--------------+------------+------------+
; 44.998 ; sld_hub:auto_hub|sld_jtag_hub:\jtag_hub_gen:sld_jtag_hub_inst|irf_reg[2][1]                                                                                       ; sld_hub:auto_hub|sld_jtag_hub:\jtag_hub_gen:sld_jtag_hub_inst|tdo                                                        ; altera_reserved_tck ; altera_reserved_tck ; 50.000       ; 0.191      ; 5.214      ;
; 45.126 ; sld_hub:auto_hub|sld_jtag_hub:\jtag_hub_gen:sld_jtag_hub_inst|irf_reg[1][2]                                                                                       ; sld_hub:auto_hub|sld_jtag_hub:\jtag_hub_gen:sld_jtag_hub_inst|tdo                                                        ; altera_reserved_tck ; altera_reserved_tck ; 50.000       ; 0.202      ; 5.097      ;
; 45.191 ; rom1:inst2|altsyncram:altsyncram_component|altsyncram_qlb1:auto_generated|sld_mod_ram_rom:mgl_prim2|ram_rom_data_reg[0]                                           ; sld_hub:auto_hub|sld_jtag_hub:\jtag_hub_gen:sld_jtag_hub_inst|tdo                                                        ; altera_reserved_tck ; altera_reserved_tck ; 50.000       ; 0.203      ; 5.033      ;
; 45.343 ; ram:inst15|altsyncram:altsyncram_component|altsyncram_oqj1:auto_generated|sld_mod_ram_rom:mgl_prim2|sld_rom_sr:\ram_rom_logic_gen:name_gen:info_rom_sr|WORD_SR[0] ; sld_hub:auto_hub|sld_jtag_hub:\jtag_hub_gen:sld_jtag_hub_inst|tdo                                                        ; altera_reserved_tck ; altera_reserved_tck ; 50.000       ; 0.209      ; 4.887      ;
; 45.395 ; sld_hub:auto_hub|sld_jtag_hub:\jtag_hub_gen:sld_jtag_hub_inst|irf_reg[2][2]                                                                                       ; sld_hub:auto_hub|sld_jtag_hub:\jtag_hub_gen:sld_jtag_hub_inst|tdo                                                        ; altera_reserved_tck ; altera_reserved_tck ; 50.000       ; 0.191      ; 4.817      ;
; 45.494 ; sld_hub:auto_hub|sld_jtag_hub:\jtag_hub_gen:sld_jtag_hub_inst|irf_reg[1][1]                                                                                       ; sld_hub:auto_hub|sld_jtag_hub:\jtag_hub_gen:sld_jtag_hub_inst|tdo                                                        ; altera_reserved_tck ; altera_reserved_tck ; 50.000       ; 0.202      ; 4.729      ;
; 45.614 ; ram:inst15|altsyncram:altsyncram_component|altsyncram_oqj1:auto_generated|sld_mod_ram_rom:mgl_prim2|ram_rom_data_reg[0]                                           ; sld_hub:auto_hub|sld_jtag_hub:\jtag_hub_gen:sld_jtag_hub_inst|tdo                                                        ; altera_reserved_tck ; altera_reserved_tck ; 50.000       ; 0.179      ; 4.586      ;
; 45.811 ; sld_hub:auto_hub|sld_jtag_hub:\jtag_hub_gen:sld_jtag_hub_inst|irsr_reg[6]                                                                                         ; sld_hub:auto_hub|sld_jtag_hub:\jtag_hub_gen:sld_jtag_hub_inst|tdo                                                        ; altera_reserved_tck ; altera_reserved_tck ; 50.000       ; 0.200      ; 4.410      ;
; 46.075 ; rom1:inst2|altsyncram:altsyncram_component|altsyncram_qlb1:auto_generated|sld_mod_ram_rom:mgl_prim2|bypass_reg_out                                                ; sld_hub:auto_hub|sld_jtag_hub:\jtag_hub_gen:sld_jtag_hub_inst|tdo                                                        ; altera_reserved_tck ; altera_reserved_tck ; 50.000       ; 0.205      ; 4.151      ;
; 46.174 ; sld_hub:auto_hub|sld_jtag_hub:\jtag_hub_gen:sld_jtag_hub_inst|sld_shadow_jsm:shadow_jsm|state[3]                                                                  ; sld_hub:auto_hub|sld_jtag_hub:\jtag_hub_gen:sld_jtag_hub_inst|tdo                                                        ; altera_reserved_tck ; altera_reserved_tck ; 50.000       ; 0.209      ; 4.056      ;
; 46.478 ; sld_hub:auto_hub|sld_jtag_hub:\jtag_hub_gen:sld_jtag_hub_inst|irf_reg[1][0]                                                                                       ; sld_hub:auto_hub|sld_jtag_hub:\jtag_hub_gen:sld_jtag_hub_inst|tdo                                                        ; altera_reserved_tck ; altera_reserved_tck ; 50.000       ; 0.202      ; 3.745      ;
; 46.494 ; sld_hub:auto_hub|sld_jtag_hub:\jtag_hub_gen:sld_jtag_hub_inst|irsr_reg[5]                                                                                         ; sld_hub:auto_hub|sld_jtag_hub:\jtag_hub_gen:sld_jtag_hub_inst|tdo                                                        ; altera_reserved_tck ; altera_reserved_tck ; 50.000       ; 0.198      ; 3.725      ;
; 46.494 ; ram:inst15|altsyncram:altsyncram_component|altsyncram_oqj1:auto_generated|sld_mod_ram_rom:mgl_prim2|bypass_reg_out                                                ; sld_hub:auto_hub|sld_jtag_hub:\jtag_hub_gen:sld_jtag_hub_inst|tdo                                                        ; altera_reserved_tck ; altera_reserved_tck ; 50.000       ; 0.199      ; 3.726      ;
; 46.494 ; sld_hub:auto_hub|sld_jtag_hub:\jtag_hub_gen:sld_jtag_hub_inst|irf_reg[2][0]                                                                                       ; sld_hub:auto_hub|sld_jtag_hub:\jtag_hub_gen:sld_jtag_hub_inst|tdo                                                        ; altera_reserved_tck ; altera_reserved_tck ; 50.000       ; 0.191      ; 3.718      ;
; 46.690 ; sld_hub:auto_hub|sld_jtag_hub:\jtag_hub_gen:sld_jtag_hub_inst|sld_shadow_jsm:shadow_jsm|state[4]                                                                  ; sld_hub:auto_hub|sld_jtag_hub:\jtag_hub_gen:sld_jtag_hub_inst|tdo                                                        ; altera_reserved_tck ; altera_reserved_tck ; 50.000       ; 0.205      ; 3.536      ;
; 46.789 ; sld_hub:auto_hub|sld_jtag_hub:\jtag_hub_gen:sld_jtag_hub_inst|virtual_ir_scan_reg                                                                                 ; sld_hub:auto_hub|sld_jtag_hub:\jtag_hub_gen:sld_jtag_hub_inst|tdo                                                        ; altera_reserved_tck ; altera_reserved_tck ; 50.000       ; 0.212      ; 3.444      ;
; 46.916 ; rom1:inst2|altsyncram:altsyncram_component|altsyncram_qlb1:auto_generated|sld_mod_ram_rom:mgl_prim2|sld_rom_sr:\ram_rom_logic_gen:name_gen:info_rom_sr|WORD_SR[0] ; sld_hub:auto_hub|sld_jtag_hub:\jtag_hub_gen:sld_jtag_hub_inst|tdo                                                        ; altera_reserved_tck ; altera_reserved_tck ; 50.000       ; 0.204      ; 3.309      ;
; 47.161 ; sld_hub:auto_hub|sld_jtag_hub:\jtag_hub_gen:sld_jtag_hub_inst|irsr_reg[2]                                                                                         ; sld_hub:auto_hub|sld_jtag_hub:\jtag_hub_gen:sld_jtag_hub_inst|tdo                                                        ; altera_reserved_tck ; altera_reserved_tck ; 50.000       ; 0.200      ; 3.060      ;
; 47.233 ; sld_hub:auto_hub|sld_jtag_hub:\jtag_hub_gen:sld_jtag_hub_inst|hub_minor_ver_reg[0]                                                                                ; sld_hub:auto_hub|sld_jtag_hub:\jtag_hub_gen:sld_jtag_hub_inst|tdo                                                        ; altera_reserved_tck ; altera_reserved_tck ; 50.000       ; 0.182      ; 2.970      ;
; 47.284 ; sld_hub:auto_hub|sld_jtag_hub:\jtag_hub_gen:sld_jtag_hub_inst|irsr_reg[1]                                                                                         ; sld_hub:auto_hub|sld_jtag_hub:\jtag_hub_gen:sld_jtag_hub_inst|tdo                                                        ; altera_reserved_tck ; altera_reserved_tck ; 50.000       ; 0.200      ; 2.937      ;
; 47.330 ; sld_hub:auto_hub|sld_jtag_hub:\jtag_hub_gen:sld_jtag_hub_inst|tdo_bypass_reg                                                                                      ; sld_hub:auto_hub|sld_jtag_hub:\jtag_hub_gen:sld_jtag_hub_inst|tdo                                                        ; altera_reserved_tck ; altera_reserved_tck ; 50.000       ; 0.194      ; 2.885      ;
; 47.362 ; sld_hub:auto_hub|sld_jtag_hub:\jtag_hub_gen:sld_jtag_hub_inst|irsr_reg[0]                                                                                         ; sld_hub:auto_hub|sld_jtag_hub:\jtag_hub_gen:sld_jtag_hub_inst|tdo                                                        ; altera_reserved_tck ; altera_reserved_tck ; 50.000       ; 0.200      ; 2.859      ;
; 47.470 ; sld_hub:auto_hub|sld_jtag_hub:\jtag_hub_gen:sld_jtag_hub_inst|sld_rom_sr:hub_info_reg|WORD_SR[0]                                                                  ; sld_hub:auto_hub|sld_jtag_hub:\jtag_hub_gen:sld_jtag_hub_inst|tdo                                                        ; altera_reserved_tck ; altera_reserved_tck ; 50.000       ; 0.200      ; 2.751      ;
; 47.578 ; sld_hub:auto_hub|sld_jtag_hub:\jtag_hub_gen:sld_jtag_hub_inst|design_hash_reg[0]                                                                                  ; sld_hub:auto_hub|sld_jtag_hub:\jtag_hub_gen:sld_jtag_hub_inst|tdo                                                        ; altera_reserved_tck ; altera_reserved_tck ; 50.000       ; 0.193      ; 2.636      ;
; 93.868 ; sld_hub:auto_hub|sld_jtag_hub:\jtag_hub_gen:sld_jtag_hub_inst|irsr_reg[6]                                                                                         ; sld_hub:auto_hub|sld_jtag_hub:\jtag_hub_gen:sld_jtag_hub_inst|irf_reg[2][1]                                              ; altera_reserved_tck ; altera_reserved_tck ; 100.000      ; -0.072     ; 6.081      ;
; 93.868 ; sld_hub:auto_hub|sld_jtag_hub:\jtag_hub_gen:sld_jtag_hub_inst|irsr_reg[6]                                                                                         ; sld_hub:auto_hub|sld_jtag_hub:\jtag_hub_gen:sld_jtag_hub_inst|irf_reg[2][2]                                              ; altera_reserved_tck ; altera_reserved_tck ; 100.000      ; -0.072     ; 6.081      ;
; 93.868 ; sld_hub:auto_hub|sld_jtag_hub:\jtag_hub_gen:sld_jtag_hub_inst|irsr_reg[6]                                                                                         ; sld_hub:auto_hub|sld_jtag_hub:\jtag_hub_gen:sld_jtag_hub_inst|irf_reg[2][0]                                              ; altera_reserved_tck ; altera_reserved_tck ; 100.000      ; -0.072     ; 6.081      ;
; 93.868 ; sld_hub:auto_hub|sld_jtag_hub:\jtag_hub_gen:sld_jtag_hub_inst|irsr_reg[6]                                                                                         ; sld_hub:auto_hub|sld_jtag_hub:\jtag_hub_gen:sld_jtag_hub_inst|irf_reg[2][4]                                              ; altera_reserved_tck ; altera_reserved_tck ; 100.000      ; -0.072     ; 6.081      ;
; 93.868 ; sld_hub:auto_hub|sld_jtag_hub:\jtag_hub_gen:sld_jtag_hub_inst|irsr_reg[6]                                                                                         ; sld_hub:auto_hub|sld_jtag_hub:\jtag_hub_gen:sld_jtag_hub_inst|irf_reg[2][3]                                              ; altera_reserved_tck ; altera_reserved_tck ; 100.000      ; -0.072     ; 6.081      ;
; 93.943 ; sld_hub:auto_hub|sld_jtag_hub:\jtag_hub_gen:sld_jtag_hub_inst|node_ena[2]~reg0                                                                                    ; rom1:inst2|altsyncram:altsyncram_component|altsyncram_qlb1:auto_generated|sld_mod_ram_rom:mgl_prim2|ram_rom_data_reg[15] ; altera_reserved_tck ; altera_reserved_tck ; 100.000      ; -0.085     ; 5.993      ;
; 93.943 ; sld_hub:auto_hub|sld_jtag_hub:\jtag_hub_gen:sld_jtag_hub_inst|node_ena[2]~reg0                                                                                    ; rom1:inst2|altsyncram:altsyncram_component|altsyncram_qlb1:auto_generated|sld_mod_ram_rom:mgl_prim2|ram_rom_data_reg[14] ; altera_reserved_tck ; altera_reserved_tck ; 100.000      ; -0.085     ; 5.993      ;
; 93.943 ; sld_hub:auto_hub|sld_jtag_hub:\jtag_hub_gen:sld_jtag_hub_inst|node_ena[2]~reg0                                                                                    ; rom1:inst2|altsyncram:altsyncram_component|altsyncram_qlb1:auto_generated|sld_mod_ram_rom:mgl_prim2|ram_rom_data_reg[13] ; altera_reserved_tck ; altera_reserved_tck ; 100.000      ; -0.085     ; 5.993      ;
; 93.943 ; sld_hub:auto_hub|sld_jtag_hub:\jtag_hub_gen:sld_jtag_hub_inst|node_ena[2]~reg0                                                                                    ; rom1:inst2|altsyncram:altsyncram_component|altsyncram_qlb1:auto_generated|sld_mod_ram_rom:mgl_prim2|ram_rom_data_reg[12] ; altera_reserved_tck ; altera_reserved_tck ; 100.000      ; -0.085     ; 5.993      ;
; 93.943 ; sld_hub:auto_hub|sld_jtag_hub:\jtag_hub_gen:sld_jtag_hub_inst|node_ena[2]~reg0                                                                                    ; rom1:inst2|altsyncram:altsyncram_component|altsyncram_qlb1:auto_generated|sld_mod_ram_rom:mgl_prim2|ram_rom_data_reg[11] ; altera_reserved_tck ; altera_reserved_tck ; 100.000      ; -0.085     ; 5.993      ;
; 93.943 ; sld_hub:auto_hub|sld_jtag_hub:\jtag_hub_gen:sld_jtag_hub_inst|node_ena[2]~reg0                                                                                    ; rom1:inst2|altsyncram:altsyncram_component|altsyncram_qlb1:auto_generated|sld_mod_ram_rom:mgl_prim2|ram_rom_data_reg[10] ; altera_reserved_tck ; altera_reserved_tck ; 100.000      ; -0.085     ; 5.993      ;
; 93.943 ; sld_hub:auto_hub|sld_jtag_hub:\jtag_hub_gen:sld_jtag_hub_inst|node_ena[2]~reg0                                                                                    ; rom1:inst2|altsyncram:altsyncram_component|altsyncram_qlb1:auto_generated|sld_mod_ram_rom:mgl_prim2|ram_rom_data_reg[9]  ; altera_reserved_tck ; altera_reserved_tck ; 100.000      ; -0.085     ; 5.993      ;
; 93.943 ; sld_hub:auto_hub|sld_jtag_hub:\jtag_hub_gen:sld_jtag_hub_inst|node_ena[2]~reg0                                                                                    ; rom1:inst2|altsyncram:altsyncram_component|altsyncram_qlb1:auto_generated|sld_mod_ram_rom:mgl_prim2|ram_rom_data_reg[8]  ; altera_reserved_tck ; altera_reserved_tck ; 100.000      ; -0.085     ; 5.993      ;
; 93.943 ; sld_hub:auto_hub|sld_jtag_hub:\jtag_hub_gen:sld_jtag_hub_inst|node_ena[2]~reg0                                                                                    ; rom1:inst2|altsyncram:altsyncram_component|altsyncram_qlb1:auto_generated|sld_mod_ram_rom:mgl_prim2|ram_rom_data_reg[7]  ; altera_reserved_tck ; altera_reserved_tck ; 100.000      ; -0.085     ; 5.993      ;
; 93.943 ; sld_hub:auto_hub|sld_jtag_hub:\jtag_hub_gen:sld_jtag_hub_inst|node_ena[2]~reg0                                                                                    ; rom1:inst2|altsyncram:altsyncram_component|altsyncram_qlb1:auto_generated|sld_mod_ram_rom:mgl_prim2|ram_rom_data_reg[6]  ; altera_reserved_tck ; altera_reserved_tck ; 100.000      ; -0.085     ; 5.993      ;
; 93.943 ; sld_hub:auto_hub|sld_jtag_hub:\jtag_hub_gen:sld_jtag_hub_inst|node_ena[2]~reg0                                                                                    ; rom1:inst2|altsyncram:altsyncram_component|altsyncram_qlb1:auto_generated|sld_mod_ram_rom:mgl_prim2|ram_rom_data_reg[5]  ; altera_reserved_tck ; altera_reserved_tck ; 100.000      ; -0.085     ; 5.993      ;
; 93.943 ; sld_hub:auto_hub|sld_jtag_hub:\jtag_hub_gen:sld_jtag_hub_inst|node_ena[2]~reg0                                                                                    ; rom1:inst2|altsyncram:altsyncram_component|altsyncram_qlb1:auto_generated|sld_mod_ram_rom:mgl_prim2|ram_rom_data_reg[4]  ; altera_reserved_tck ; altera_reserved_tck ; 100.000      ; -0.085     ; 5.993      ;
; 93.943 ; sld_hub:auto_hub|sld_jtag_hub:\jtag_hub_gen:sld_jtag_hub_inst|node_ena[2]~reg0                                                                                    ; rom1:inst2|altsyncram:altsyncram_component|altsyncram_qlb1:auto_generated|sld_mod_ram_rom:mgl_prim2|ram_rom_data_reg[3]  ; altera_reserved_tck ; altera_reserved_tck ; 100.000      ; -0.085     ; 5.993      ;
; 93.943 ; sld_hub:auto_hub|sld_jtag_hub:\jtag_hub_gen:sld_jtag_hub_inst|node_ena[2]~reg0                                                                                    ; rom1:inst2|altsyncram:altsyncram_component|altsyncram_qlb1:auto_generated|sld_mod_ram_rom:mgl_prim2|ram_rom_data_reg[2]  ; altera_reserved_tck ; altera_reserved_tck ; 100.000      ; -0.085     ; 5.993      ;
; 93.943 ; sld_hub:auto_hub|sld_jtag_hub:\jtag_hub_gen:sld_jtag_hub_inst|node_ena[2]~reg0                                                                                    ; rom1:inst2|altsyncram:altsyncram_component|altsyncram_qlb1:auto_generated|sld_mod_ram_rom:mgl_prim2|ram_rom_data_reg[1]  ; altera_reserved_tck ; altera_reserved_tck ; 100.000      ; -0.085     ; 5.993      ;
; 93.943 ; sld_hub:auto_hub|sld_jtag_hub:\jtag_hub_gen:sld_jtag_hub_inst|node_ena[2]~reg0                                                                                    ; rom1:inst2|altsyncram:altsyncram_component|altsyncram_qlb1:auto_generated|sld_mod_ram_rom:mgl_prim2|ram_rom_data_reg[0]  ; altera_reserved_tck ; altera_reserved_tck ; 100.000      ; -0.085     ; 5.993      ;
; 94.030 ; sld_hub:auto_hub|sld_jtag_hub:\jtag_hub_gen:sld_jtag_hub_inst|irsr_reg[6]                                                                                         ; sld_hub:auto_hub|sld_jtag_hub:\jtag_hub_gen:sld_jtag_hub_inst|irf_reg[1][2]                                              ; altera_reserved_tck ; altera_reserved_tck ; 100.000      ; -0.094     ; 5.897      ;
; 94.030 ; sld_hub:auto_hub|sld_jtag_hub:\jtag_hub_gen:sld_jtag_hub_inst|irsr_reg[6]                                                                                         ; sld_hub:auto_hub|sld_jtag_hub:\jtag_hub_gen:sld_jtag_hub_inst|irf_reg[1][1]                                              ; altera_reserved_tck ; altera_reserved_tck ; 100.000      ; -0.094     ; 5.897      ;
; 94.030 ; sld_hub:auto_hub|sld_jtag_hub:\jtag_hub_gen:sld_jtag_hub_inst|irsr_reg[6]                                                                                         ; sld_hub:auto_hub|sld_jtag_hub:\jtag_hub_gen:sld_jtag_hub_inst|irf_reg[1][0]                                              ; altera_reserved_tck ; altera_reserved_tck ; 100.000      ; -0.094     ; 5.897      ;
; 94.030 ; sld_hub:auto_hub|sld_jtag_hub:\jtag_hub_gen:sld_jtag_hub_inst|irsr_reg[6]                                                                                         ; sld_hub:auto_hub|sld_jtag_hub:\jtag_hub_gen:sld_jtag_hub_inst|irf_reg[1][4]                                              ; altera_reserved_tck ; altera_reserved_tck ; 100.000      ; -0.094     ; 5.897      ;
; 94.030 ; sld_hub:auto_hub|sld_jtag_hub:\jtag_hub_gen:sld_jtag_hub_inst|irsr_reg[6]                                                                                         ; sld_hub:auto_hub|sld_jtag_hub:\jtag_hub_gen:sld_jtag_hub_inst|irf_reg[1][3]                                              ; altera_reserved_tck ; altera_reserved_tck ; 100.000      ; -0.094     ; 5.897      ;
; 94.199 ; sld_hub:auto_hub|sld_jtag_hub:\jtag_hub_gen:sld_jtag_hub_inst|virtual_ir_scan_reg                                                                                 ; rom1:inst2|altsyncram:altsyncram_component|altsyncram_qlb1:auto_generated|sld_mod_ram_rom:mgl_prim2|ram_rom_addr_reg[1]  ; altera_reserved_tck ; altera_reserved_tck ; 100.000      ; -0.076     ; 5.746      ;
; 94.199 ; sld_hub:auto_hub|sld_jtag_hub:\jtag_hub_gen:sld_jtag_hub_inst|virtual_ir_scan_reg                                                                                 ; rom1:inst2|altsyncram:altsyncram_component|altsyncram_qlb1:auto_generated|sld_mod_ram_rom:mgl_prim2|ram_rom_addr_reg[0]  ; altera_reserved_tck ; altera_reserved_tck ; 100.000      ; -0.076     ; 5.746      ;
; 94.199 ; sld_hub:auto_hub|sld_jtag_hub:\jtag_hub_gen:sld_jtag_hub_inst|virtual_ir_scan_reg                                                                                 ; rom1:inst2|altsyncram:altsyncram_component|altsyncram_qlb1:auto_generated|sld_mod_ram_rom:mgl_prim2|ram_rom_addr_reg[7]  ; altera_reserved_tck ; altera_reserved_tck ; 100.000      ; -0.076     ; 5.746      ;
; 94.199 ; sld_hub:auto_hub|sld_jtag_hub:\jtag_hub_gen:sld_jtag_hub_inst|virtual_ir_scan_reg                                                                                 ; rom1:inst2|altsyncram:altsyncram_component|altsyncram_qlb1:auto_generated|sld_mod_ram_rom:mgl_prim2|ram_rom_addr_reg[6]  ; altera_reserved_tck ; altera_reserved_tck ; 100.000      ; -0.076     ; 5.746      ;
; 94.199 ; sld_hub:auto_hub|sld_jtag_hub:\jtag_hub_gen:sld_jtag_hub_inst|virtual_ir_scan_reg                                                                                 ; rom1:inst2|altsyncram:altsyncram_component|altsyncram_qlb1:auto_generated|sld_mod_ram_rom:mgl_prim2|ram_rom_addr_reg[5]  ; altera_reserved_tck ; altera_reserved_tck ; 100.000      ; -0.076     ; 5.746      ;
; 94.199 ; sld_hub:auto_hub|sld_jtag_hub:\jtag_hub_gen:sld_jtag_hub_inst|virtual_ir_scan_reg                                                                                 ; rom1:inst2|altsyncram:altsyncram_component|altsyncram_qlb1:auto_generated|sld_mod_ram_rom:mgl_prim2|ram_rom_addr_reg[4]  ; altera_reserved_tck ; altera_reserved_tck ; 100.000      ; -0.076     ; 5.746      ;
; 94.199 ; sld_hub:auto_hub|sld_jtag_hub:\jtag_hub_gen:sld_jtag_hub_inst|virtual_ir_scan_reg                                                                                 ; rom1:inst2|altsyncram:altsyncram_component|altsyncram_qlb1:auto_generated|sld_mod_ram_rom:mgl_prim2|ram_rom_addr_reg[3]  ; altera_reserved_tck ; altera_reserved_tck ; 100.000      ; -0.076     ; 5.746      ;
; 94.199 ; sld_hub:auto_hub|sld_jtag_hub:\jtag_hub_gen:sld_jtag_hub_inst|virtual_ir_scan_reg                                                                                 ; rom1:inst2|altsyncram:altsyncram_component|altsyncram_qlb1:auto_generated|sld_mod_ram_rom:mgl_prim2|ram_rom_addr_reg[2]  ; altera_reserved_tck ; altera_reserved_tck ; 100.000      ; -0.076     ; 5.746      ;
; 94.201 ; sld_hub:auto_hub|sld_jtag_hub:\jtag_hub_gen:sld_jtag_hub_inst|irf_reg[2][1]                                                                                       ; rom1:inst2|altsyncram:altsyncram_component|altsyncram_qlb1:auto_generated|sld_mod_ram_rom:mgl_prim2|ram_rom_data_reg[15] ; altera_reserved_tck ; altera_reserved_tck ; 100.000      ; -0.093     ; 5.727      ;
; 94.201 ; sld_hub:auto_hub|sld_jtag_hub:\jtag_hub_gen:sld_jtag_hub_inst|irf_reg[2][1]                                                                                       ; rom1:inst2|altsyncram:altsyncram_component|altsyncram_qlb1:auto_generated|sld_mod_ram_rom:mgl_prim2|ram_rom_data_reg[14] ; altera_reserved_tck ; altera_reserved_tck ; 100.000      ; -0.093     ; 5.727      ;
; 94.201 ; sld_hub:auto_hub|sld_jtag_hub:\jtag_hub_gen:sld_jtag_hub_inst|irf_reg[2][1]                                                                                       ; rom1:inst2|altsyncram:altsyncram_component|altsyncram_qlb1:auto_generated|sld_mod_ram_rom:mgl_prim2|ram_rom_data_reg[13] ; altera_reserved_tck ; altera_reserved_tck ; 100.000      ; -0.093     ; 5.727      ;
; 94.201 ; sld_hub:auto_hub|sld_jtag_hub:\jtag_hub_gen:sld_jtag_hub_inst|irf_reg[2][1]                                                                                       ; rom1:inst2|altsyncram:altsyncram_component|altsyncram_qlb1:auto_generated|sld_mod_ram_rom:mgl_prim2|ram_rom_data_reg[12] ; altera_reserved_tck ; altera_reserved_tck ; 100.000      ; -0.093     ; 5.727      ;
; 94.201 ; sld_hub:auto_hub|sld_jtag_hub:\jtag_hub_gen:sld_jtag_hub_inst|irf_reg[2][1]                                                                                       ; rom1:inst2|altsyncram:altsyncram_component|altsyncram_qlb1:auto_generated|sld_mod_ram_rom:mgl_prim2|ram_rom_data_reg[11] ; altera_reserved_tck ; altera_reserved_tck ; 100.000      ; -0.093     ; 5.727      ;
; 94.201 ; sld_hub:auto_hub|sld_jtag_hub:\jtag_hub_gen:sld_jtag_hub_inst|irf_reg[2][1]                                                                                       ; rom1:inst2|altsyncram:altsyncram_component|altsyncram_qlb1:auto_generated|sld_mod_ram_rom:mgl_prim2|ram_rom_data_reg[10] ; altera_reserved_tck ; altera_reserved_tck ; 100.000      ; -0.093     ; 5.727      ;
; 94.201 ; sld_hub:auto_hub|sld_jtag_hub:\jtag_hub_gen:sld_jtag_hub_inst|irf_reg[2][1]                                                                                       ; rom1:inst2|altsyncram:altsyncram_component|altsyncram_qlb1:auto_generated|sld_mod_ram_rom:mgl_prim2|ram_rom_data_reg[9]  ; altera_reserved_tck ; altera_reserved_tck ; 100.000      ; -0.093     ; 5.727      ;
; 94.201 ; sld_hub:auto_hub|sld_jtag_hub:\jtag_hub_gen:sld_jtag_hub_inst|irf_reg[2][1]                                                                                       ; rom1:inst2|altsyncram:altsyncram_component|altsyncram_qlb1:auto_generated|sld_mod_ram_rom:mgl_prim2|ram_rom_data_reg[8]  ; altera_reserved_tck ; altera_reserved_tck ; 100.000      ; -0.093     ; 5.727      ;
; 94.201 ; sld_hub:auto_hub|sld_jtag_hub:\jtag_hub_gen:sld_jtag_hub_inst|irf_reg[2][1]                                                                                       ; rom1:inst2|altsyncram:altsyncram_component|altsyncram_qlb1:auto_generated|sld_mod_ram_rom:mgl_prim2|ram_rom_data_reg[7]  ; altera_reserved_tck ; altera_reserved_tck ; 100.000      ; -0.093     ; 5.727      ;
; 94.201 ; sld_hub:auto_hub|sld_jtag_hub:\jtag_hub_gen:sld_jtag_hub_inst|irf_reg[2][1]                                                                                       ; rom1:inst2|altsyncram:altsyncram_component|altsyncram_qlb1:auto_generated|sld_mod_ram_rom:mgl_prim2|ram_rom_data_reg[6]  ; altera_reserved_tck ; altera_reserved_tck ; 100.000      ; -0.093     ; 5.727      ;
; 94.201 ; sld_hub:auto_hub|sld_jtag_hub:\jtag_hub_gen:sld_jtag_hub_inst|irf_reg[2][1]                                                                                       ; rom1:inst2|altsyncram:altsyncram_component|altsyncram_qlb1:auto_generated|sld_mod_ram_rom:mgl_prim2|ram_rom_data_reg[5]  ; altera_reserved_tck ; altera_reserved_tck ; 100.000      ; -0.093     ; 5.727      ;
; 94.201 ; sld_hub:auto_hub|sld_jtag_hub:\jtag_hub_gen:sld_jtag_hub_inst|irf_reg[2][1]                                                                                       ; rom1:inst2|altsyncram:altsyncram_component|altsyncram_qlb1:auto_generated|sld_mod_ram_rom:mgl_prim2|ram_rom_data_reg[4]  ; altera_reserved_tck ; altera_reserved_tck ; 100.000      ; -0.093     ; 5.727      ;
; 94.201 ; sld_hub:auto_hub|sld_jtag_hub:\jtag_hub_gen:sld_jtag_hub_inst|irf_reg[2][1]                                                                                       ; rom1:inst2|altsyncram:altsyncram_component|altsyncram_qlb1:auto_generated|sld_mod_ram_rom:mgl_prim2|ram_rom_data_reg[3]  ; altera_reserved_tck ; altera_reserved_tck ; 100.000      ; -0.093     ; 5.727      ;
; 94.201 ; sld_hub:auto_hub|sld_jtag_hub:\jtag_hub_gen:sld_jtag_hub_inst|irf_reg[2][1]                                                                                       ; rom1:inst2|altsyncram:altsyncram_component|altsyncram_qlb1:auto_generated|sld_mod_ram_rom:mgl_prim2|ram_rom_data_reg[2]  ; altera_reserved_tck ; altera_reserved_tck ; 100.000      ; -0.093     ; 5.727      ;
; 94.201 ; sld_hub:auto_hub|sld_jtag_hub:\jtag_hub_gen:sld_jtag_hub_inst|irf_reg[2][1]                                                                                       ; rom1:inst2|altsyncram:altsyncram_component|altsyncram_qlb1:auto_generated|sld_mod_ram_rom:mgl_prim2|ram_rom_data_reg[1]  ; altera_reserved_tck ; altera_reserved_tck ; 100.000      ; -0.093     ; 5.727      ;
; 94.201 ; sld_hub:auto_hub|sld_jtag_hub:\jtag_hub_gen:sld_jtag_hub_inst|irf_reg[2][1]                                                                                       ; rom1:inst2|altsyncram:altsyncram_component|altsyncram_qlb1:auto_generated|sld_mod_ram_rom:mgl_prim2|ram_rom_data_reg[0]  ; altera_reserved_tck ; altera_reserved_tck ; 100.000      ; -0.093     ; 5.727      ;
; 94.221 ; rom1:inst2|altsyncram:altsyncram_component|altsyncram_qlb1:auto_generated|altsyncram_67d2:altsyncram1|ram_block3a0~portb_we_reg                                   ; rom1:inst2|altsyncram:altsyncram_component|altsyncram_qlb1:auto_generated|sld_mod_ram_rom:mgl_prim2|ram_rom_data_reg[17] ; altera_reserved_tck ; altera_reserved_tck ; 100.000      ; -0.400     ; 5.400      ;
; 94.223 ; sld_hub:auto_hub|sld_jtag_hub:\jtag_hub_gen:sld_jtag_hub_inst|virtual_ir_scan_reg                                                                                 ; rom1:inst2|altsyncram:altsyncram_component|altsyncram_qlb1:auto_generated|sld_mod_ram_rom:mgl_prim2|ram_rom_data_reg[15] ; altera_reserved_tck ; altera_reserved_tck ; 100.000      ; -0.072     ; 5.726      ;
; 94.223 ; sld_hub:auto_hub|sld_jtag_hub:\jtag_hub_gen:sld_jtag_hub_inst|virtual_ir_scan_reg                                                                                 ; rom1:inst2|altsyncram:altsyncram_component|altsyncram_qlb1:auto_generated|sld_mod_ram_rom:mgl_prim2|ram_rom_data_reg[14] ; altera_reserved_tck ; altera_reserved_tck ; 100.000      ; -0.072     ; 5.726      ;
; 94.223 ; sld_hub:auto_hub|sld_jtag_hub:\jtag_hub_gen:sld_jtag_hub_inst|virtual_ir_scan_reg                                                                                 ; rom1:inst2|altsyncram:altsyncram_component|altsyncram_qlb1:auto_generated|sld_mod_ram_rom:mgl_prim2|ram_rom_data_reg[13] ; altera_reserved_tck ; altera_reserved_tck ; 100.000      ; -0.072     ; 5.726      ;
; 94.223 ; sld_hub:auto_hub|sld_jtag_hub:\jtag_hub_gen:sld_jtag_hub_inst|virtual_ir_scan_reg                                                                                 ; rom1:inst2|altsyncram:altsyncram_component|altsyncram_qlb1:auto_generated|sld_mod_ram_rom:mgl_prim2|ram_rom_data_reg[12] ; altera_reserved_tck ; altera_reserved_tck ; 100.000      ; -0.072     ; 5.726      ;
; 94.223 ; sld_hub:auto_hub|sld_jtag_hub:\jtag_hub_gen:sld_jtag_hub_inst|virtual_ir_scan_reg                                                                                 ; rom1:inst2|altsyncram:altsyncram_component|altsyncram_qlb1:auto_generated|sld_mod_ram_rom:mgl_prim2|ram_rom_data_reg[11] ; altera_reserved_tck ; altera_reserved_tck ; 100.000      ; -0.072     ; 5.726      ;
; 94.223 ; sld_hub:auto_hub|sld_jtag_hub:\jtag_hub_gen:sld_jtag_hub_inst|virtual_ir_scan_reg                                                                                 ; rom1:inst2|altsyncram:altsyncram_component|altsyncram_qlb1:auto_generated|sld_mod_ram_rom:mgl_prim2|ram_rom_data_reg[10] ; altera_reserved_tck ; altera_reserved_tck ; 100.000      ; -0.072     ; 5.726      ;
; 94.223 ; sld_hub:auto_hub|sld_jtag_hub:\jtag_hub_gen:sld_jtag_hub_inst|virtual_ir_scan_reg                                                                                 ; rom1:inst2|altsyncram:altsyncram_component|altsyncram_qlb1:auto_generated|sld_mod_ram_rom:mgl_prim2|ram_rom_data_reg[9]  ; altera_reserved_tck ; altera_reserved_tck ; 100.000      ; -0.072     ; 5.726      ;
; 94.223 ; sld_hub:auto_hub|sld_jtag_hub:\jtag_hub_gen:sld_jtag_hub_inst|virtual_ir_scan_reg                                                                                 ; rom1:inst2|altsyncram:altsyncram_component|altsyncram_qlb1:auto_generated|sld_mod_ram_rom:mgl_prim2|ram_rom_data_reg[8]  ; altera_reserved_tck ; altera_reserved_tck ; 100.000      ; -0.072     ; 5.726      ;
; 94.223 ; sld_hub:auto_hub|sld_jtag_hub:\jtag_hub_gen:sld_jtag_hub_inst|virtual_ir_scan_reg                                                                                 ; rom1:inst2|altsyncram:altsyncram_component|altsyncram_qlb1:auto_generated|sld_mod_ram_rom:mgl_prim2|ram_rom_data_reg[7]  ; altera_reserved_tck ; altera_reserved_tck ; 100.000      ; -0.072     ; 5.726      ;
; 94.223 ; sld_hub:auto_hub|sld_jtag_hub:\jtag_hub_gen:sld_jtag_hub_inst|virtual_ir_scan_reg                                                                                 ; rom1:inst2|altsyncram:altsyncram_component|altsyncram_qlb1:auto_generated|sld_mod_ram_rom:mgl_prim2|ram_rom_data_reg[6]  ; altera_reserved_tck ; altera_reserved_tck ; 100.000      ; -0.072     ; 5.726      ;
; 94.223 ; sld_hub:auto_hub|sld_jtag_hub:\jtag_hub_gen:sld_jtag_hub_inst|virtual_ir_scan_reg                                                                                 ; rom1:inst2|altsyncram:altsyncram_component|altsyncram_qlb1:auto_generated|sld_mod_ram_rom:mgl_prim2|ram_rom_data_reg[5]  ; altera_reserved_tck ; altera_reserved_tck ; 100.000      ; -0.072     ; 5.726      ;
; 94.223 ; sld_hub:auto_hub|sld_jtag_hub:\jtag_hub_gen:sld_jtag_hub_inst|virtual_ir_scan_reg                                                                                 ; rom1:inst2|altsyncram:altsyncram_component|altsyncram_qlb1:auto_generated|sld_mod_ram_rom:mgl_prim2|ram_rom_data_reg[4]  ; altera_reserved_tck ; altera_reserved_tck ; 100.000      ; -0.072     ; 5.726      ;
; 94.223 ; sld_hub:auto_hub|sld_jtag_hub:\jtag_hub_gen:sld_jtag_hub_inst|virtual_ir_scan_reg                                                                                 ; rom1:inst2|altsyncram:altsyncram_component|altsyncram_qlb1:auto_generated|sld_mod_ram_rom:mgl_prim2|ram_rom_data_reg[3]  ; altera_reserved_tck ; altera_reserved_tck ; 100.000      ; -0.072     ; 5.726      ;
; 94.223 ; sld_hub:auto_hub|sld_jtag_hub:\jtag_hub_gen:sld_jtag_hub_inst|virtual_ir_scan_reg                                                                                 ; rom1:inst2|altsyncram:altsyncram_component|altsyncram_qlb1:auto_generated|sld_mod_ram_rom:mgl_prim2|ram_rom_data_reg[2]  ; altera_reserved_tck ; altera_reserved_tck ; 100.000      ; -0.072     ; 5.726      ;
; 94.223 ; sld_hub:auto_hub|sld_jtag_hub:\jtag_hub_gen:sld_jtag_hub_inst|virtual_ir_scan_reg                                                                                 ; rom1:inst2|altsyncram:altsyncram_component|altsyncram_qlb1:auto_generated|sld_mod_ram_rom:mgl_prim2|ram_rom_data_reg[1]  ; altera_reserved_tck ; altera_reserved_tck ; 100.000      ; -0.072     ; 5.726      ;
; 94.223 ; sld_hub:auto_hub|sld_jtag_hub:\jtag_hub_gen:sld_jtag_hub_inst|virtual_ir_scan_reg                                                                                 ; rom1:inst2|altsyncram:altsyncram_component|altsyncram_qlb1:auto_generated|sld_mod_ram_rom:mgl_prim2|ram_rom_data_reg[0]  ; altera_reserved_tck ; altera_reserved_tck ; 100.000      ; -0.072     ; 5.726      ;
; 94.447 ; sld_hub:auto_hub|sld_jtag_hub:\jtag_hub_gen:sld_jtag_hub_inst|node_ena[2]~reg0                                                                                    ; rom1:inst2|altsyncram:altsyncram_component|altsyncram_qlb1:auto_generated|sld_mod_ram_rom:mgl_prim2|ram_rom_addr_reg[1]  ; altera_reserved_tck ; altera_reserved_tck ; 100.000      ; -0.089     ; 5.485      ;
; 94.447 ; sld_hub:auto_hub|sld_jtag_hub:\jtag_hub_gen:sld_jtag_hub_inst|node_ena[2]~reg0                                                                                    ; rom1:inst2|altsyncram:altsyncram_component|altsyncram_qlb1:auto_generated|sld_mod_ram_rom:mgl_prim2|ram_rom_addr_reg[0]  ; altera_reserved_tck ; altera_reserved_tck ; 100.000      ; -0.089     ; 5.485      ;
; 94.447 ; sld_hub:auto_hub|sld_jtag_hub:\jtag_hub_gen:sld_jtag_hub_inst|node_ena[2]~reg0                                                                                    ; rom1:inst2|altsyncram:altsyncram_component|altsyncram_qlb1:auto_generated|sld_mod_ram_rom:mgl_prim2|ram_rom_addr_reg[7]  ; altera_reserved_tck ; altera_reserved_tck ; 100.000      ; -0.089     ; 5.485      ;
; 94.447 ; sld_hub:auto_hub|sld_jtag_hub:\jtag_hub_gen:sld_jtag_hub_inst|node_ena[2]~reg0                                                                                    ; rom1:inst2|altsyncram:altsyncram_component|altsyncram_qlb1:auto_generated|sld_mod_ram_rom:mgl_prim2|ram_rom_addr_reg[6]  ; altera_reserved_tck ; altera_reserved_tck ; 100.000      ; -0.089     ; 5.485      ;
; 94.447 ; sld_hub:auto_hub|sld_jtag_hub:\jtag_hub_gen:sld_jtag_hub_inst|node_ena[2]~reg0                                                                                    ; rom1:inst2|altsyncram:altsyncram_component|altsyncram_qlb1:auto_generated|sld_mod_ram_rom:mgl_prim2|ram_rom_addr_reg[5]  ; altera_reserved_tck ; altera_reserved_tck ; 100.000      ; -0.089     ; 5.485      ;
; 94.447 ; sld_hub:auto_hub|sld_jtag_hub:\jtag_hub_gen:sld_jtag_hub_inst|node_ena[2]~reg0                                                                                    ; rom1:inst2|altsyncram:altsyncram_component|altsyncram_qlb1:auto_generated|sld_mod_ram_rom:mgl_prim2|ram_rom_addr_reg[4]  ; altera_reserved_tck ; altera_reserved_tck ; 100.000      ; -0.089     ; 5.485      ;
; 94.447 ; sld_hub:auto_hub|sld_jtag_hub:\jtag_hub_gen:sld_jtag_hub_inst|node_ena[2]~reg0                                                                                    ; rom1:inst2|altsyncram:altsyncram_component|altsyncram_qlb1:auto_generated|sld_mod_ram_rom:mgl_prim2|ram_rom_addr_reg[3]  ; altera_reserved_tck ; altera_reserved_tck ; 100.000      ; -0.089     ; 5.485      ;
; 94.447 ; sld_hub:auto_hub|sld_jtag_hub:\jtag_hub_gen:sld_jtag_hub_inst|node_ena[2]~reg0                                                                                    ; rom1:inst2|altsyncram:altsyncram_component|altsyncram_qlb1:auto_generated|sld_mod_ram_rom:mgl_prim2|ram_rom_addr_reg[2]  ; altera_reserved_tck ; altera_reserved_tck ; 100.000      ; -0.089     ; 5.485      ;
; 94.447 ; sld_hub:auto_hub|sld_jtag_hub:\jtag_hub_gen:sld_jtag_hub_inst|irf_reg[2][3]                                                                                       ; rom1:inst2|altsyncram:altsyncram_component|altsyncram_qlb1:auto_generated|sld_mod_ram_rom:mgl_prim2|ram_rom_data_reg[15] ; altera_reserved_tck ; altera_reserved_tck ; 100.000      ; -0.093     ; 5.481      ;
+--------+-------------------------------------------------------------------------------------------------------------------------------------------------------------------+--------------------------------------------------------------------------------------------------------------------------+---------------------+---------------------+--------------+------------+------------+


+------------------------------------------------------------------------------------------------------------------------------------------------------------------------------------------------------------------------------------------------------------------------------------------------------------------------------------------------------------------------------------------------------------------------------------+
; Slow 1200mV 85C Model Hold: 'altera_reserved_tck'                                                                                                                                                                                                                                                                                                                                                                                  ;
+-------+-------------------------------------------------------------------------------------------------------------------------------------------------------------------+-------------------------------------------------------------------------------------------------------------------------------------------------------------------+---------------------+---------------------+--------------+------------+------------+
; Slack ; From Node                                                                                                                                                         ; To Node                                                                                                                                                           ; Launch Clock        ; Latch Clock         ; Relationship ; Clock Skew ; Data Delay ;
+-------+-------------------------------------------------------------------------------------------------------------------------------------------------------------------+-------------------------------------------------------------------------------------------------------------------------------------------------------------------+---------------------+---------------------+--------------+------------+------------+
; 0.453 ; ram:inst15|altsyncram:altsyncram_component|altsyncram_oqj1:auto_generated|sld_mod_ram_rom:mgl_prim2|ram_rom_data_shift_cntr_reg[1]                                ; ram:inst15|altsyncram:altsyncram_component|altsyncram_oqj1:auto_generated|sld_mod_ram_rom:mgl_prim2|ram_rom_data_shift_cntr_reg[1]                                ; altera_reserved_tck ; altera_reserved_tck ; 0.000        ; 0.081      ; 0.746      ;
; 0.453 ; ram:inst15|altsyncram:altsyncram_component|altsyncram_oqj1:auto_generated|sld_mod_ram_rom:mgl_prim2|ram_rom_data_shift_cntr_reg[0]                                ; ram:inst15|altsyncram:altsyncram_component|altsyncram_oqj1:auto_generated|sld_mod_ram_rom:mgl_prim2|ram_rom_data_shift_cntr_reg[0]                                ; altera_reserved_tck ; altera_reserved_tck ; 0.000        ; 0.081      ; 0.746      ;
; 0.453 ; ram:inst15|altsyncram:altsyncram_component|altsyncram_oqj1:auto_generated|sld_mod_ram_rom:mgl_prim2|ram_rom_data_shift_cntr_reg[2]                                ; ram:inst15|altsyncram:altsyncram_component|altsyncram_oqj1:auto_generated|sld_mod_ram_rom:mgl_prim2|ram_rom_data_shift_cntr_reg[2]                                ; altera_reserved_tck ; altera_reserved_tck ; 0.000        ; 0.081      ; 0.746      ;
; 0.453 ; sld_hub:auto_hub|sld_jtag_hub:\jtag_hub_gen:sld_jtag_hub_inst|sld_shadow_jsm:shadow_jsm|state[6]                                                                  ; sld_hub:auto_hub|sld_jtag_hub:\jtag_hub_gen:sld_jtag_hub_inst|sld_shadow_jsm:shadow_jsm|state[6]                                                                  ; altera_reserved_tck ; altera_reserved_tck ; 0.000        ; 0.081      ; 0.746      ;
; 0.453 ; sld_hub:auto_hub|sld_jtag_hub:\jtag_hub_gen:sld_jtag_hub_inst|sld_shadow_jsm:shadow_jsm|tms_cnt[1]                                                                ; sld_hub:auto_hub|sld_jtag_hub:\jtag_hub_gen:sld_jtag_hub_inst|sld_shadow_jsm:shadow_jsm|tms_cnt[1]                                                                ; altera_reserved_tck ; altera_reserved_tck ; 0.000        ; 0.081      ; 0.746      ;
; 0.453 ; sld_hub:auto_hub|sld_jtag_hub:\jtag_hub_gen:sld_jtag_hub_inst|sld_shadow_jsm:shadow_jsm|tms_cnt[2]                                                                ; sld_hub:auto_hub|sld_jtag_hub:\jtag_hub_gen:sld_jtag_hub_inst|sld_shadow_jsm:shadow_jsm|tms_cnt[2]                                                                ; altera_reserved_tck ; altera_reserved_tck ; 0.000        ; 0.081      ; 0.746      ;
; 0.453 ; sld_hub:auto_hub|sld_jtag_hub:\jtag_hub_gen:sld_jtag_hub_inst|sld_shadow_jsm:shadow_jsm|state[0]                                                                  ; sld_hub:auto_hub|sld_jtag_hub:\jtag_hub_gen:sld_jtag_hub_inst|sld_shadow_jsm:shadow_jsm|state[0]                                                                  ; altera_reserved_tck ; altera_reserved_tck ; 0.000        ; 0.081      ; 0.746      ;
; 0.453 ; sld_hub:auto_hub|sld_jtag_hub:\jtag_hub_gen:sld_jtag_hub_inst|sld_shadow_jsm:shadow_jsm|state[1]                                                                  ; sld_hub:auto_hub|sld_jtag_hub:\jtag_hub_gen:sld_jtag_hub_inst|sld_shadow_jsm:shadow_jsm|state[1]                                                                  ; altera_reserved_tck ; altera_reserved_tck ; 0.000        ; 0.081      ; 0.746      ;
; 0.453 ; sld_hub:auto_hub|sld_jtag_hub:\jtag_hub_gen:sld_jtag_hub_inst|hub_mode_reg[2]                                                                                     ; sld_hub:auto_hub|sld_jtag_hub:\jtag_hub_gen:sld_jtag_hub_inst|hub_mode_reg[2]                                                                                     ; altera_reserved_tck ; altera_reserved_tck ; 0.000        ; 0.081      ; 0.746      ;
; 0.453 ; sld_hub:auto_hub|sld_jtag_hub:\jtag_hub_gen:sld_jtag_hub_inst|irsr_reg[6]                                                                                         ; sld_hub:auto_hub|sld_jtag_hub:\jtag_hub_gen:sld_jtag_hub_inst|irsr_reg[6]                                                                                         ; altera_reserved_tck ; altera_reserved_tck ; 0.000        ; 0.081      ; 0.746      ;
; 0.453 ; sld_hub:auto_hub|sld_jtag_hub:\jtag_hub_gen:sld_jtag_hub_inst|hub_mode_reg[0]                                                                                     ; sld_hub:auto_hub|sld_jtag_hub:\jtag_hub_gen:sld_jtag_hub_inst|hub_mode_reg[0]                                                                                     ; altera_reserved_tck ; altera_reserved_tck ; 0.000        ; 0.081      ; 0.746      ;
; 0.453 ; sld_hub:auto_hub|sld_jtag_hub:\jtag_hub_gen:sld_jtag_hub_inst|sld_shadow_jsm:shadow_jsm|state[11]                                                                 ; sld_hub:auto_hub|sld_jtag_hub:\jtag_hub_gen:sld_jtag_hub_inst|sld_shadow_jsm:shadow_jsm|state[11]                                                                 ; altera_reserved_tck ; altera_reserved_tck ; 0.000        ; 0.081      ; 0.746      ;
; 0.453 ; sld_hub:auto_hub|sld_jtag_hub:\jtag_hub_gen:sld_jtag_hub_inst|irsr_reg[4]                                                                                         ; sld_hub:auto_hub|sld_jtag_hub:\jtag_hub_gen:sld_jtag_hub_inst|irsr_reg[4]                                                                                         ; altera_reserved_tck ; altera_reserved_tck ; 0.000        ; 0.081      ; 0.746      ;
; 0.453 ; sld_hub:auto_hub|sld_jtag_hub:\jtag_hub_gen:sld_jtag_hub_inst|tdo_bypass_reg                                                                                      ; sld_hub:auto_hub|sld_jtag_hub:\jtag_hub_gen:sld_jtag_hub_inst|tdo_bypass_reg                                                                                      ; altera_reserved_tck ; altera_reserved_tck ; 0.000        ; 0.081      ; 0.746      ;
; 0.453 ; sld_hub:auto_hub|sld_jtag_hub:\jtag_hub_gen:sld_jtag_hub_inst|sld_shadow_jsm:shadow_jsm|state[13]                                                                 ; sld_hub:auto_hub|sld_jtag_hub:\jtag_hub_gen:sld_jtag_hub_inst|sld_shadow_jsm:shadow_jsm|state[13]                                                                 ; altera_reserved_tck ; altera_reserved_tck ; 0.000        ; 0.081      ; 0.746      ;
; 0.454 ; sld_hub:auto_hub|sld_jtag_hub:\jtag_hub_gen:sld_jtag_hub_inst|hub_mode_reg[1]                                                                                     ; sld_hub:auto_hub|sld_jtag_hub:\jtag_hub_gen:sld_jtag_hub_inst|hub_mode_reg[1]                                                                                     ; altera_reserved_tck ; altera_reserved_tck ; 0.000        ; 0.080      ; 0.746      ;
; 0.454 ; sld_hub:auto_hub|sld_jtag_hub:\jtag_hub_gen:sld_jtag_hub_inst|irsr_reg[5]                                                                                         ; sld_hub:auto_hub|sld_jtag_hub:\jtag_hub_gen:sld_jtag_hub_inst|irsr_reg[5]                                                                                         ; altera_reserved_tck ; altera_reserved_tck ; 0.000        ; 0.080      ; 0.746      ;
; 0.454 ; ram:inst15|altsyncram:altsyncram_component|altsyncram_oqj1:auto_generated|sld_mod_ram_rom:mgl_prim2|is_in_use_reg                                                 ; ram:inst15|altsyncram:altsyncram_component|altsyncram_oqj1:auto_generated|sld_mod_ram_rom:mgl_prim2|is_in_use_reg                                                 ; altera_reserved_tck ; altera_reserved_tck ; 0.000        ; 0.080      ; 0.746      ;
; 0.454 ; ram:inst15|altsyncram:altsyncram_component|altsyncram_oqj1:auto_generated|sld_mod_ram_rom:mgl_prim2|bypass_reg_out                                                ; ram:inst15|altsyncram:altsyncram_component|altsyncram_oqj1:auto_generated|sld_mod_ram_rom:mgl_prim2|bypass_reg_out                                                ; altera_reserved_tck ; altera_reserved_tck ; 0.000        ; 0.080      ; 0.746      ;
; 0.454 ; sld_hub:auto_hub|sld_jtag_hub:\jtag_hub_gen:sld_jtag_hub_inst|sld_shadow_jsm:shadow_jsm|state[4]                                                                  ; sld_hub:auto_hub|sld_jtag_hub:\jtag_hub_gen:sld_jtag_hub_inst|sld_shadow_jsm:shadow_jsm|state[4]                                                                  ; altera_reserved_tck ; altera_reserved_tck ; 0.000        ; 0.080      ; 0.746      ;
; 0.454 ; rom1:inst2|altsyncram:altsyncram_component|altsyncram_qlb1:auto_generated|sld_mod_ram_rom:mgl_prim2|ram_rom_data_shift_cntr_reg[0]                                ; rom1:inst2|altsyncram:altsyncram_component|altsyncram_qlb1:auto_generated|sld_mod_ram_rom:mgl_prim2|ram_rom_data_shift_cntr_reg[0]                                ; altera_reserved_tck ; altera_reserved_tck ; 0.000        ; 0.080      ; 0.746      ;
; 0.454 ; rom1:inst2|altsyncram:altsyncram_component|altsyncram_qlb1:auto_generated|sld_mod_ram_rom:mgl_prim2|ram_rom_data_shift_cntr_reg[2]                                ; rom1:inst2|altsyncram:altsyncram_component|altsyncram_qlb1:auto_generated|sld_mod_ram_rom:mgl_prim2|ram_rom_data_shift_cntr_reg[2]                                ; altera_reserved_tck ; altera_reserved_tck ; 0.000        ; 0.080      ; 0.746      ;
; 0.454 ; rom1:inst2|altsyncram:altsyncram_component|altsyncram_qlb1:auto_generated|sld_mod_ram_rom:mgl_prim2|ram_rom_data_shift_cntr_reg[3]                                ; rom1:inst2|altsyncram:altsyncram_component|altsyncram_qlb1:auto_generated|sld_mod_ram_rom:mgl_prim2|ram_rom_data_shift_cntr_reg[3]                                ; altera_reserved_tck ; altera_reserved_tck ; 0.000        ; 0.080      ; 0.746      ;
; 0.454 ; rom1:inst2|altsyncram:altsyncram_component|altsyncram_qlb1:auto_generated|sld_mod_ram_rom:mgl_prim2|ram_rom_data_shift_cntr_reg[4]                                ; rom1:inst2|altsyncram:altsyncram_component|altsyncram_qlb1:auto_generated|sld_mod_ram_rom:mgl_prim2|ram_rom_data_shift_cntr_reg[4]                                ; altera_reserved_tck ; altera_reserved_tck ; 0.000        ; 0.080      ; 0.746      ;
; 0.454 ; rom1:inst2|altsyncram:altsyncram_component|altsyncram_qlb1:auto_generated|sld_mod_ram_rom:mgl_prim2|ram_rom_data_shift_cntr_reg[1]                                ; rom1:inst2|altsyncram:altsyncram_component|altsyncram_qlb1:auto_generated|sld_mod_ram_rom:mgl_prim2|ram_rom_data_shift_cntr_reg[1]                                ; altera_reserved_tck ; altera_reserved_tck ; 0.000        ; 0.080      ; 0.746      ;
; 0.454 ; rom1:inst2|altsyncram:altsyncram_component|altsyncram_qlb1:auto_generated|sld_mod_ram_rom:mgl_prim2|is_in_use_reg                                                 ; rom1:inst2|altsyncram:altsyncram_component|altsyncram_qlb1:auto_generated|sld_mod_ram_rom:mgl_prim2|is_in_use_reg                                                 ; altera_reserved_tck ; altera_reserved_tck ; 0.000        ; 0.080      ; 0.746      ;
; 0.454 ; rom1:inst2|altsyncram:altsyncram_component|altsyncram_qlb1:auto_generated|sld_mod_ram_rom:mgl_prim2|bypass_reg_out                                                ; rom1:inst2|altsyncram:altsyncram_component|altsyncram_qlb1:auto_generated|sld_mod_ram_rom:mgl_prim2|bypass_reg_out                                                ; altera_reserved_tck ; altera_reserved_tck ; 0.000        ; 0.080      ; 0.746      ;
; 0.465 ; sld_hub:auto_hub|sld_jtag_hub:\jtag_hub_gen:sld_jtag_hub_inst|sld_shadow_jsm:shadow_jsm|tms_cnt[0]                                                                ; sld_hub:auto_hub|sld_jtag_hub:\jtag_hub_gen:sld_jtag_hub_inst|sld_shadow_jsm:shadow_jsm|tms_cnt[0]                                                                ; altera_reserved_tck ; altera_reserved_tck ; 0.000        ; 0.081      ; 0.758      ;
; 0.483 ; sld_hub:auto_hub|sld_jtag_hub:\jtag_hub_gen:sld_jtag_hub_inst|sld_shadow_jsm:shadow_jsm|tms_cnt[1]                                                                ; sld_hub:auto_hub|sld_jtag_hub:\jtag_hub_gen:sld_jtag_hub_inst|sld_shadow_jsm:shadow_jsm|tms_cnt[2]                                                                ; altera_reserved_tck ; altera_reserved_tck ; 0.000        ; 0.081      ; 0.776      ;
; 0.489 ; ram:inst15|altsyncram:altsyncram_component|altsyncram_oqj1:auto_generated|sld_mod_ram_rom:mgl_prim2|ram_rom_data_reg[0]                                           ; ram:inst15|altsyncram:altsyncram_component|altsyncram_oqj1:auto_generated|altsyncram_m3a2:altsyncram1|ram_block3a0~portb_datain_reg0                              ; altera_reserved_tck ; altera_reserved_tck ; 0.000        ; 0.410      ; 1.153      ;
; 0.493 ; sld_hub:auto_hub|sld_jtag_hub:\jtag_hub_gen:sld_jtag_hub_inst|sld_shadow_jsm:shadow_jsm|tms_cnt[0]                                                                ; sld_hub:auto_hub|sld_jtag_hub:\jtag_hub_gen:sld_jtag_hub_inst|sld_shadow_jsm:shadow_jsm|tms_cnt[1]                                                                ; altera_reserved_tck ; altera_reserved_tck ; 0.000        ; 0.081      ; 0.786      ;
; 0.495 ; sld_hub:auto_hub|sld_jtag_hub:\jtag_hub_gen:sld_jtag_hub_inst|sld_shadow_jsm:shadow_jsm|state[9]                                                                  ; sld_hub:auto_hub|sld_jtag_hub:\jtag_hub_gen:sld_jtag_hub_inst|sld_shadow_jsm:shadow_jsm|state[0]                                                                  ; altera_reserved_tck ; altera_reserved_tck ; 0.000        ; 0.081      ; 0.788      ;
; 0.498 ; ram:inst15|altsyncram:altsyncram_component|altsyncram_oqj1:auto_generated|sld_mod_ram_rom:mgl_prim2|ram_rom_data_reg[7]                                           ; ram:inst15|altsyncram:altsyncram_component|altsyncram_oqj1:auto_generated|altsyncram_m3a2:altsyncram1|ram_block3a0~portb_datain_reg0                              ; altera_reserved_tck ; altera_reserved_tck ; 0.000        ; 0.410      ; 1.162      ;
; 0.501 ; sld_hub:auto_hub|sld_jtag_hub:\jtag_hub_gen:sld_jtag_hub_inst|hub_minor_ver_reg[2]                                                                                ; sld_hub:auto_hub|sld_jtag_hub:\jtag_hub_gen:sld_jtag_hub_inst|hub_minor_ver_reg[1]                                                                                ; altera_reserved_tck ; altera_reserved_tck ; 0.000        ; 0.081      ; 0.794      ;
; 0.502 ; sld_hub:auto_hub|sld_jtag_hub:\jtag_hub_gen:sld_jtag_hub_inst|hub_minor_ver_reg[3]                                                                                ; sld_hub:auto_hub|sld_jtag_hub:\jtag_hub_gen:sld_jtag_hub_inst|hub_minor_ver_reg[2]                                                                                ; altera_reserved_tck ; altera_reserved_tck ; 0.000        ; 0.081      ; 0.795      ;
; 0.503 ; sld_hub:auto_hub|sld_jtag_hub:\jtag_hub_gen:sld_jtag_hub_inst|shadow_irf_reg[2][0]                                                                                ; sld_hub:auto_hub|sld_jtag_hub:\jtag_hub_gen:sld_jtag_hub_inst|irf_reg[2][0]                                                                                       ; altera_reserved_tck ; altera_reserved_tck ; 0.000        ; 0.081      ; 0.796      ;
; 0.503 ; rom1:inst2|altsyncram:altsyncram_component|altsyncram_qlb1:auto_generated|sld_mod_ram_rom:mgl_prim2|ram_rom_data_reg[21]                                          ; rom1:inst2|altsyncram:altsyncram_component|altsyncram_qlb1:auto_generated|altsyncram_67d2:altsyncram1|ram_block3a18~portb_datain_reg0                             ; altera_reserved_tck ; altera_reserved_tck ; 0.000        ; 0.403      ; 1.160      ;
; 0.504 ; rom1:inst2|altsyncram:altsyncram_component|altsyncram_qlb1:auto_generated|sld_mod_ram_rom:mgl_prim2|sld_rom_sr:\ram_rom_logic_gen:name_gen:info_rom_sr|WORD_SR[1] ; rom1:inst2|altsyncram:altsyncram_component|altsyncram_qlb1:auto_generated|sld_mod_ram_rom:mgl_prim2|sld_rom_sr:\ram_rom_logic_gen:name_gen:info_rom_sr|WORD_SR[0] ; altera_reserved_tck ; altera_reserved_tck ; 0.000        ; 0.080      ; 0.796      ;
; 0.505 ; rom1:inst2|altsyncram:altsyncram_component|altsyncram_qlb1:auto_generated|sld_mod_ram_rom:mgl_prim2|ram_rom_data_reg[19]                                          ; rom1:inst2|altsyncram:altsyncram_component|altsyncram_qlb1:auto_generated|altsyncram_67d2:altsyncram1|ram_block3a18~portb_datain_reg0                             ; altera_reserved_tck ; altera_reserved_tck ; 0.000        ; 0.403      ; 1.162      ;
; 0.506 ; rom1:inst2|altsyncram:altsyncram_component|altsyncram_qlb1:auto_generated|sld_mod_ram_rom:mgl_prim2|ram_rom_data_reg[4]                                           ; rom1:inst2|altsyncram:altsyncram_component|altsyncram_qlb1:auto_generated|altsyncram_67d2:altsyncram1|ram_block3a0~portb_datain_reg0                              ; altera_reserved_tck ; altera_reserved_tck ; 0.000        ; 0.407      ; 1.167      ;
; 0.507 ; ram:inst15|altsyncram:altsyncram_component|altsyncram_oqj1:auto_generated|sld_mod_ram_rom:mgl_prim2|ram_rom_data_reg[6]                                           ; ram:inst15|altsyncram:altsyncram_component|altsyncram_oqj1:auto_generated|altsyncram_m3a2:altsyncram1|ram_block3a0~portb_datain_reg0                              ; altera_reserved_tck ; altera_reserved_tck ; 0.000        ; 0.410      ; 1.171      ;
; 0.508 ; sld_hub:auto_hub|sld_jtag_hub:\jtag_hub_gen:sld_jtag_hub_inst|jtag_ir_reg[7]                                                                                      ; sld_hub:auto_hub|sld_jtag_hub:\jtag_hub_gen:sld_jtag_hub_inst|jtag_ir_reg[6]                                                                                      ; altera_reserved_tck ; altera_reserved_tck ; 0.000        ; 0.080      ; 0.800      ;
; 0.509 ; ram:inst15|altsyncram:altsyncram_component|altsyncram_oqj1:auto_generated|sld_mod_ram_rom:mgl_prim2|ram_rom_data_shift_cntr_reg[0]                                ; ram:inst15|altsyncram:altsyncram_component|altsyncram_oqj1:auto_generated|sld_mod_ram_rom:mgl_prim2|ram_rom_data_shift_cntr_reg[1]                                ; altera_reserved_tck ; altera_reserved_tck ; 0.000        ; 0.081      ; 0.802      ;
; 0.509 ; sld_hub:auto_hub|sld_jtag_hub:\jtag_hub_gen:sld_jtag_hub_inst|sld_shadow_jsm:shadow_jsm|state[14]                                                                 ; sld_hub:auto_hub|sld_jtag_hub:\jtag_hub_gen:sld_jtag_hub_inst|sld_shadow_jsm:shadow_jsm|state[15]                                                                 ; altera_reserved_tck ; altera_reserved_tck ; 0.000        ; 0.081      ; 0.802      ;
; 0.509 ; sld_hub:auto_hub|sld_jtag_hub:\jtag_hub_gen:sld_jtag_hub_inst|jtag_ir_reg[2]                                                                                      ; sld_hub:auto_hub|sld_jtag_hub:\jtag_hub_gen:sld_jtag_hub_inst|jtag_ir_reg[1]                                                                                      ; altera_reserved_tck ; altera_reserved_tck ; 0.000        ; 0.080      ; 0.801      ;
; 0.509 ; sld_hub:auto_hub|sld_jtag_hub:\jtag_hub_gen:sld_jtag_hub_inst|sld_shadow_jsm:shadow_jsm|state[10]                                                                 ; sld_hub:auto_hub|sld_jtag_hub:\jtag_hub_gen:sld_jtag_hub_inst|sld_shadow_jsm:shadow_jsm|state[11]                                                                 ; altera_reserved_tck ; altera_reserved_tck ; 0.000        ; 0.081      ; 0.802      ;
; 0.510 ; sld_hub:auto_hub|sld_jtag_hub:\jtag_hub_gen:sld_jtag_hub_inst|jtag_ir_reg[4]                                                                                      ; sld_hub:auto_hub|sld_jtag_hub:\jtag_hub_gen:sld_jtag_hub_inst|jtag_ir_reg[3]                                                                                      ; altera_reserved_tck ; altera_reserved_tck ; 0.000        ; 0.080      ; 0.802      ;
; 0.511 ; sld_hub:auto_hub|sld_jtag_hub:\jtag_hub_gen:sld_jtag_hub_inst|sld_shadow_jsm:shadow_jsm|state[9]                                                                  ; sld_hub:auto_hub|sld_jtag_hub:\jtag_hub_gen:sld_jtag_hub_inst|sld_shadow_jsm:shadow_jsm|state[10]                                                                 ; altera_reserved_tck ; altera_reserved_tck ; 0.000        ; 0.081      ; 0.804      ;
; 0.515 ; rom1:inst2|altsyncram:altsyncram_component|altsyncram_qlb1:auto_generated|sld_mod_ram_rom:mgl_prim2|ram_rom_data_reg[11]                                          ; rom1:inst2|altsyncram:altsyncram_component|altsyncram_qlb1:auto_generated|altsyncram_67d2:altsyncram1|ram_block3a0~portb_datain_reg0                              ; altera_reserved_tck ; altera_reserved_tck ; 0.000        ; 0.407      ; 1.176      ;
; 0.515 ; rom1:inst2|altsyncram:altsyncram_component|altsyncram_qlb1:auto_generated|sld_mod_ram_rom:mgl_prim2|ram_rom_data_reg[15]                                          ; rom1:inst2|altsyncram:altsyncram_component|altsyncram_qlb1:auto_generated|altsyncram_67d2:altsyncram1|ram_block3a0~portb_datain_reg0                              ; altera_reserved_tck ; altera_reserved_tck ; 0.000        ; 0.407      ; 1.176      ;
; 0.517 ; rom1:inst2|altsyncram:altsyncram_component|altsyncram_qlb1:auto_generated|sld_mod_ram_rom:mgl_prim2|ram_rom_data_reg[6]                                           ; rom1:inst2|altsyncram:altsyncram_component|altsyncram_qlb1:auto_generated|altsyncram_67d2:altsyncram1|ram_block3a0~portb_datain_reg0                              ; altera_reserved_tck ; altera_reserved_tck ; 0.000        ; 0.407      ; 1.178      ;
; 0.518 ; rom1:inst2|altsyncram:altsyncram_component|altsyncram_qlb1:auto_generated|sld_mod_ram_rom:mgl_prim2|ram_rom_data_reg[22]                                          ; rom1:inst2|altsyncram:altsyncram_component|altsyncram_qlb1:auto_generated|altsyncram_67d2:altsyncram1|ram_block3a18~portb_datain_reg0                             ; altera_reserved_tck ; altera_reserved_tck ; 0.000        ; 0.403      ; 1.175      ;
; 0.520 ; rom1:inst2|altsyncram:altsyncram_component|altsyncram_qlb1:auto_generated|sld_mod_ram_rom:mgl_prim2|ram_rom_data_reg[23]                                          ; rom1:inst2|altsyncram:altsyncram_component|altsyncram_qlb1:auto_generated|altsyncram_67d2:altsyncram1|ram_block3a18~portb_datain_reg0                             ; altera_reserved_tck ; altera_reserved_tck ; 0.000        ; 0.403      ; 1.177      ;
; 0.520 ; rom1:inst2|altsyncram:altsyncram_component|altsyncram_qlb1:auto_generated|sld_mod_ram_rom:mgl_prim2|ram_rom_data_reg[9]                                           ; rom1:inst2|altsyncram:altsyncram_component|altsyncram_qlb1:auto_generated|altsyncram_67d2:altsyncram1|ram_block3a0~portb_datain_reg0                              ; altera_reserved_tck ; altera_reserved_tck ; 0.000        ; 0.407      ; 1.181      ;
; 0.522 ; rom1:inst2|altsyncram:altsyncram_component|altsyncram_qlb1:auto_generated|sld_mod_ram_rom:mgl_prim2|ram_rom_addr_reg[1]                                           ; rom1:inst2|altsyncram:altsyncram_component|altsyncram_qlb1:auto_generated|altsyncram_67d2:altsyncram1|ram_block3a18~portb_address_reg0                            ; altera_reserved_tck ; altera_reserved_tck ; 0.000        ; 0.398      ; 1.174      ;
; 0.526 ; ram:inst15|altsyncram:altsyncram_component|altsyncram_oqj1:auto_generated|sld_mod_ram_rom:mgl_prim2|ram_rom_data_reg[7]                                           ; ram:inst15|altsyncram:altsyncram_component|altsyncram_oqj1:auto_generated|sld_mod_ram_rom:mgl_prim2|ram_rom_data_reg[6]                                           ; altera_reserved_tck ; altera_reserved_tck ; 0.000        ; 0.081      ; 0.819      ;
; 0.526 ; ram:inst15|altsyncram:altsyncram_component|altsyncram_oqj1:auto_generated|sld_mod_ram_rom:mgl_prim2|ram_rom_data_reg[2]                                           ; ram:inst15|altsyncram:altsyncram_component|altsyncram_oqj1:auto_generated|sld_mod_ram_rom:mgl_prim2|ram_rom_data_reg[1]                                           ; altera_reserved_tck ; altera_reserved_tck ; 0.000        ; 0.081      ; 0.819      ;
; 0.526 ; rom1:inst2|altsyncram:altsyncram_component|altsyncram_qlb1:auto_generated|sld_mod_ram_rom:mgl_prim2|ram_rom_addr_reg[4]                                           ; rom1:inst2|altsyncram:altsyncram_component|altsyncram_qlb1:auto_generated|altsyncram_67d2:altsyncram1|ram_block3a18~portb_address_reg0                            ; altera_reserved_tck ; altera_reserved_tck ; 0.000        ; 0.398      ; 1.178      ;
; 0.526 ; rom1:inst2|altsyncram:altsyncram_component|altsyncram_qlb1:auto_generated|sld_mod_ram_rom:mgl_prim2|ram_rom_data_reg[14]                                          ; rom1:inst2|altsyncram:altsyncram_component|altsyncram_qlb1:auto_generated|sld_mod_ram_rom:mgl_prim2|ram_rom_data_reg[13]                                          ; altera_reserved_tck ; altera_reserved_tck ; 0.000        ; 0.081      ; 0.819      ;
; 0.527 ; sld_hub:auto_hub|sld_jtag_hub:\jtag_hub_gen:sld_jtag_hub_inst|identity_contrib_shift_reg[1]                                                                       ; sld_hub:auto_hub|sld_jtag_hub:\jtag_hub_gen:sld_jtag_hub_inst|identity_contrib_shift_reg[0]                                                                       ; altera_reserved_tck ; altera_reserved_tck ; 0.000        ; 0.080      ; 0.819      ;
; 0.527 ; rom1:inst2|altsyncram:altsyncram_component|altsyncram_qlb1:auto_generated|sld_mod_ram_rom:mgl_prim2|ram_rom_data_reg[23]                                          ; rom1:inst2|altsyncram:altsyncram_component|altsyncram_qlb1:auto_generated|sld_mod_ram_rom:mgl_prim2|ram_rom_data_reg[22]                                          ; altera_reserved_tck ; altera_reserved_tck ; 0.000        ; 0.080      ; 0.819      ;
; 0.527 ; rom1:inst2|altsyncram:altsyncram_component|altsyncram_qlb1:auto_generated|sld_mod_ram_rom:mgl_prim2|ram_rom_data_reg[19]                                          ; rom1:inst2|altsyncram:altsyncram_component|altsyncram_qlb1:auto_generated|sld_mod_ram_rom:mgl_prim2|ram_rom_data_reg[18]                                          ; altera_reserved_tck ; altera_reserved_tck ; 0.000        ; 0.080      ; 0.819      ;
; 0.527 ; rom1:inst2|altsyncram:altsyncram_component|altsyncram_qlb1:auto_generated|sld_mod_ram_rom:mgl_prim2|ram_rom_data_reg[5]                                           ; rom1:inst2|altsyncram:altsyncram_component|altsyncram_qlb1:auto_generated|sld_mod_ram_rom:mgl_prim2|ram_rom_data_reg[4]                                           ; altera_reserved_tck ; altera_reserved_tck ; 0.000        ; 0.081      ; 0.820      ;
; 0.527 ; rom1:inst2|altsyncram:altsyncram_component|altsyncram_qlb1:auto_generated|sld_mod_ram_rom:mgl_prim2|ram_rom_data_reg[1]                                           ; rom1:inst2|altsyncram:altsyncram_component|altsyncram_qlb1:auto_generated|altsyncram_67d2:altsyncram1|ram_block3a0~portb_datain_reg0                              ; altera_reserved_tck ; altera_reserved_tck ; 0.000        ; 0.407      ; 1.188      ;
; 0.527 ; rom1:inst2|altsyncram:altsyncram_component|altsyncram_qlb1:auto_generated|sld_mod_ram_rom:mgl_prim2|ram_rom_data_reg[12]                                          ; rom1:inst2|altsyncram:altsyncram_component|altsyncram_qlb1:auto_generated|altsyncram_67d2:altsyncram1|ram_block3a0~portb_datain_reg0                              ; altera_reserved_tck ; altera_reserved_tck ; 0.000        ; 0.407      ; 1.188      ;
; 0.527 ; rom1:inst2|altsyncram:altsyncram_component|altsyncram_qlb1:auto_generated|sld_mod_ram_rom:mgl_prim2|ram_rom_data_reg[13]                                          ; rom1:inst2|altsyncram:altsyncram_component|altsyncram_qlb1:auto_generated|altsyncram_67d2:altsyncram1|ram_block3a0~portb_datain_reg0                              ; altera_reserved_tck ; altera_reserved_tck ; 0.000        ; 0.407      ; 1.188      ;
; 0.528 ; rom1:inst2|altsyncram:altsyncram_component|altsyncram_qlb1:auto_generated|sld_mod_ram_rom:mgl_prim2|ram_rom_data_reg[17]                                          ; rom1:inst2|altsyncram:altsyncram_component|altsyncram_qlb1:auto_generated|sld_mod_ram_rom:mgl_prim2|ram_rom_data_reg[16]                                          ; altera_reserved_tck ; altera_reserved_tck ; 0.000        ; 0.080      ; 0.820      ;
; 0.528 ; rom1:inst2|altsyncram:altsyncram_component|altsyncram_qlb1:auto_generated|sld_mod_ram_rom:mgl_prim2|ram_rom_data_reg[3]                                           ; rom1:inst2|altsyncram:altsyncram_component|altsyncram_qlb1:auto_generated|sld_mod_ram_rom:mgl_prim2|ram_rom_data_reg[2]                                           ; altera_reserved_tck ; altera_reserved_tck ; 0.000        ; 0.081      ; 0.821      ;
; 0.528 ; rom1:inst2|altsyncram:altsyncram_component|altsyncram_qlb1:auto_generated|sld_mod_ram_rom:mgl_prim2|ram_rom_data_reg[2]                                           ; rom1:inst2|altsyncram:altsyncram_component|altsyncram_qlb1:auto_generated|altsyncram_67d2:altsyncram1|ram_block3a0~portb_datain_reg0                              ; altera_reserved_tck ; altera_reserved_tck ; 0.000        ; 0.407      ; 1.189      ;
; 0.529 ; sld_hub:auto_hub|sld_jtag_hub:\jtag_hub_gen:sld_jtag_hub_inst|identity_contrib_shift_reg[2]                                                                       ; sld_hub:auto_hub|sld_jtag_hub:\jtag_hub_gen:sld_jtag_hub_inst|identity_contrib_shift_reg[1]                                                                       ; altera_reserved_tck ; altera_reserved_tck ; 0.000        ; 0.080      ; 0.821      ;
; 0.529 ; sld_hub:auto_hub|sld_jtag_hub:\jtag_hub_gen:sld_jtag_hub_inst|irf_reg[2][1]                                                                                       ; sld_hub:auto_hub|sld_jtag_hub:\jtag_hub_gen:sld_jtag_hub_inst|shadow_irf_reg[2][1]                                                                                ; altera_reserved_tck ; altera_reserved_tck ; 0.000        ; 0.081      ; 0.822      ;
; 0.529 ; rom1:inst2|altsyncram:altsyncram_component|altsyncram_qlb1:auto_generated|sld_mod_ram_rom:mgl_prim2|ram_rom_addr_reg[5]                                           ; rom1:inst2|altsyncram:altsyncram_component|altsyncram_qlb1:auto_generated|altsyncram_67d2:altsyncram1|ram_block3a18~portb_address_reg0                            ; altera_reserved_tck ; altera_reserved_tck ; 0.000        ; 0.398      ; 1.181      ;
; 0.529 ; rom1:inst2|altsyncram:altsyncram_component|altsyncram_qlb1:auto_generated|sld_mod_ram_rom:mgl_prim2|ram_rom_data_reg[18]                                          ; rom1:inst2|altsyncram:altsyncram_component|altsyncram_qlb1:auto_generated|altsyncram_67d2:altsyncram1|ram_block3a18~portb_datain_reg0                             ; altera_reserved_tck ; altera_reserved_tck ; 0.000        ; 0.403      ; 1.186      ;
; 0.530 ; ram:inst15|altsyncram:altsyncram_component|altsyncram_oqj1:auto_generated|sld_mod_ram_rom:mgl_prim2|ram_rom_data_reg[4]                                           ; ram:inst15|altsyncram:altsyncram_component|altsyncram_oqj1:auto_generated|altsyncram_m3a2:altsyncram1|ram_block3a0~portb_datain_reg0                              ; altera_reserved_tck ; altera_reserved_tck ; 0.000        ; 0.410      ; 1.194      ;
; 0.531 ; sld_hub:auto_hub|sld_jtag_hub:\jtag_hub_gen:sld_jtag_hub_inst|sld_shadow_jsm:shadow_jsm|state[7]                                                                  ; sld_hub:auto_hub|sld_jtag_hub:\jtag_hub_gen:sld_jtag_hub_inst|sld_shadow_jsm:shadow_jsm|state[8]                                                                  ; altera_reserved_tck ; altera_reserved_tck ; 0.000        ; 0.081      ; 0.824      ;
; 0.531 ; rom1:inst2|altsyncram:altsyncram_component|altsyncram_qlb1:auto_generated|sld_mod_ram_rom:mgl_prim2|ram_rom_addr_reg[3]                                           ; rom1:inst2|altsyncram:altsyncram_component|altsyncram_qlb1:auto_generated|altsyncram_67d2:altsyncram1|ram_block3a18~portb_address_reg0                            ; altera_reserved_tck ; altera_reserved_tck ; 0.000        ; 0.398      ; 1.183      ;
; 0.532 ; rom1:inst2|altsyncram:altsyncram_component|altsyncram_qlb1:auto_generated|sld_mod_ram_rom:mgl_prim2|ram_rom_addr_reg[0]                                           ; rom1:inst2|altsyncram:altsyncram_component|altsyncram_qlb1:auto_generated|altsyncram_67d2:altsyncram1|ram_block3a18~portb_address_reg0                            ; altera_reserved_tck ; altera_reserved_tck ; 0.000        ; 0.398      ; 1.184      ;
; 0.534 ; rom1:inst2|altsyncram:altsyncram_component|altsyncram_qlb1:auto_generated|sld_mod_ram_rom:mgl_prim2|ram_rom_data_reg[8]                                           ; rom1:inst2|altsyncram:altsyncram_component|altsyncram_qlb1:auto_generated|altsyncram_67d2:altsyncram1|ram_block3a0~portb_datain_reg0                              ; altera_reserved_tck ; altera_reserved_tck ; 0.000        ; 0.407      ; 1.195      ;
; 0.535 ; sld_hub:auto_hub|sld_jtag_hub:\jtag_hub_gen:sld_jtag_hub_inst|sld_shadow_jsm:shadow_jsm|state[7]                                                                  ; sld_hub:auto_hub|sld_jtag_hub:\jtag_hub_gen:sld_jtag_hub_inst|reset_ena_reg                                                                                       ; altera_reserved_tck ; altera_reserved_tck ; 0.000        ; 0.081      ; 0.828      ;
; 0.537 ; ram:inst15|altsyncram:altsyncram_component|altsyncram_oqj1:auto_generated|sld_mod_ram_rom:mgl_prim2|ram_rom_data_reg[1]                                           ; ram:inst15|altsyncram:altsyncram_component|altsyncram_oqj1:auto_generated|altsyncram_m3a2:altsyncram1|ram_block3a0~portb_datain_reg0                              ; altera_reserved_tck ; altera_reserved_tck ; 0.000        ; 0.410      ; 1.201      ;
; 0.538 ; ram:inst15|altsyncram:altsyncram_component|altsyncram_oqj1:auto_generated|sld_mod_ram_rom:mgl_prim2|ram_rom_data_reg[5]                                           ; ram:inst15|altsyncram:altsyncram_component|altsyncram_oqj1:auto_generated|altsyncram_m3a2:altsyncram1|ram_block3a0~portb_datain_reg0                              ; altera_reserved_tck ; altera_reserved_tck ; 0.000        ; 0.410      ; 1.202      ;
; 0.541 ; ram:inst15|altsyncram:altsyncram_component|altsyncram_oqj1:auto_generated|sld_mod_ram_rom:mgl_prim2|ram_rom_data_reg[2]                                           ; ram:inst15|altsyncram:altsyncram_component|altsyncram_oqj1:auto_generated|altsyncram_m3a2:altsyncram1|ram_block3a0~portb_datain_reg0                              ; altera_reserved_tck ; altera_reserved_tck ; 0.000        ; 0.410      ; 1.205      ;
; 0.544 ; ram:inst15|altsyncram:altsyncram_component|altsyncram_oqj1:auto_generated|sld_mod_ram_rom:mgl_prim2|ram_rom_data_reg[3]                                           ; ram:inst15|altsyncram:altsyncram_component|altsyncram_oqj1:auto_generated|altsyncram_m3a2:altsyncram1|ram_block3a0~portb_datain_reg0                              ; altera_reserved_tck ; altera_reserved_tck ; 0.000        ; 0.410      ; 1.208      ;
; 0.545 ; rom1:inst2|altsyncram:altsyncram_component|altsyncram_qlb1:auto_generated|sld_mod_ram_rom:mgl_prim2|ram_rom_data_reg[5]                                           ; rom1:inst2|altsyncram:altsyncram_component|altsyncram_qlb1:auto_generated|altsyncram_67d2:altsyncram1|ram_block3a0~portb_datain_reg0                              ; altera_reserved_tck ; altera_reserved_tck ; 0.000        ; 0.407      ; 1.206      ;
; 0.547 ; rom1:inst2|altsyncram:altsyncram_component|altsyncram_qlb1:auto_generated|sld_mod_ram_rom:mgl_prim2|ram_rom_data_reg[20]                                          ; rom1:inst2|altsyncram:altsyncram_component|altsyncram_qlb1:auto_generated|altsyncram_67d2:altsyncram1|ram_block3a18~portb_datain_reg0                             ; altera_reserved_tck ; altera_reserved_tck ; 0.000        ; 0.403      ; 1.204      ;
; 0.552 ; rom1:inst2|altsyncram:altsyncram_component|altsyncram_qlb1:auto_generated|sld_mod_ram_rom:mgl_prim2|ram_rom_addr_reg[7]                                           ; rom1:inst2|altsyncram:altsyncram_component|altsyncram_qlb1:auto_generated|altsyncram_67d2:altsyncram1|ram_block3a18~portb_address_reg0                            ; altera_reserved_tck ; altera_reserved_tck ; 0.000        ; 0.398      ; 1.204      ;
; 0.555 ; rom1:inst2|altsyncram:altsyncram_component|altsyncram_qlb1:auto_generated|sld_mod_ram_rom:mgl_prim2|ram_rom_addr_reg[6]                                           ; rom1:inst2|altsyncram:altsyncram_component|altsyncram_qlb1:auto_generated|altsyncram_67d2:altsyncram1|ram_block3a18~portb_address_reg0                            ; altera_reserved_tck ; altera_reserved_tck ; 0.000        ; 0.398      ; 1.207      ;
; 0.566 ; rom1:inst2|altsyncram:altsyncram_component|altsyncram_qlb1:auto_generated|sld_mod_ram_rom:mgl_prim2|ram_rom_data_reg[3]                                           ; rom1:inst2|altsyncram:altsyncram_component|altsyncram_qlb1:auto_generated|altsyncram_67d2:altsyncram1|ram_block3a0~portb_datain_reg0                              ; altera_reserved_tck ; altera_reserved_tck ; 0.000        ; 0.407      ; 1.227      ;
; 0.566 ; rom1:inst2|altsyncram:altsyncram_component|altsyncram_qlb1:auto_generated|sld_mod_ram_rom:mgl_prim2|ram_rom_data_reg[14]                                          ; rom1:inst2|altsyncram:altsyncram_component|altsyncram_qlb1:auto_generated|altsyncram_67d2:altsyncram1|ram_block3a0~portb_datain_reg0                              ; altera_reserved_tck ; altera_reserved_tck ; 0.000        ; 0.407      ; 1.227      ;
; 0.568 ; rom1:inst2|altsyncram:altsyncram_component|altsyncram_qlb1:auto_generated|sld_mod_ram_rom:mgl_prim2|ram_rom_data_reg[10]                                          ; rom1:inst2|altsyncram:altsyncram_component|altsyncram_qlb1:auto_generated|altsyncram_67d2:altsyncram1|ram_block3a0~portb_datain_reg0                              ; altera_reserved_tck ; altera_reserved_tck ; 0.000        ; 0.407      ; 1.229      ;
; 0.572 ; rom1:inst2|altsyncram:altsyncram_component|altsyncram_qlb1:auto_generated|sld_mod_ram_rom:mgl_prim2|ram_rom_data_reg[7]                                           ; rom1:inst2|altsyncram:altsyncram_component|altsyncram_qlb1:auto_generated|altsyncram_67d2:altsyncram1|ram_block3a0~portb_datain_reg0                              ; altera_reserved_tck ; altera_reserved_tck ; 0.000        ; 0.407      ; 1.233      ;
; 0.621 ; ram:inst15|altsyncram:altsyncram_component|altsyncram_oqj1:auto_generated|sld_mod_ram_rom:mgl_prim2|ram_rom_addr_reg[2]                                           ; ram:inst15|altsyncram:altsyncram_component|altsyncram_oqj1:auto_generated|altsyncram_m3a2:altsyncram1|ram_block3a0~portb_address_reg0                             ; altera_reserved_tck ; altera_reserved_tck ; 0.000        ; 0.426      ; 1.301      ;
; 0.623 ; ram:inst15|altsyncram:altsyncram_component|altsyncram_oqj1:auto_generated|sld_mod_ram_rom:mgl_prim2|ram_rom_addr_reg[0]                                           ; ram:inst15|altsyncram:altsyncram_component|altsyncram_oqj1:auto_generated|altsyncram_m3a2:altsyncram1|ram_block3a0~portb_address_reg0                             ; altera_reserved_tck ; altera_reserved_tck ; 0.000        ; 0.426      ; 1.303      ;
; 0.635 ; rom1:inst2|altsyncram:altsyncram_component|altsyncram_qlb1:auto_generated|sld_mod_ram_rom:mgl_prim2|ram_rom_addr_reg[0]                                           ; rom1:inst2|altsyncram:altsyncram_component|altsyncram_qlb1:auto_generated|altsyncram_67d2:altsyncram1|ram_block3a0~portb_address_reg0                             ; altera_reserved_tck ; altera_reserved_tck ; 0.000        ; 0.403      ; 1.292      ;
; 0.637 ; ram:inst15|altsyncram:altsyncram_component|altsyncram_oqj1:auto_generated|sld_mod_ram_rom:mgl_prim2|ram_rom_addr_reg[1]                                           ; ram:inst15|altsyncram:altsyncram_component|altsyncram_oqj1:auto_generated|altsyncram_m3a2:altsyncram1|ram_block3a0~portb_address_reg0                             ; altera_reserved_tck ; altera_reserved_tck ; 0.000        ; 0.426      ; 1.317      ;
; 0.641 ; sld_hub:auto_hub|sld_jtag_hub:\jtag_hub_gen:sld_jtag_hub_inst|hub_mode_reg[2]                                                                                     ; sld_hub:auto_hub|sld_jtag_hub:\jtag_hub_gen:sld_jtag_hub_inst|clr_reg                                                                                             ; altera_reserved_tck ; altera_reserved_tck ; 0.000        ; 0.081      ; 0.934      ;
; 0.642 ; sld_hub:auto_hub|sld_jtag_hub:\jtag_hub_gen:sld_jtag_hub_inst|shadow_irf_reg[2][2]                                                                                ; sld_hub:auto_hub|sld_jtag_hub:\jtag_hub_gen:sld_jtag_hub_inst|irf_reg[2][2]                                                                                       ; altera_reserved_tck ; altera_reserved_tck ; 0.000        ; 0.081      ; 0.935      ;
; 0.642 ; sld_hub:auto_hub|sld_jtag_hub:\jtag_hub_gen:sld_jtag_hub_inst|shadow_irf_reg[2][4]                                                                                ; sld_hub:auto_hub|sld_jtag_hub:\jtag_hub_gen:sld_jtag_hub_inst|irf_reg[2][4]                                                                                       ; altera_reserved_tck ; altera_reserved_tck ; 0.000        ; 0.081      ; 0.935      ;
; 0.642 ; sld_hub:auto_hub|sld_jtag_hub:\jtag_hub_gen:sld_jtag_hub_inst|sld_shadow_jsm:shadow_jsm|state[13]                                                                 ; sld_hub:auto_hub|sld_jtag_hub:\jtag_hub_gen:sld_jtag_hub_inst|sld_shadow_jsm:shadow_jsm|state[14]                                                                 ; altera_reserved_tck ; altera_reserved_tck ; 0.000        ; 0.081      ; 0.935      ;
; 0.643 ; sld_hub:auto_hub|sld_jtag_hub:\jtag_hub_gen:sld_jtag_hub_inst|shadow_irf_reg[2][3]                                                                                ; sld_hub:auto_hub|sld_jtag_hub:\jtag_hub_gen:sld_jtag_hub_inst|irf_reg[2][3]                                                                                       ; altera_reserved_tck ; altera_reserved_tck ; 0.000        ; 0.081      ; 0.936      ;
+-------+-------------------------------------------------------------------------------------------------------------------------------------------------------------------+-------------------------------------------------------------------------------------------------------------------------------------------------------------------+---------------------+---------------------+--------------+------------+------------+


+-------------------------------------------------------------------------------------------------------------------------------------------------------------------------------------------------------------------------------------------------------------------------------------------------------------------------------------+
; Slow 1200mV 85C Model Recovery: 'altera_reserved_tck'                                                                                                                                                                                                                                                                               ;
+--------+--------------------------------------------------------------------------------------------------+------------------------------------------------------------------------------------------------------------------------------------+---------------------+---------------------+--------------+------------+------------+
; Slack  ; From Node                                                                                        ; To Node                                                                                                                            ; Launch Clock        ; Latch Clock         ; Relationship ; Clock Skew ; Data Delay ;
+--------+--------------------------------------------------------------------------------------------------+------------------------------------------------------------------------------------------------------------------------------------+---------------------+---------------------+--------------+------------+------------+
; 47.102 ; sld_hub:auto_hub|sld_jtag_hub:\jtag_hub_gen:sld_jtag_hub_inst|sld_shadow_jsm:shadow_jsm|state[8] ; sld_hub:auto_hub|sld_jtag_hub:\jtag_hub_gen:sld_jtag_hub_inst|tdo                                                                  ; altera_reserved_tck ; altera_reserved_tck ; 50.000       ; 0.209      ; 3.128      ;
; 96.254 ; sld_hub:auto_hub|sld_jtag_hub:\jtag_hub_gen:sld_jtag_hub_inst|irf_reg[2][4]                      ; rom1:inst2|altsyncram:altsyncram_component|altsyncram_qlb1:auto_generated|sld_mod_ram_rom:mgl_prim2|ir_loaded_address_reg[2]       ; altera_reserved_tck ; altera_reserved_tck ; 100.000      ; -0.102     ; 3.665      ;
; 96.254 ; sld_hub:auto_hub|sld_jtag_hub:\jtag_hub_gen:sld_jtag_hub_inst|irf_reg[2][4]                      ; rom1:inst2|altsyncram:altsyncram_component|altsyncram_qlb1:auto_generated|sld_mod_ram_rom:mgl_prim2|ir_loaded_address_reg[3]       ; altera_reserved_tck ; altera_reserved_tck ; 100.000      ; -0.102     ; 3.665      ;
; 96.254 ; sld_hub:auto_hub|sld_jtag_hub:\jtag_hub_gen:sld_jtag_hub_inst|irf_reg[2][4]                      ; rom1:inst2|altsyncram:altsyncram_component|altsyncram_qlb1:auto_generated|sld_mod_ram_rom:mgl_prim2|ir_loaded_address_reg[0]       ; altera_reserved_tck ; altera_reserved_tck ; 100.000      ; -0.102     ; 3.665      ;
; 96.254 ; sld_hub:auto_hub|sld_jtag_hub:\jtag_hub_gen:sld_jtag_hub_inst|irf_reg[2][4]                      ; rom1:inst2|altsyncram:altsyncram_component|altsyncram_qlb1:auto_generated|sld_mod_ram_rom:mgl_prim2|ir_loaded_address_reg[1]       ; altera_reserved_tck ; altera_reserved_tck ; 100.000      ; -0.102     ; 3.665      ;
; 96.980 ; sld_hub:auto_hub|sld_jtag_hub:\jtag_hub_gen:sld_jtag_hub_inst|irf_reg[2][0]                      ; rom1:inst2|altsyncram:altsyncram_component|altsyncram_qlb1:auto_generated|sld_mod_ram_rom:mgl_prim2|ir_loaded_address_reg[2]       ; altera_reserved_tck ; altera_reserved_tck ; 100.000      ; -0.102     ; 2.939      ;
; 96.980 ; sld_hub:auto_hub|sld_jtag_hub:\jtag_hub_gen:sld_jtag_hub_inst|irf_reg[2][0]                      ; rom1:inst2|altsyncram:altsyncram_component|altsyncram_qlb1:auto_generated|sld_mod_ram_rom:mgl_prim2|ir_loaded_address_reg[3]       ; altera_reserved_tck ; altera_reserved_tck ; 100.000      ; -0.102     ; 2.939      ;
; 96.980 ; sld_hub:auto_hub|sld_jtag_hub:\jtag_hub_gen:sld_jtag_hub_inst|irf_reg[2][0]                      ; rom1:inst2|altsyncram:altsyncram_component|altsyncram_qlb1:auto_generated|sld_mod_ram_rom:mgl_prim2|ir_loaded_address_reg[0]       ; altera_reserved_tck ; altera_reserved_tck ; 100.000      ; -0.102     ; 2.939      ;
; 96.980 ; sld_hub:auto_hub|sld_jtag_hub:\jtag_hub_gen:sld_jtag_hub_inst|irf_reg[2][0]                      ; rom1:inst2|altsyncram:altsyncram_component|altsyncram_qlb1:auto_generated|sld_mod_ram_rom:mgl_prim2|ir_loaded_address_reg[1]       ; altera_reserved_tck ; altera_reserved_tck ; 100.000      ; -0.102     ; 2.939      ;
; 97.124 ; sld_hub:auto_hub|sld_jtag_hub:\jtag_hub_gen:sld_jtag_hub_inst|irf_reg[1][0]                      ; ram:inst15|altsyncram:altsyncram_component|altsyncram_oqj1:auto_generated|sld_mod_ram_rom:mgl_prim2|ir_loaded_address_reg[2]       ; altera_reserved_tck ; altera_reserved_tck ; 100.000      ; -0.059     ; 2.838      ;
; 97.124 ; sld_hub:auto_hub|sld_jtag_hub:\jtag_hub_gen:sld_jtag_hub_inst|irf_reg[1][0]                      ; ram:inst15|altsyncram:altsyncram_component|altsyncram_oqj1:auto_generated|sld_mod_ram_rom:mgl_prim2|ir_loaded_address_reg[3]       ; altera_reserved_tck ; altera_reserved_tck ; 100.000      ; -0.059     ; 2.838      ;
; 97.124 ; sld_hub:auto_hub|sld_jtag_hub:\jtag_hub_gen:sld_jtag_hub_inst|irf_reg[1][0]                      ; ram:inst15|altsyncram:altsyncram_component|altsyncram_oqj1:auto_generated|sld_mod_ram_rom:mgl_prim2|ir_loaded_address_reg[0]       ; altera_reserved_tck ; altera_reserved_tck ; 100.000      ; -0.059     ; 2.838      ;
; 97.124 ; sld_hub:auto_hub|sld_jtag_hub:\jtag_hub_gen:sld_jtag_hub_inst|irf_reg[1][0]                      ; ram:inst15|altsyncram:altsyncram_component|altsyncram_oqj1:auto_generated|sld_mod_ram_rom:mgl_prim2|ir_loaded_address_reg[1]       ; altera_reserved_tck ; altera_reserved_tck ; 100.000      ; -0.059     ; 2.838      ;
; 97.343 ; sld_hub:auto_hub|sld_jtag_hub:\jtag_hub_gen:sld_jtag_hub_inst|irf_reg[1][4]                      ; ram:inst15|altsyncram:altsyncram_component|altsyncram_oqj1:auto_generated|sld_mod_ram_rom:mgl_prim2|ir_loaded_address_reg[2]       ; altera_reserved_tck ; altera_reserved_tck ; 100.000      ; -0.059     ; 2.619      ;
; 97.343 ; sld_hub:auto_hub|sld_jtag_hub:\jtag_hub_gen:sld_jtag_hub_inst|irf_reg[1][4]                      ; ram:inst15|altsyncram:altsyncram_component|altsyncram_oqj1:auto_generated|sld_mod_ram_rom:mgl_prim2|ir_loaded_address_reg[3]       ; altera_reserved_tck ; altera_reserved_tck ; 100.000      ; -0.059     ; 2.619      ;
; 97.343 ; sld_hub:auto_hub|sld_jtag_hub:\jtag_hub_gen:sld_jtag_hub_inst|irf_reg[1][4]                      ; ram:inst15|altsyncram:altsyncram_component|altsyncram_oqj1:auto_generated|sld_mod_ram_rom:mgl_prim2|ir_loaded_address_reg[0]       ; altera_reserved_tck ; altera_reserved_tck ; 100.000      ; -0.059     ; 2.619      ;
; 97.343 ; sld_hub:auto_hub|sld_jtag_hub:\jtag_hub_gen:sld_jtag_hub_inst|irf_reg[1][4]                      ; ram:inst15|altsyncram:altsyncram_component|altsyncram_oqj1:auto_generated|sld_mod_ram_rom:mgl_prim2|ir_loaded_address_reg[1]       ; altera_reserved_tck ; altera_reserved_tck ; 100.000      ; -0.059     ; 2.619      ;
; 97.480 ; sld_hub:auto_hub|sld_jtag_hub:\jtag_hub_gen:sld_jtag_hub_inst|virtual_ir_scan_reg                ; sld_hub:auto_hub|sld_jtag_hub:\jtag_hub_gen:sld_jtag_hub_inst|hub_mode_reg[2]                                                      ; altera_reserved_tck ; altera_reserved_tck ; 100.000      ; -0.063     ; 2.478      ;
; 97.522 ; sld_hub:auto_hub|sld_jtag_hub:\jtag_hub_gen:sld_jtag_hub_inst|clr_reg                            ; ram:inst15|altsyncram:altsyncram_component|altsyncram_oqj1:auto_generated|sld_mod_ram_rom:mgl_prim2|is_in_use_reg                  ; altera_reserved_tck ; altera_reserved_tck ; 100.000      ; -0.097     ; 2.402      ;
; 97.522 ; sld_hub:auto_hub|sld_jtag_hub:\jtag_hub_gen:sld_jtag_hub_inst|clr_reg                            ; ram:inst15|altsyncram:altsyncram_component|altsyncram_oqj1:auto_generated|sld_mod_ram_rom:mgl_prim2|bypass_reg_out                 ; altera_reserved_tck ; altera_reserved_tck ; 100.000      ; -0.097     ; 2.402      ;
; 97.524 ; sld_hub:auto_hub|sld_jtag_hub:\jtag_hub_gen:sld_jtag_hub_inst|irf_reg[2][0]                      ; rom1:inst2|altsyncram:altsyncram_component|altsyncram_qlb1:auto_generated|sld_mod_ram_rom:mgl_prim2|ram_rom_addr_reg[1]            ; altera_reserved_tck ; altera_reserved_tck ; 100.000      ; -0.097     ; 2.400      ;
; 97.524 ; sld_hub:auto_hub|sld_jtag_hub:\jtag_hub_gen:sld_jtag_hub_inst|irf_reg[2][0]                      ; rom1:inst2|altsyncram:altsyncram_component|altsyncram_qlb1:auto_generated|sld_mod_ram_rom:mgl_prim2|ram_rom_addr_reg[0]            ; altera_reserved_tck ; altera_reserved_tck ; 100.000      ; -0.097     ; 2.400      ;
; 97.524 ; sld_hub:auto_hub|sld_jtag_hub:\jtag_hub_gen:sld_jtag_hub_inst|irf_reg[2][0]                      ; rom1:inst2|altsyncram:altsyncram_component|altsyncram_qlb1:auto_generated|sld_mod_ram_rom:mgl_prim2|ram_rom_addr_reg[7]            ; altera_reserved_tck ; altera_reserved_tck ; 100.000      ; -0.097     ; 2.400      ;
; 97.524 ; sld_hub:auto_hub|sld_jtag_hub:\jtag_hub_gen:sld_jtag_hub_inst|irf_reg[2][0]                      ; rom1:inst2|altsyncram:altsyncram_component|altsyncram_qlb1:auto_generated|sld_mod_ram_rom:mgl_prim2|ram_rom_addr_reg[6]            ; altera_reserved_tck ; altera_reserved_tck ; 100.000      ; -0.097     ; 2.400      ;
; 97.524 ; sld_hub:auto_hub|sld_jtag_hub:\jtag_hub_gen:sld_jtag_hub_inst|irf_reg[2][0]                      ; rom1:inst2|altsyncram:altsyncram_component|altsyncram_qlb1:auto_generated|sld_mod_ram_rom:mgl_prim2|ram_rom_addr_reg[5]            ; altera_reserved_tck ; altera_reserved_tck ; 100.000      ; -0.097     ; 2.400      ;
; 97.524 ; sld_hub:auto_hub|sld_jtag_hub:\jtag_hub_gen:sld_jtag_hub_inst|irf_reg[2][0]                      ; rom1:inst2|altsyncram:altsyncram_component|altsyncram_qlb1:auto_generated|sld_mod_ram_rom:mgl_prim2|ram_rom_addr_reg[4]            ; altera_reserved_tck ; altera_reserved_tck ; 100.000      ; -0.097     ; 2.400      ;
; 97.524 ; sld_hub:auto_hub|sld_jtag_hub:\jtag_hub_gen:sld_jtag_hub_inst|irf_reg[2][0]                      ; rom1:inst2|altsyncram:altsyncram_component|altsyncram_qlb1:auto_generated|sld_mod_ram_rom:mgl_prim2|ram_rom_addr_reg[3]            ; altera_reserved_tck ; altera_reserved_tck ; 100.000      ; -0.097     ; 2.400      ;
; 97.524 ; sld_hub:auto_hub|sld_jtag_hub:\jtag_hub_gen:sld_jtag_hub_inst|irf_reg[2][0]                      ; rom1:inst2|altsyncram:altsyncram_component|altsyncram_qlb1:auto_generated|sld_mod_ram_rom:mgl_prim2|ram_rom_addr_reg[2]            ; altera_reserved_tck ; altera_reserved_tck ; 100.000      ; -0.097     ; 2.400      ;
; 97.537 ; sld_hub:auto_hub|sld_jtag_hub:\jtag_hub_gen:sld_jtag_hub_inst|clr_reg                            ; sld_hub:auto_hub|sld_jtag_hub:\jtag_hub_gen:sld_jtag_hub_inst|shadow_irf_reg[1][2]                                                 ; altera_reserved_tck ; altera_reserved_tck ; 100.000      ; -0.100     ; 2.384      ;
; 97.537 ; sld_hub:auto_hub|sld_jtag_hub:\jtag_hub_gen:sld_jtag_hub_inst|clr_reg                            ; sld_hub:auto_hub|sld_jtag_hub:\jtag_hub_gen:sld_jtag_hub_inst|irf_reg[1][2]                                                        ; altera_reserved_tck ; altera_reserved_tck ; 100.000      ; -0.100     ; 2.384      ;
; 97.537 ; sld_hub:auto_hub|sld_jtag_hub:\jtag_hub_gen:sld_jtag_hub_inst|clr_reg                            ; sld_hub:auto_hub|sld_jtag_hub:\jtag_hub_gen:sld_jtag_hub_inst|shadow_irf_reg[1][1]                                                 ; altera_reserved_tck ; altera_reserved_tck ; 100.000      ; -0.100     ; 2.384      ;
; 97.537 ; sld_hub:auto_hub|sld_jtag_hub:\jtag_hub_gen:sld_jtag_hub_inst|clr_reg                            ; sld_hub:auto_hub|sld_jtag_hub:\jtag_hub_gen:sld_jtag_hub_inst|irf_reg[1][1]                                                        ; altera_reserved_tck ; altera_reserved_tck ; 100.000      ; -0.100     ; 2.384      ;
; 97.537 ; sld_hub:auto_hub|sld_jtag_hub:\jtag_hub_gen:sld_jtag_hub_inst|clr_reg                            ; sld_hub:auto_hub|sld_jtag_hub:\jtag_hub_gen:sld_jtag_hub_inst|shadow_irf_reg[1][0]                                                 ; altera_reserved_tck ; altera_reserved_tck ; 100.000      ; -0.100     ; 2.384      ;
; 97.537 ; sld_hub:auto_hub|sld_jtag_hub:\jtag_hub_gen:sld_jtag_hub_inst|clr_reg                            ; sld_hub:auto_hub|sld_jtag_hub:\jtag_hub_gen:sld_jtag_hub_inst|irf_reg[1][0]                                                        ; altera_reserved_tck ; altera_reserved_tck ; 100.000      ; -0.100     ; 2.384      ;
; 97.537 ; sld_hub:auto_hub|sld_jtag_hub:\jtag_hub_gen:sld_jtag_hub_inst|clr_reg                            ; sld_hub:auto_hub|sld_jtag_hub:\jtag_hub_gen:sld_jtag_hub_inst|shadow_irf_reg[1][4]                                                 ; altera_reserved_tck ; altera_reserved_tck ; 100.000      ; -0.100     ; 2.384      ;
; 97.537 ; sld_hub:auto_hub|sld_jtag_hub:\jtag_hub_gen:sld_jtag_hub_inst|clr_reg                            ; sld_hub:auto_hub|sld_jtag_hub:\jtag_hub_gen:sld_jtag_hub_inst|irf_reg[1][4]                                                        ; altera_reserved_tck ; altera_reserved_tck ; 100.000      ; -0.100     ; 2.384      ;
; 97.537 ; sld_hub:auto_hub|sld_jtag_hub:\jtag_hub_gen:sld_jtag_hub_inst|clr_reg                            ; sld_hub:auto_hub|sld_jtag_hub:\jtag_hub_gen:sld_jtag_hub_inst|shadow_irf_reg[1][3]                                                 ; altera_reserved_tck ; altera_reserved_tck ; 100.000      ; -0.100     ; 2.384      ;
; 97.537 ; sld_hub:auto_hub|sld_jtag_hub:\jtag_hub_gen:sld_jtag_hub_inst|clr_reg                            ; sld_hub:auto_hub|sld_jtag_hub:\jtag_hub_gen:sld_jtag_hub_inst|irf_reg[1][3]                                                        ; altera_reserved_tck ; altera_reserved_tck ; 100.000      ; -0.100     ; 2.384      ;
; 97.560 ; sld_hub:auto_hub|sld_jtag_hub:\jtag_hub_gen:sld_jtag_hub_inst|clr_reg                            ; sld_hub:auto_hub|sld_jtag_hub:\jtag_hub_gen:sld_jtag_hub_inst|node_ena[1]~reg0                                                     ; altera_reserved_tck ; altera_reserved_tck ; 100.000      ; -0.097     ; 2.364      ;
; 97.560 ; sld_hub:auto_hub|sld_jtag_hub:\jtag_hub_gen:sld_jtag_hub_inst|clr_reg                            ; sld_hub:auto_hub|sld_jtag_hub:\jtag_hub_gen:sld_jtag_hub_inst|node_ena[2]~reg0                                                     ; altera_reserved_tck ; altera_reserved_tck ; 100.000      ; -0.097     ; 2.364      ;
; 97.574 ; sld_hub:auto_hub|sld_jtag_hub:\jtag_hub_gen:sld_jtag_hub_inst|clr_reg                            ; rom1:inst2|altsyncram:altsyncram_component|altsyncram_qlb1:auto_generated|sld_mod_ram_rom:mgl_prim2|is_in_use_reg                  ; altera_reserved_tck ; altera_reserved_tck ; 100.000      ; -0.091     ; 2.356      ;
; 97.574 ; sld_hub:auto_hub|sld_jtag_hub:\jtag_hub_gen:sld_jtag_hub_inst|clr_reg                            ; rom1:inst2|altsyncram:altsyncram_component|altsyncram_qlb1:auto_generated|sld_mod_ram_rom:mgl_prim2|bypass_reg_out                 ; altera_reserved_tck ; altera_reserved_tck ; 100.000      ; -0.091     ; 2.356      ;
; 97.779 ; sld_hub:auto_hub|sld_jtag_hub:\jtag_hub_gen:sld_jtag_hub_inst|irf_reg[1][3]                      ; ram:inst15|altsyncram:altsyncram_component|altsyncram_oqj1:auto_generated|sld_mod_ram_rom:mgl_prim2|ram_rom_data_shift_cntr_reg[1] ; altera_reserved_tck ; altera_reserved_tck ; 100.000      ; -0.058     ; 2.184      ;
; 97.779 ; sld_hub:auto_hub|sld_jtag_hub:\jtag_hub_gen:sld_jtag_hub_inst|irf_reg[1][3]                      ; ram:inst15|altsyncram:altsyncram_component|altsyncram_oqj1:auto_generated|sld_mod_ram_rom:mgl_prim2|ram_rom_data_shift_cntr_reg[0] ; altera_reserved_tck ; altera_reserved_tck ; 100.000      ; -0.058     ; 2.184      ;
; 97.779 ; sld_hub:auto_hub|sld_jtag_hub:\jtag_hub_gen:sld_jtag_hub_inst|irf_reg[1][3]                      ; ram:inst15|altsyncram:altsyncram_component|altsyncram_oqj1:auto_generated|sld_mod_ram_rom:mgl_prim2|ram_rom_data_shift_cntr_reg[2] ; altera_reserved_tck ; altera_reserved_tck ; 100.000      ; -0.058     ; 2.184      ;
; 97.802 ; sld_hub:auto_hub|sld_jtag_hub:\jtag_hub_gen:sld_jtag_hub_inst|irf_reg[2][3]                      ; rom1:inst2|altsyncram:altsyncram_component|altsyncram_qlb1:auto_generated|sld_mod_ram_rom:mgl_prim2|ram_rom_data_shift_cntr_reg[0] ; altera_reserved_tck ; altera_reserved_tck ; 100.000      ; -0.098     ; 2.121      ;
; 97.802 ; sld_hub:auto_hub|sld_jtag_hub:\jtag_hub_gen:sld_jtag_hub_inst|irf_reg[2][3]                      ; rom1:inst2|altsyncram:altsyncram_component|altsyncram_qlb1:auto_generated|sld_mod_ram_rom:mgl_prim2|ram_rom_data_shift_cntr_reg[2] ; altera_reserved_tck ; altera_reserved_tck ; 100.000      ; -0.098     ; 2.121      ;
; 97.802 ; sld_hub:auto_hub|sld_jtag_hub:\jtag_hub_gen:sld_jtag_hub_inst|irf_reg[2][3]                      ; rom1:inst2|altsyncram:altsyncram_component|altsyncram_qlb1:auto_generated|sld_mod_ram_rom:mgl_prim2|ram_rom_data_shift_cntr_reg[3] ; altera_reserved_tck ; altera_reserved_tck ; 100.000      ; -0.098     ; 2.121      ;
; 97.802 ; sld_hub:auto_hub|sld_jtag_hub:\jtag_hub_gen:sld_jtag_hub_inst|irf_reg[2][3]                      ; rom1:inst2|altsyncram:altsyncram_component|altsyncram_qlb1:auto_generated|sld_mod_ram_rom:mgl_prim2|ram_rom_data_shift_cntr_reg[4] ; altera_reserved_tck ; altera_reserved_tck ; 100.000      ; -0.098     ; 2.121      ;
; 97.802 ; sld_hub:auto_hub|sld_jtag_hub:\jtag_hub_gen:sld_jtag_hub_inst|irf_reg[2][3]                      ; rom1:inst2|altsyncram:altsyncram_component|altsyncram_qlb1:auto_generated|sld_mod_ram_rom:mgl_prim2|ram_rom_data_shift_cntr_reg[1] ; altera_reserved_tck ; altera_reserved_tck ; 100.000      ; -0.098     ; 2.121      ;
; 97.830 ; sld_hub:auto_hub|sld_jtag_hub:\jtag_hub_gen:sld_jtag_hub_inst|clr_reg                            ; sld_hub:auto_hub|sld_jtag_hub:\jtag_hub_gen:sld_jtag_hub_inst|hub_mode_reg[1]                                                      ; altera_reserved_tck ; altera_reserved_tck ; 100.000      ; -0.096     ; 2.095      ;
; 97.830 ; sld_hub:auto_hub|sld_jtag_hub:\jtag_hub_gen:sld_jtag_hub_inst|clr_reg                            ; sld_hub:auto_hub|sld_jtag_hub:\jtag_hub_gen:sld_jtag_hub_inst|irsr_reg[5]                                                          ; altera_reserved_tck ; altera_reserved_tck ; 100.000      ; -0.096     ; 2.095      ;
; 97.841 ; sld_hub:auto_hub|sld_jtag_hub:\jtag_hub_gen:sld_jtag_hub_inst|sld_shadow_jsm:shadow_jsm|state[0] ; sld_hub:auto_hub|sld_jtag_hub:\jtag_hub_gen:sld_jtag_hub_inst|jtag_ir_reg[9]                                                       ; altera_reserved_tck ; altera_reserved_tck ; 100.000      ; -0.083     ; 2.097      ;
; 97.841 ; sld_hub:auto_hub|sld_jtag_hub:\jtag_hub_gen:sld_jtag_hub_inst|sld_shadow_jsm:shadow_jsm|state[0] ; sld_hub:auto_hub|sld_jtag_hub:\jtag_hub_gen:sld_jtag_hub_inst|jtag_ir_reg[8]                                                       ; altera_reserved_tck ; altera_reserved_tck ; 100.000      ; -0.083     ; 2.097      ;
; 97.841 ; sld_hub:auto_hub|sld_jtag_hub:\jtag_hub_gen:sld_jtag_hub_inst|sld_shadow_jsm:shadow_jsm|state[0] ; sld_hub:auto_hub|sld_jtag_hub:\jtag_hub_gen:sld_jtag_hub_inst|jtag_ir_reg[7]                                                       ; altera_reserved_tck ; altera_reserved_tck ; 100.000      ; -0.083     ; 2.097      ;
; 97.841 ; sld_hub:auto_hub|sld_jtag_hub:\jtag_hub_gen:sld_jtag_hub_inst|sld_shadow_jsm:shadow_jsm|state[0] ; sld_hub:auto_hub|sld_jtag_hub:\jtag_hub_gen:sld_jtag_hub_inst|jtag_ir_reg[6]                                                       ; altera_reserved_tck ; altera_reserved_tck ; 100.000      ; -0.083     ; 2.097      ;
; 97.841 ; sld_hub:auto_hub|sld_jtag_hub:\jtag_hub_gen:sld_jtag_hub_inst|sld_shadow_jsm:shadow_jsm|state[0] ; sld_hub:auto_hub|sld_jtag_hub:\jtag_hub_gen:sld_jtag_hub_inst|jtag_ir_reg[5]                                                       ; altera_reserved_tck ; altera_reserved_tck ; 100.000      ; -0.083     ; 2.097      ;
; 97.841 ; sld_hub:auto_hub|sld_jtag_hub:\jtag_hub_gen:sld_jtag_hub_inst|sld_shadow_jsm:shadow_jsm|state[0] ; sld_hub:auto_hub|sld_jtag_hub:\jtag_hub_gen:sld_jtag_hub_inst|jtag_ir_reg[4]                                                       ; altera_reserved_tck ; altera_reserved_tck ; 100.000      ; -0.083     ; 2.097      ;
; 97.841 ; sld_hub:auto_hub|sld_jtag_hub:\jtag_hub_gen:sld_jtag_hub_inst|sld_shadow_jsm:shadow_jsm|state[0] ; sld_hub:auto_hub|sld_jtag_hub:\jtag_hub_gen:sld_jtag_hub_inst|jtag_ir_reg[3]                                                       ; altera_reserved_tck ; altera_reserved_tck ; 100.000      ; -0.083     ; 2.097      ;
; 97.841 ; sld_hub:auto_hub|sld_jtag_hub:\jtag_hub_gen:sld_jtag_hub_inst|sld_shadow_jsm:shadow_jsm|state[0] ; sld_hub:auto_hub|sld_jtag_hub:\jtag_hub_gen:sld_jtag_hub_inst|jtag_ir_reg[2]                                                       ; altera_reserved_tck ; altera_reserved_tck ; 100.000      ; -0.083     ; 2.097      ;
; 97.841 ; sld_hub:auto_hub|sld_jtag_hub:\jtag_hub_gen:sld_jtag_hub_inst|sld_shadow_jsm:shadow_jsm|state[0] ; sld_hub:auto_hub|sld_jtag_hub:\jtag_hub_gen:sld_jtag_hub_inst|jtag_ir_reg[1]                                                       ; altera_reserved_tck ; altera_reserved_tck ; 100.000      ; -0.083     ; 2.097      ;
; 97.841 ; sld_hub:auto_hub|sld_jtag_hub:\jtag_hub_gen:sld_jtag_hub_inst|sld_shadow_jsm:shadow_jsm|state[0] ; sld_hub:auto_hub|sld_jtag_hub:\jtag_hub_gen:sld_jtag_hub_inst|jtag_ir_reg[0]                                                       ; altera_reserved_tck ; altera_reserved_tck ; 100.000      ; -0.083     ; 2.097      ;
; 97.841 ; sld_hub:auto_hub|sld_jtag_hub:\jtag_hub_gen:sld_jtag_hub_inst|sld_shadow_jsm:shadow_jsm|state[0] ; sld_hub:auto_hub|sld_jtag_hub:\jtag_hub_gen:sld_jtag_hub_inst|virtual_dr_scan_reg                                                  ; altera_reserved_tck ; altera_reserved_tck ; 100.000      ; -0.083     ; 2.097      ;
; 97.841 ; sld_hub:auto_hub|sld_jtag_hub:\jtag_hub_gen:sld_jtag_hub_inst|sld_shadow_jsm:shadow_jsm|state[0] ; sld_hub:auto_hub|sld_jtag_hub:\jtag_hub_gen:sld_jtag_hub_inst|virtual_ir_scan_reg                                                  ; altera_reserved_tck ; altera_reserved_tck ; 100.000      ; -0.083     ; 2.097      ;
; 97.941 ; sld_hub:auto_hub|sld_jtag_hub:\jtag_hub_gen:sld_jtag_hub_inst|clr_reg                            ; sld_hub:auto_hub|sld_jtag_hub:\jtag_hub_gen:sld_jtag_hub_inst|irsr_reg[6]                                                          ; altera_reserved_tck ; altera_reserved_tck ; 100.000      ; -0.087     ; 1.993      ;
; 97.941 ; sld_hub:auto_hub|sld_jtag_hub:\jtag_hub_gen:sld_jtag_hub_inst|clr_reg                            ; sld_hub:auto_hub|sld_jtag_hub:\jtag_hub_gen:sld_jtag_hub_inst|hub_mode_reg[0]                                                      ; altera_reserved_tck ; altera_reserved_tck ; 100.000      ; -0.087     ; 1.993      ;
; 97.941 ; sld_hub:auto_hub|sld_jtag_hub:\jtag_hub_gen:sld_jtag_hub_inst|clr_reg                            ; sld_hub:auto_hub|sld_jtag_hub:\jtag_hub_gen:sld_jtag_hub_inst|irsr_reg[3]                                                          ; altera_reserved_tck ; altera_reserved_tck ; 100.000      ; -0.087     ; 1.993      ;
; 97.941 ; sld_hub:auto_hub|sld_jtag_hub:\jtag_hub_gen:sld_jtag_hub_inst|clr_reg                            ; sld_hub:auto_hub|sld_jtag_hub:\jtag_hub_gen:sld_jtag_hub_inst|irsr_reg[4]                                                          ; altera_reserved_tck ; altera_reserved_tck ; 100.000      ; -0.087     ; 1.993      ;
; 97.941 ; sld_hub:auto_hub|sld_jtag_hub:\jtag_hub_gen:sld_jtag_hub_inst|clr_reg                            ; sld_hub:auto_hub|sld_jtag_hub:\jtag_hub_gen:sld_jtag_hub_inst|irsr_reg[1]                                                          ; altera_reserved_tck ; altera_reserved_tck ; 100.000      ; -0.087     ; 1.993      ;
; 97.941 ; sld_hub:auto_hub|sld_jtag_hub:\jtag_hub_gen:sld_jtag_hub_inst|clr_reg                            ; sld_hub:auto_hub|sld_jtag_hub:\jtag_hub_gen:sld_jtag_hub_inst|irsr_reg[0]                                                          ; altera_reserved_tck ; altera_reserved_tck ; 100.000      ; -0.087     ; 1.993      ;
; 97.941 ; sld_hub:auto_hub|sld_jtag_hub:\jtag_hub_gen:sld_jtag_hub_inst|clr_reg                            ; sld_hub:auto_hub|sld_jtag_hub:\jtag_hub_gen:sld_jtag_hub_inst|irsr_reg[2]                                                          ; altera_reserved_tck ; altera_reserved_tck ; 100.000      ; -0.087     ; 1.993      ;
; 97.988 ; sld_hub:auto_hub|sld_jtag_hub:\jtag_hub_gen:sld_jtag_hub_inst|clr_reg                            ; sld_hub:auto_hub|sld_jtag_hub:\jtag_hub_gen:sld_jtag_hub_inst|shadow_irf_reg[2][1]                                                 ; altera_reserved_tck ; altera_reserved_tck ; 100.000      ; -0.078     ; 1.955      ;
; 97.988 ; sld_hub:auto_hub|sld_jtag_hub:\jtag_hub_gen:sld_jtag_hub_inst|clr_reg                            ; sld_hub:auto_hub|sld_jtag_hub:\jtag_hub_gen:sld_jtag_hub_inst|irf_reg[2][1]                                                        ; altera_reserved_tck ; altera_reserved_tck ; 100.000      ; -0.078     ; 1.955      ;
; 97.988 ; sld_hub:auto_hub|sld_jtag_hub:\jtag_hub_gen:sld_jtag_hub_inst|clr_reg                            ; sld_hub:auto_hub|sld_jtag_hub:\jtag_hub_gen:sld_jtag_hub_inst|shadow_irf_reg[2][2]                                                 ; altera_reserved_tck ; altera_reserved_tck ; 100.000      ; -0.078     ; 1.955      ;
; 97.988 ; sld_hub:auto_hub|sld_jtag_hub:\jtag_hub_gen:sld_jtag_hub_inst|clr_reg                            ; sld_hub:auto_hub|sld_jtag_hub:\jtag_hub_gen:sld_jtag_hub_inst|irf_reg[2][2]                                                        ; altera_reserved_tck ; altera_reserved_tck ; 100.000      ; -0.078     ; 1.955      ;
; 97.988 ; sld_hub:auto_hub|sld_jtag_hub:\jtag_hub_gen:sld_jtag_hub_inst|clr_reg                            ; sld_hub:auto_hub|sld_jtag_hub:\jtag_hub_gen:sld_jtag_hub_inst|shadow_irf_reg[2][0]                                                 ; altera_reserved_tck ; altera_reserved_tck ; 100.000      ; -0.078     ; 1.955      ;
; 97.988 ; sld_hub:auto_hub|sld_jtag_hub:\jtag_hub_gen:sld_jtag_hub_inst|clr_reg                            ; sld_hub:auto_hub|sld_jtag_hub:\jtag_hub_gen:sld_jtag_hub_inst|irf_reg[2][0]                                                        ; altera_reserved_tck ; altera_reserved_tck ; 100.000      ; -0.078     ; 1.955      ;
; 97.988 ; sld_hub:auto_hub|sld_jtag_hub:\jtag_hub_gen:sld_jtag_hub_inst|clr_reg                            ; sld_hub:auto_hub|sld_jtag_hub:\jtag_hub_gen:sld_jtag_hub_inst|shadow_irf_reg[2][4]                                                 ; altera_reserved_tck ; altera_reserved_tck ; 100.000      ; -0.078     ; 1.955      ;
; 97.988 ; sld_hub:auto_hub|sld_jtag_hub:\jtag_hub_gen:sld_jtag_hub_inst|clr_reg                            ; sld_hub:auto_hub|sld_jtag_hub:\jtag_hub_gen:sld_jtag_hub_inst|irf_reg[2][4]                                                        ; altera_reserved_tck ; altera_reserved_tck ; 100.000      ; -0.078     ; 1.955      ;
; 97.988 ; sld_hub:auto_hub|sld_jtag_hub:\jtag_hub_gen:sld_jtag_hub_inst|clr_reg                            ; sld_hub:auto_hub|sld_jtag_hub:\jtag_hub_gen:sld_jtag_hub_inst|shadow_irf_reg[2][3]                                                 ; altera_reserved_tck ; altera_reserved_tck ; 100.000      ; -0.078     ; 1.955      ;
; 97.988 ; sld_hub:auto_hub|sld_jtag_hub:\jtag_hub_gen:sld_jtag_hub_inst|clr_reg                            ; sld_hub:auto_hub|sld_jtag_hub:\jtag_hub_gen:sld_jtag_hub_inst|irf_reg[2][3]                                                        ; altera_reserved_tck ; altera_reserved_tck ; 100.000      ; -0.078     ; 1.955      ;
; 98.208 ; sld_hub:auto_hub|sld_jtag_hub:\jtag_hub_gen:sld_jtag_hub_inst|irf_reg[1][0]                      ; ram:inst15|altsyncram:altsyncram_component|altsyncram_oqj1:auto_generated|sld_mod_ram_rom:mgl_prim2|ram_rom_addr_reg[1]            ; altera_reserved_tck ; altera_reserved_tck ; 100.000      ; -0.082     ; 1.731      ;
; 98.208 ; sld_hub:auto_hub|sld_jtag_hub:\jtag_hub_gen:sld_jtag_hub_inst|irf_reg[1][0]                      ; ram:inst15|altsyncram:altsyncram_component|altsyncram_oqj1:auto_generated|sld_mod_ram_rom:mgl_prim2|ram_rom_addr_reg[0]            ; altera_reserved_tck ; altera_reserved_tck ; 100.000      ; -0.082     ; 1.731      ;
; 98.208 ; sld_hub:auto_hub|sld_jtag_hub:\jtag_hub_gen:sld_jtag_hub_inst|irf_reg[1][0]                      ; ram:inst15|altsyncram:altsyncram_component|altsyncram_oqj1:auto_generated|sld_mod_ram_rom:mgl_prim2|ram_rom_addr_reg[7]            ; altera_reserved_tck ; altera_reserved_tck ; 100.000      ; -0.082     ; 1.731      ;
; 98.208 ; sld_hub:auto_hub|sld_jtag_hub:\jtag_hub_gen:sld_jtag_hub_inst|irf_reg[1][0]                      ; ram:inst15|altsyncram:altsyncram_component|altsyncram_oqj1:auto_generated|sld_mod_ram_rom:mgl_prim2|ram_rom_addr_reg[6]            ; altera_reserved_tck ; altera_reserved_tck ; 100.000      ; -0.082     ; 1.731      ;
; 98.208 ; sld_hub:auto_hub|sld_jtag_hub:\jtag_hub_gen:sld_jtag_hub_inst|irf_reg[1][0]                      ; ram:inst15|altsyncram:altsyncram_component|altsyncram_oqj1:auto_generated|sld_mod_ram_rom:mgl_prim2|ram_rom_addr_reg[5]            ; altera_reserved_tck ; altera_reserved_tck ; 100.000      ; -0.082     ; 1.731      ;
; 98.208 ; sld_hub:auto_hub|sld_jtag_hub:\jtag_hub_gen:sld_jtag_hub_inst|irf_reg[1][0]                      ; ram:inst15|altsyncram:altsyncram_component|altsyncram_oqj1:auto_generated|sld_mod_ram_rom:mgl_prim2|ram_rom_addr_reg[4]            ; altera_reserved_tck ; altera_reserved_tck ; 100.000      ; -0.082     ; 1.731      ;
; 98.208 ; sld_hub:auto_hub|sld_jtag_hub:\jtag_hub_gen:sld_jtag_hub_inst|irf_reg[1][0]                      ; ram:inst15|altsyncram:altsyncram_component|altsyncram_oqj1:auto_generated|sld_mod_ram_rom:mgl_prim2|ram_rom_addr_reg[3]            ; altera_reserved_tck ; altera_reserved_tck ; 100.000      ; -0.082     ; 1.731      ;
; 98.208 ; sld_hub:auto_hub|sld_jtag_hub:\jtag_hub_gen:sld_jtag_hub_inst|irf_reg[1][0]                      ; ram:inst15|altsyncram:altsyncram_component|altsyncram_oqj1:auto_generated|sld_mod_ram_rom:mgl_prim2|ram_rom_addr_reg[2]            ; altera_reserved_tck ; altera_reserved_tck ; 100.000      ; -0.082     ; 1.731      ;
+--------+--------------------------------------------------------------------------------------------------+------------------------------------------------------------------------------------------------------------------------------------+---------------------+---------------------+--------------+------------+------------+


+-------------------------------------------------------------------------------------------------------------------------------------------------------------------------------------------------------------------------------------------------------------------------------------------------------------------------------------+
; Slow 1200mV 85C Model Removal: 'altera_reserved_tck'                                                                                                                                                                                                                                                                                ;
+--------+--------------------------------------------------------------------------------------------------+------------------------------------------------------------------------------------------------------------------------------------+---------------------+---------------------+--------------+------------+------------+
; Slack  ; From Node                                                                                        ; To Node                                                                                                                            ; Launch Clock        ; Latch Clock         ; Relationship ; Clock Skew ; Data Delay ;
+--------+--------------------------------------------------------------------------------------------------+------------------------------------------------------------------------------------------------------------------------------------+---------------------+---------------------+--------------+------------+------------+
; 1.341  ; sld_hub:auto_hub|sld_jtag_hub:\jtag_hub_gen:sld_jtag_hub_inst|irf_reg[1][0]                      ; ram:inst15|altsyncram:altsyncram_component|altsyncram_oqj1:auto_generated|sld_mod_ram_rom:mgl_prim2|ram_rom_addr_reg[1]            ; altera_reserved_tck ; altera_reserved_tck ; 0.000        ; 0.078      ; 1.631      ;
; 1.341  ; sld_hub:auto_hub|sld_jtag_hub:\jtag_hub_gen:sld_jtag_hub_inst|irf_reg[1][0]                      ; ram:inst15|altsyncram:altsyncram_component|altsyncram_oqj1:auto_generated|sld_mod_ram_rom:mgl_prim2|ram_rom_addr_reg[0]            ; altera_reserved_tck ; altera_reserved_tck ; 0.000        ; 0.078      ; 1.631      ;
; 1.341  ; sld_hub:auto_hub|sld_jtag_hub:\jtag_hub_gen:sld_jtag_hub_inst|irf_reg[1][0]                      ; ram:inst15|altsyncram:altsyncram_component|altsyncram_oqj1:auto_generated|sld_mod_ram_rom:mgl_prim2|ram_rom_addr_reg[7]            ; altera_reserved_tck ; altera_reserved_tck ; 0.000        ; 0.078      ; 1.631      ;
; 1.341  ; sld_hub:auto_hub|sld_jtag_hub:\jtag_hub_gen:sld_jtag_hub_inst|irf_reg[1][0]                      ; ram:inst15|altsyncram:altsyncram_component|altsyncram_oqj1:auto_generated|sld_mod_ram_rom:mgl_prim2|ram_rom_addr_reg[6]            ; altera_reserved_tck ; altera_reserved_tck ; 0.000        ; 0.078      ; 1.631      ;
; 1.341  ; sld_hub:auto_hub|sld_jtag_hub:\jtag_hub_gen:sld_jtag_hub_inst|irf_reg[1][0]                      ; ram:inst15|altsyncram:altsyncram_component|altsyncram_oqj1:auto_generated|sld_mod_ram_rom:mgl_prim2|ram_rom_addr_reg[5]            ; altera_reserved_tck ; altera_reserved_tck ; 0.000        ; 0.078      ; 1.631      ;
; 1.341  ; sld_hub:auto_hub|sld_jtag_hub:\jtag_hub_gen:sld_jtag_hub_inst|irf_reg[1][0]                      ; ram:inst15|altsyncram:altsyncram_component|altsyncram_oqj1:auto_generated|sld_mod_ram_rom:mgl_prim2|ram_rom_addr_reg[4]            ; altera_reserved_tck ; altera_reserved_tck ; 0.000        ; 0.078      ; 1.631      ;
; 1.341  ; sld_hub:auto_hub|sld_jtag_hub:\jtag_hub_gen:sld_jtag_hub_inst|irf_reg[1][0]                      ; ram:inst15|altsyncram:altsyncram_component|altsyncram_oqj1:auto_generated|sld_mod_ram_rom:mgl_prim2|ram_rom_addr_reg[3]            ; altera_reserved_tck ; altera_reserved_tck ; 0.000        ; 0.078      ; 1.631      ;
; 1.341  ; sld_hub:auto_hub|sld_jtag_hub:\jtag_hub_gen:sld_jtag_hub_inst|irf_reg[1][0]                      ; ram:inst15|altsyncram:altsyncram_component|altsyncram_oqj1:auto_generated|sld_mod_ram_rom:mgl_prim2|ram_rom_addr_reg[2]            ; altera_reserved_tck ; altera_reserved_tck ; 0.000        ; 0.078      ; 1.631      ;
; 1.578  ; sld_hub:auto_hub|sld_jtag_hub:\jtag_hub_gen:sld_jtag_hub_inst|clr_reg                            ; sld_hub:auto_hub|sld_jtag_hub:\jtag_hub_gen:sld_jtag_hub_inst|shadow_irf_reg[2][1]                                                 ; altera_reserved_tck ; altera_reserved_tck ; 0.000        ; 0.084      ; 1.874      ;
; 1.578  ; sld_hub:auto_hub|sld_jtag_hub:\jtag_hub_gen:sld_jtag_hub_inst|clr_reg                            ; sld_hub:auto_hub|sld_jtag_hub:\jtag_hub_gen:sld_jtag_hub_inst|irf_reg[2][1]                                                        ; altera_reserved_tck ; altera_reserved_tck ; 0.000        ; 0.084      ; 1.874      ;
; 1.578  ; sld_hub:auto_hub|sld_jtag_hub:\jtag_hub_gen:sld_jtag_hub_inst|clr_reg                            ; sld_hub:auto_hub|sld_jtag_hub:\jtag_hub_gen:sld_jtag_hub_inst|shadow_irf_reg[2][2]                                                 ; altera_reserved_tck ; altera_reserved_tck ; 0.000        ; 0.084      ; 1.874      ;
; 1.578  ; sld_hub:auto_hub|sld_jtag_hub:\jtag_hub_gen:sld_jtag_hub_inst|clr_reg                            ; sld_hub:auto_hub|sld_jtag_hub:\jtag_hub_gen:sld_jtag_hub_inst|irf_reg[2][2]                                                        ; altera_reserved_tck ; altera_reserved_tck ; 0.000        ; 0.084      ; 1.874      ;
; 1.578  ; sld_hub:auto_hub|sld_jtag_hub:\jtag_hub_gen:sld_jtag_hub_inst|clr_reg                            ; sld_hub:auto_hub|sld_jtag_hub:\jtag_hub_gen:sld_jtag_hub_inst|shadow_irf_reg[2][0]                                                 ; altera_reserved_tck ; altera_reserved_tck ; 0.000        ; 0.084      ; 1.874      ;
; 1.578  ; sld_hub:auto_hub|sld_jtag_hub:\jtag_hub_gen:sld_jtag_hub_inst|clr_reg                            ; sld_hub:auto_hub|sld_jtag_hub:\jtag_hub_gen:sld_jtag_hub_inst|irf_reg[2][0]                                                        ; altera_reserved_tck ; altera_reserved_tck ; 0.000        ; 0.084      ; 1.874      ;
; 1.578  ; sld_hub:auto_hub|sld_jtag_hub:\jtag_hub_gen:sld_jtag_hub_inst|clr_reg                            ; sld_hub:auto_hub|sld_jtag_hub:\jtag_hub_gen:sld_jtag_hub_inst|shadow_irf_reg[2][4]                                                 ; altera_reserved_tck ; altera_reserved_tck ; 0.000        ; 0.084      ; 1.874      ;
; 1.578  ; sld_hub:auto_hub|sld_jtag_hub:\jtag_hub_gen:sld_jtag_hub_inst|clr_reg                            ; sld_hub:auto_hub|sld_jtag_hub:\jtag_hub_gen:sld_jtag_hub_inst|irf_reg[2][4]                                                        ; altera_reserved_tck ; altera_reserved_tck ; 0.000        ; 0.084      ; 1.874      ;
; 1.578  ; sld_hub:auto_hub|sld_jtag_hub:\jtag_hub_gen:sld_jtag_hub_inst|clr_reg                            ; sld_hub:auto_hub|sld_jtag_hub:\jtag_hub_gen:sld_jtag_hub_inst|shadow_irf_reg[2][3]                                                 ; altera_reserved_tck ; altera_reserved_tck ; 0.000        ; 0.084      ; 1.874      ;
; 1.578  ; sld_hub:auto_hub|sld_jtag_hub:\jtag_hub_gen:sld_jtag_hub_inst|clr_reg                            ; sld_hub:auto_hub|sld_jtag_hub:\jtag_hub_gen:sld_jtag_hub_inst|irf_reg[2][3]                                                        ; altera_reserved_tck ; altera_reserved_tck ; 0.000        ; 0.084      ; 1.874      ;
; 1.621  ; sld_hub:auto_hub|sld_jtag_hub:\jtag_hub_gen:sld_jtag_hub_inst|clr_reg                            ; sld_hub:auto_hub|sld_jtag_hub:\jtag_hub_gen:sld_jtag_hub_inst|irsr_reg[6]                                                          ; altera_reserved_tck ; altera_reserved_tck ; 0.000        ; 0.075      ; 1.908      ;
; 1.621  ; sld_hub:auto_hub|sld_jtag_hub:\jtag_hub_gen:sld_jtag_hub_inst|clr_reg                            ; sld_hub:auto_hub|sld_jtag_hub:\jtag_hub_gen:sld_jtag_hub_inst|hub_mode_reg[0]                                                      ; altera_reserved_tck ; altera_reserved_tck ; 0.000        ; 0.075      ; 1.908      ;
; 1.621  ; sld_hub:auto_hub|sld_jtag_hub:\jtag_hub_gen:sld_jtag_hub_inst|clr_reg                            ; sld_hub:auto_hub|sld_jtag_hub:\jtag_hub_gen:sld_jtag_hub_inst|irsr_reg[3]                                                          ; altera_reserved_tck ; altera_reserved_tck ; 0.000        ; 0.075      ; 1.908      ;
; 1.621  ; sld_hub:auto_hub|sld_jtag_hub:\jtag_hub_gen:sld_jtag_hub_inst|clr_reg                            ; sld_hub:auto_hub|sld_jtag_hub:\jtag_hub_gen:sld_jtag_hub_inst|irsr_reg[4]                                                          ; altera_reserved_tck ; altera_reserved_tck ; 0.000        ; 0.075      ; 1.908      ;
; 1.621  ; sld_hub:auto_hub|sld_jtag_hub:\jtag_hub_gen:sld_jtag_hub_inst|clr_reg                            ; sld_hub:auto_hub|sld_jtag_hub:\jtag_hub_gen:sld_jtag_hub_inst|irsr_reg[1]                                                          ; altera_reserved_tck ; altera_reserved_tck ; 0.000        ; 0.075      ; 1.908      ;
; 1.621  ; sld_hub:auto_hub|sld_jtag_hub:\jtag_hub_gen:sld_jtag_hub_inst|clr_reg                            ; sld_hub:auto_hub|sld_jtag_hub:\jtag_hub_gen:sld_jtag_hub_inst|irsr_reg[0]                                                          ; altera_reserved_tck ; altera_reserved_tck ; 0.000        ; 0.075      ; 1.908      ;
; 1.621  ; sld_hub:auto_hub|sld_jtag_hub:\jtag_hub_gen:sld_jtag_hub_inst|clr_reg                            ; sld_hub:auto_hub|sld_jtag_hub:\jtag_hub_gen:sld_jtag_hub_inst|irsr_reg[2]                                                          ; altera_reserved_tck ; altera_reserved_tck ; 0.000        ; 0.075      ; 1.908      ;
; 1.647  ; sld_hub:auto_hub|sld_jtag_hub:\jtag_hub_gen:sld_jtag_hub_inst|sld_shadow_jsm:shadow_jsm|state[0] ; sld_hub:auto_hub|sld_jtag_hub:\jtag_hub_gen:sld_jtag_hub_inst|jtag_ir_reg[9]                                                       ; altera_reserved_tck ; altera_reserved_tck ; 0.000        ; 0.078      ; 1.937      ;
; 1.647  ; sld_hub:auto_hub|sld_jtag_hub:\jtag_hub_gen:sld_jtag_hub_inst|sld_shadow_jsm:shadow_jsm|state[0] ; sld_hub:auto_hub|sld_jtag_hub:\jtag_hub_gen:sld_jtag_hub_inst|jtag_ir_reg[8]                                                       ; altera_reserved_tck ; altera_reserved_tck ; 0.000        ; 0.078      ; 1.937      ;
; 1.647  ; sld_hub:auto_hub|sld_jtag_hub:\jtag_hub_gen:sld_jtag_hub_inst|sld_shadow_jsm:shadow_jsm|state[0] ; sld_hub:auto_hub|sld_jtag_hub:\jtag_hub_gen:sld_jtag_hub_inst|jtag_ir_reg[7]                                                       ; altera_reserved_tck ; altera_reserved_tck ; 0.000        ; 0.078      ; 1.937      ;
; 1.647  ; sld_hub:auto_hub|sld_jtag_hub:\jtag_hub_gen:sld_jtag_hub_inst|sld_shadow_jsm:shadow_jsm|state[0] ; sld_hub:auto_hub|sld_jtag_hub:\jtag_hub_gen:sld_jtag_hub_inst|jtag_ir_reg[6]                                                       ; altera_reserved_tck ; altera_reserved_tck ; 0.000        ; 0.078      ; 1.937      ;
; 1.647  ; sld_hub:auto_hub|sld_jtag_hub:\jtag_hub_gen:sld_jtag_hub_inst|sld_shadow_jsm:shadow_jsm|state[0] ; sld_hub:auto_hub|sld_jtag_hub:\jtag_hub_gen:sld_jtag_hub_inst|jtag_ir_reg[5]                                                       ; altera_reserved_tck ; altera_reserved_tck ; 0.000        ; 0.078      ; 1.937      ;
; 1.647  ; sld_hub:auto_hub|sld_jtag_hub:\jtag_hub_gen:sld_jtag_hub_inst|sld_shadow_jsm:shadow_jsm|state[0] ; sld_hub:auto_hub|sld_jtag_hub:\jtag_hub_gen:sld_jtag_hub_inst|jtag_ir_reg[4]                                                       ; altera_reserved_tck ; altera_reserved_tck ; 0.000        ; 0.078      ; 1.937      ;
; 1.647  ; sld_hub:auto_hub|sld_jtag_hub:\jtag_hub_gen:sld_jtag_hub_inst|sld_shadow_jsm:shadow_jsm|state[0] ; sld_hub:auto_hub|sld_jtag_hub:\jtag_hub_gen:sld_jtag_hub_inst|jtag_ir_reg[3]                                                       ; altera_reserved_tck ; altera_reserved_tck ; 0.000        ; 0.078      ; 1.937      ;
; 1.647  ; sld_hub:auto_hub|sld_jtag_hub:\jtag_hub_gen:sld_jtag_hub_inst|sld_shadow_jsm:shadow_jsm|state[0] ; sld_hub:auto_hub|sld_jtag_hub:\jtag_hub_gen:sld_jtag_hub_inst|jtag_ir_reg[2]                                                       ; altera_reserved_tck ; altera_reserved_tck ; 0.000        ; 0.078      ; 1.937      ;
; 1.647  ; sld_hub:auto_hub|sld_jtag_hub:\jtag_hub_gen:sld_jtag_hub_inst|sld_shadow_jsm:shadow_jsm|state[0] ; sld_hub:auto_hub|sld_jtag_hub:\jtag_hub_gen:sld_jtag_hub_inst|jtag_ir_reg[1]                                                       ; altera_reserved_tck ; altera_reserved_tck ; 0.000        ; 0.078      ; 1.937      ;
; 1.647  ; sld_hub:auto_hub|sld_jtag_hub:\jtag_hub_gen:sld_jtag_hub_inst|sld_shadow_jsm:shadow_jsm|state[0] ; sld_hub:auto_hub|sld_jtag_hub:\jtag_hub_gen:sld_jtag_hub_inst|jtag_ir_reg[0]                                                       ; altera_reserved_tck ; altera_reserved_tck ; 0.000        ; 0.078      ; 1.937      ;
; 1.647  ; sld_hub:auto_hub|sld_jtag_hub:\jtag_hub_gen:sld_jtag_hub_inst|sld_shadow_jsm:shadow_jsm|state[0] ; sld_hub:auto_hub|sld_jtag_hub:\jtag_hub_gen:sld_jtag_hub_inst|virtual_dr_scan_reg                                                  ; altera_reserved_tck ; altera_reserved_tck ; 0.000        ; 0.078      ; 1.937      ;
; 1.647  ; sld_hub:auto_hub|sld_jtag_hub:\jtag_hub_gen:sld_jtag_hub_inst|sld_shadow_jsm:shadow_jsm|state[0] ; sld_hub:auto_hub|sld_jtag_hub:\jtag_hub_gen:sld_jtag_hub_inst|virtual_ir_scan_reg                                                  ; altera_reserved_tck ; altera_reserved_tck ; 0.000        ; 0.078      ; 1.937      ;
; 1.707  ; sld_hub:auto_hub|sld_jtag_hub:\jtag_hub_gen:sld_jtag_hub_inst|clr_reg                            ; sld_hub:auto_hub|sld_jtag_hub:\jtag_hub_gen:sld_jtag_hub_inst|hub_mode_reg[1]                                                      ; altera_reserved_tck ; altera_reserved_tck ; 0.000        ; 0.077      ; 1.996      ;
; 1.707  ; sld_hub:auto_hub|sld_jtag_hub:\jtag_hub_gen:sld_jtag_hub_inst|clr_reg                            ; sld_hub:auto_hub|sld_jtag_hub:\jtag_hub_gen:sld_jtag_hub_inst|irsr_reg[5]                                                          ; altera_reserved_tck ; altera_reserved_tck ; 0.000        ; 0.077      ; 1.996      ;
; 1.736  ; sld_hub:auto_hub|sld_jtag_hub:\jtag_hub_gen:sld_jtag_hub_inst|irf_reg[1][3]                      ; ram:inst15|altsyncram:altsyncram_component|altsyncram_oqj1:auto_generated|sld_mod_ram_rom:mgl_prim2|ram_rom_data_shift_cntr_reg[1] ; altera_reserved_tck ; altera_reserved_tck ; 0.000        ; 0.103      ; 2.051      ;
; 1.736  ; sld_hub:auto_hub|sld_jtag_hub:\jtag_hub_gen:sld_jtag_hub_inst|irf_reg[1][3]                      ; ram:inst15|altsyncram:altsyncram_component|altsyncram_oqj1:auto_generated|sld_mod_ram_rom:mgl_prim2|ram_rom_data_shift_cntr_reg[0] ; altera_reserved_tck ; altera_reserved_tck ; 0.000        ; 0.103      ; 2.051      ;
; 1.736  ; sld_hub:auto_hub|sld_jtag_hub:\jtag_hub_gen:sld_jtag_hub_inst|irf_reg[1][3]                      ; ram:inst15|altsyncram:altsyncram_component|altsyncram_oqj1:auto_generated|sld_mod_ram_rom:mgl_prim2|ram_rom_data_shift_cntr_reg[2] ; altera_reserved_tck ; altera_reserved_tck ; 0.000        ; 0.103      ; 2.051      ;
; 1.747  ; sld_hub:auto_hub|sld_jtag_hub:\jtag_hub_gen:sld_jtag_hub_inst|irf_reg[2][3]                      ; rom1:inst2|altsyncram:altsyncram_component|altsyncram_qlb1:auto_generated|sld_mod_ram_rom:mgl_prim2|ram_rom_data_shift_cntr_reg[0] ; altera_reserved_tck ; altera_reserved_tck ; 0.000        ; 0.063      ; 2.022      ;
; 1.747  ; sld_hub:auto_hub|sld_jtag_hub:\jtag_hub_gen:sld_jtag_hub_inst|irf_reg[2][3]                      ; rom1:inst2|altsyncram:altsyncram_component|altsyncram_qlb1:auto_generated|sld_mod_ram_rom:mgl_prim2|ram_rom_data_shift_cntr_reg[2] ; altera_reserved_tck ; altera_reserved_tck ; 0.000        ; 0.063      ; 2.022      ;
; 1.747  ; sld_hub:auto_hub|sld_jtag_hub:\jtag_hub_gen:sld_jtag_hub_inst|irf_reg[2][3]                      ; rom1:inst2|altsyncram:altsyncram_component|altsyncram_qlb1:auto_generated|sld_mod_ram_rom:mgl_prim2|ram_rom_data_shift_cntr_reg[3] ; altera_reserved_tck ; altera_reserved_tck ; 0.000        ; 0.063      ; 2.022      ;
; 1.747  ; sld_hub:auto_hub|sld_jtag_hub:\jtag_hub_gen:sld_jtag_hub_inst|irf_reg[2][3]                      ; rom1:inst2|altsyncram:altsyncram_component|altsyncram_qlb1:auto_generated|sld_mod_ram_rom:mgl_prim2|ram_rom_data_shift_cntr_reg[4] ; altera_reserved_tck ; altera_reserved_tck ; 0.000        ; 0.063      ; 2.022      ;
; 1.747  ; sld_hub:auto_hub|sld_jtag_hub:\jtag_hub_gen:sld_jtag_hub_inst|irf_reg[2][3]                      ; rom1:inst2|altsyncram:altsyncram_component|altsyncram_qlb1:auto_generated|sld_mod_ram_rom:mgl_prim2|ram_rom_data_shift_cntr_reg[1] ; altera_reserved_tck ; altera_reserved_tck ; 0.000        ; 0.063      ; 2.022      ;
; 1.937  ; sld_hub:auto_hub|sld_jtag_hub:\jtag_hub_gen:sld_jtag_hub_inst|clr_reg                            ; sld_hub:auto_hub|sld_jtag_hub:\jtag_hub_gen:sld_jtag_hub_inst|node_ena[1]~reg0                                                     ; altera_reserved_tck ; altera_reserved_tck ; 0.000        ; 0.076      ; 2.225      ;
; 1.937  ; sld_hub:auto_hub|sld_jtag_hub:\jtag_hub_gen:sld_jtag_hub_inst|clr_reg                            ; sld_hub:auto_hub|sld_jtag_hub:\jtag_hub_gen:sld_jtag_hub_inst|node_ena[2]~reg0                                                     ; altera_reserved_tck ; altera_reserved_tck ; 0.000        ; 0.076      ; 2.225      ;
; 1.942  ; sld_hub:auto_hub|sld_jtag_hub:\jtag_hub_gen:sld_jtag_hub_inst|clr_reg                            ; rom1:inst2|altsyncram:altsyncram_component|altsyncram_qlb1:auto_generated|sld_mod_ram_rom:mgl_prim2|is_in_use_reg                  ; altera_reserved_tck ; altera_reserved_tck ; 0.000        ; 0.070      ; 2.224      ;
; 1.942  ; sld_hub:auto_hub|sld_jtag_hub:\jtag_hub_gen:sld_jtag_hub_inst|clr_reg                            ; rom1:inst2|altsyncram:altsyncram_component|altsyncram_qlb1:auto_generated|sld_mod_ram_rom:mgl_prim2|bypass_reg_out                 ; altera_reserved_tck ; altera_reserved_tck ; 0.000        ; 0.070      ; 2.224      ;
; 1.960  ; sld_hub:auto_hub|sld_jtag_hub:\jtag_hub_gen:sld_jtag_hub_inst|virtual_ir_scan_reg                ; sld_hub:auto_hub|sld_jtag_hub:\jtag_hub_gen:sld_jtag_hub_inst|hub_mode_reg[2]                                                      ; altera_reserved_tck ; altera_reserved_tck ; 0.000        ; 0.098      ; 2.270      ;
; 1.976  ; sld_hub:auto_hub|sld_jtag_hub:\jtag_hub_gen:sld_jtag_hub_inst|clr_reg                            ; ram:inst15|altsyncram:altsyncram_component|altsyncram_oqj1:auto_generated|sld_mod_ram_rom:mgl_prim2|is_in_use_reg                  ; altera_reserved_tck ; altera_reserved_tck ; 0.000        ; 0.076      ; 2.264      ;
; 1.976  ; sld_hub:auto_hub|sld_jtag_hub:\jtag_hub_gen:sld_jtag_hub_inst|clr_reg                            ; ram:inst15|altsyncram:altsyncram_component|altsyncram_oqj1:auto_generated|sld_mod_ram_rom:mgl_prim2|bypass_reg_out                 ; altera_reserved_tck ; altera_reserved_tck ; 0.000        ; 0.076      ; 2.264      ;
; 1.989  ; sld_hub:auto_hub|sld_jtag_hub:\jtag_hub_gen:sld_jtag_hub_inst|clr_reg                            ; sld_hub:auto_hub|sld_jtag_hub:\jtag_hub_gen:sld_jtag_hub_inst|shadow_irf_reg[1][2]                                                 ; altera_reserved_tck ; altera_reserved_tck ; 0.000        ; 0.073      ; 2.274      ;
; 1.989  ; sld_hub:auto_hub|sld_jtag_hub:\jtag_hub_gen:sld_jtag_hub_inst|clr_reg                            ; sld_hub:auto_hub|sld_jtag_hub:\jtag_hub_gen:sld_jtag_hub_inst|irf_reg[1][2]                                                        ; altera_reserved_tck ; altera_reserved_tck ; 0.000        ; 0.073      ; 2.274      ;
; 1.989  ; sld_hub:auto_hub|sld_jtag_hub:\jtag_hub_gen:sld_jtag_hub_inst|clr_reg                            ; sld_hub:auto_hub|sld_jtag_hub:\jtag_hub_gen:sld_jtag_hub_inst|shadow_irf_reg[1][1]                                                 ; altera_reserved_tck ; altera_reserved_tck ; 0.000        ; 0.073      ; 2.274      ;
; 1.989  ; sld_hub:auto_hub|sld_jtag_hub:\jtag_hub_gen:sld_jtag_hub_inst|clr_reg                            ; sld_hub:auto_hub|sld_jtag_hub:\jtag_hub_gen:sld_jtag_hub_inst|irf_reg[1][1]                                                        ; altera_reserved_tck ; altera_reserved_tck ; 0.000        ; 0.073      ; 2.274      ;
; 1.989  ; sld_hub:auto_hub|sld_jtag_hub:\jtag_hub_gen:sld_jtag_hub_inst|clr_reg                            ; sld_hub:auto_hub|sld_jtag_hub:\jtag_hub_gen:sld_jtag_hub_inst|shadow_irf_reg[1][0]                                                 ; altera_reserved_tck ; altera_reserved_tck ; 0.000        ; 0.073      ; 2.274      ;
; 1.989  ; sld_hub:auto_hub|sld_jtag_hub:\jtag_hub_gen:sld_jtag_hub_inst|clr_reg                            ; sld_hub:auto_hub|sld_jtag_hub:\jtag_hub_gen:sld_jtag_hub_inst|irf_reg[1][0]                                                        ; altera_reserved_tck ; altera_reserved_tck ; 0.000        ; 0.073      ; 2.274      ;
; 1.989  ; sld_hub:auto_hub|sld_jtag_hub:\jtag_hub_gen:sld_jtag_hub_inst|clr_reg                            ; sld_hub:auto_hub|sld_jtag_hub:\jtag_hub_gen:sld_jtag_hub_inst|shadow_irf_reg[1][4]                                                 ; altera_reserved_tck ; altera_reserved_tck ; 0.000        ; 0.073      ; 2.274      ;
; 1.989  ; sld_hub:auto_hub|sld_jtag_hub:\jtag_hub_gen:sld_jtag_hub_inst|clr_reg                            ; sld_hub:auto_hub|sld_jtag_hub:\jtag_hub_gen:sld_jtag_hub_inst|irf_reg[1][4]                                                        ; altera_reserved_tck ; altera_reserved_tck ; 0.000        ; 0.073      ; 2.274      ;
; 1.989  ; sld_hub:auto_hub|sld_jtag_hub:\jtag_hub_gen:sld_jtag_hub_inst|clr_reg                            ; sld_hub:auto_hub|sld_jtag_hub:\jtag_hub_gen:sld_jtag_hub_inst|shadow_irf_reg[1][3]                                                 ; altera_reserved_tck ; altera_reserved_tck ; 0.000        ; 0.073      ; 2.274      ;
; 1.989  ; sld_hub:auto_hub|sld_jtag_hub:\jtag_hub_gen:sld_jtag_hub_inst|clr_reg                            ; sld_hub:auto_hub|sld_jtag_hub:\jtag_hub_gen:sld_jtag_hub_inst|irf_reg[1][3]                                                        ; altera_reserved_tck ; altera_reserved_tck ; 0.000        ; 0.073      ; 2.274      ;
; 1.999  ; sld_hub:auto_hub|sld_jtag_hub:\jtag_hub_gen:sld_jtag_hub_inst|irf_reg[2][0]                      ; rom1:inst2|altsyncram:altsyncram_component|altsyncram_qlb1:auto_generated|sld_mod_ram_rom:mgl_prim2|ram_rom_addr_reg[1]            ; altera_reserved_tck ; altera_reserved_tck ; 0.000        ; 0.064      ; 2.275      ;
; 1.999  ; sld_hub:auto_hub|sld_jtag_hub:\jtag_hub_gen:sld_jtag_hub_inst|irf_reg[2][0]                      ; rom1:inst2|altsyncram:altsyncram_component|altsyncram_qlb1:auto_generated|sld_mod_ram_rom:mgl_prim2|ram_rom_addr_reg[0]            ; altera_reserved_tck ; altera_reserved_tck ; 0.000        ; 0.064      ; 2.275      ;
; 1.999  ; sld_hub:auto_hub|sld_jtag_hub:\jtag_hub_gen:sld_jtag_hub_inst|irf_reg[2][0]                      ; rom1:inst2|altsyncram:altsyncram_component|altsyncram_qlb1:auto_generated|sld_mod_ram_rom:mgl_prim2|ram_rom_addr_reg[7]            ; altera_reserved_tck ; altera_reserved_tck ; 0.000        ; 0.064      ; 2.275      ;
; 1.999  ; sld_hub:auto_hub|sld_jtag_hub:\jtag_hub_gen:sld_jtag_hub_inst|irf_reg[2][0]                      ; rom1:inst2|altsyncram:altsyncram_component|altsyncram_qlb1:auto_generated|sld_mod_ram_rom:mgl_prim2|ram_rom_addr_reg[6]            ; altera_reserved_tck ; altera_reserved_tck ; 0.000        ; 0.064      ; 2.275      ;
; 1.999  ; sld_hub:auto_hub|sld_jtag_hub:\jtag_hub_gen:sld_jtag_hub_inst|irf_reg[2][0]                      ; rom1:inst2|altsyncram:altsyncram_component|altsyncram_qlb1:auto_generated|sld_mod_ram_rom:mgl_prim2|ram_rom_addr_reg[5]            ; altera_reserved_tck ; altera_reserved_tck ; 0.000        ; 0.064      ; 2.275      ;
; 1.999  ; sld_hub:auto_hub|sld_jtag_hub:\jtag_hub_gen:sld_jtag_hub_inst|irf_reg[2][0]                      ; rom1:inst2|altsyncram:altsyncram_component|altsyncram_qlb1:auto_generated|sld_mod_ram_rom:mgl_prim2|ram_rom_addr_reg[4]            ; altera_reserved_tck ; altera_reserved_tck ; 0.000        ; 0.064      ; 2.275      ;
; 1.999  ; sld_hub:auto_hub|sld_jtag_hub:\jtag_hub_gen:sld_jtag_hub_inst|irf_reg[2][0]                      ; rom1:inst2|altsyncram:altsyncram_component|altsyncram_qlb1:auto_generated|sld_mod_ram_rom:mgl_prim2|ram_rom_addr_reg[3]            ; altera_reserved_tck ; altera_reserved_tck ; 0.000        ; 0.064      ; 2.275      ;
; 1.999  ; sld_hub:auto_hub|sld_jtag_hub:\jtag_hub_gen:sld_jtag_hub_inst|irf_reg[2][0]                      ; rom1:inst2|altsyncram:altsyncram_component|altsyncram_qlb1:auto_generated|sld_mod_ram_rom:mgl_prim2|ram_rom_addr_reg[2]            ; altera_reserved_tck ; altera_reserved_tck ; 0.000        ; 0.064      ; 2.275      ;
; 2.163  ; sld_hub:auto_hub|sld_jtag_hub:\jtag_hub_gen:sld_jtag_hub_inst|irf_reg[1][4]                      ; ram:inst15|altsyncram:altsyncram_component|altsyncram_oqj1:auto_generated|sld_mod_ram_rom:mgl_prim2|ir_loaded_address_reg[2]       ; altera_reserved_tck ; altera_reserved_tck ; 0.000        ; 0.102      ; 2.477      ;
; 2.163  ; sld_hub:auto_hub|sld_jtag_hub:\jtag_hub_gen:sld_jtag_hub_inst|irf_reg[1][4]                      ; ram:inst15|altsyncram:altsyncram_component|altsyncram_oqj1:auto_generated|sld_mod_ram_rom:mgl_prim2|ir_loaded_address_reg[3]       ; altera_reserved_tck ; altera_reserved_tck ; 0.000        ; 0.102      ; 2.477      ;
; 2.163  ; sld_hub:auto_hub|sld_jtag_hub:\jtag_hub_gen:sld_jtag_hub_inst|irf_reg[1][4]                      ; ram:inst15|altsyncram:altsyncram_component|altsyncram_oqj1:auto_generated|sld_mod_ram_rom:mgl_prim2|ir_loaded_address_reg[0]       ; altera_reserved_tck ; altera_reserved_tck ; 0.000        ; 0.102      ; 2.477      ;
; 2.163  ; sld_hub:auto_hub|sld_jtag_hub:\jtag_hub_gen:sld_jtag_hub_inst|irf_reg[1][4]                      ; ram:inst15|altsyncram:altsyncram_component|altsyncram_oqj1:auto_generated|sld_mod_ram_rom:mgl_prim2|ir_loaded_address_reg[1]       ; altera_reserved_tck ; altera_reserved_tck ; 0.000        ; 0.102      ; 2.477      ;
; 2.278  ; sld_hub:auto_hub|sld_jtag_hub:\jtag_hub_gen:sld_jtag_hub_inst|irf_reg[1][0]                      ; ram:inst15|altsyncram:altsyncram_component|altsyncram_oqj1:auto_generated|sld_mod_ram_rom:mgl_prim2|ir_loaded_address_reg[2]       ; altera_reserved_tck ; altera_reserved_tck ; 0.000        ; 0.102      ; 2.592      ;
; 2.278  ; sld_hub:auto_hub|sld_jtag_hub:\jtag_hub_gen:sld_jtag_hub_inst|irf_reg[1][0]                      ; ram:inst15|altsyncram:altsyncram_component|altsyncram_oqj1:auto_generated|sld_mod_ram_rom:mgl_prim2|ir_loaded_address_reg[3]       ; altera_reserved_tck ; altera_reserved_tck ; 0.000        ; 0.102      ; 2.592      ;
; 2.278  ; sld_hub:auto_hub|sld_jtag_hub:\jtag_hub_gen:sld_jtag_hub_inst|irf_reg[1][0]                      ; ram:inst15|altsyncram:altsyncram_component|altsyncram_oqj1:auto_generated|sld_mod_ram_rom:mgl_prim2|ir_loaded_address_reg[0]       ; altera_reserved_tck ; altera_reserved_tck ; 0.000        ; 0.102      ; 2.592      ;
; 2.278  ; sld_hub:auto_hub|sld_jtag_hub:\jtag_hub_gen:sld_jtag_hub_inst|irf_reg[1][0]                      ; ram:inst15|altsyncram:altsyncram_component|altsyncram_oqj1:auto_generated|sld_mod_ram_rom:mgl_prim2|ir_loaded_address_reg[1]       ; altera_reserved_tck ; altera_reserved_tck ; 0.000        ; 0.102      ; 2.592      ;
; 2.453  ; sld_hub:auto_hub|sld_jtag_hub:\jtag_hub_gen:sld_jtag_hub_inst|irf_reg[2][0]                      ; rom1:inst2|altsyncram:altsyncram_component|altsyncram_qlb1:auto_generated|sld_mod_ram_rom:mgl_prim2|ir_loaded_address_reg[2]       ; altera_reserved_tck ; altera_reserved_tck ; 0.000        ; 0.059      ; 2.724      ;
; 2.453  ; sld_hub:auto_hub|sld_jtag_hub:\jtag_hub_gen:sld_jtag_hub_inst|irf_reg[2][0]                      ; rom1:inst2|altsyncram:altsyncram_component|altsyncram_qlb1:auto_generated|sld_mod_ram_rom:mgl_prim2|ir_loaded_address_reg[3]       ; altera_reserved_tck ; altera_reserved_tck ; 0.000        ; 0.059      ; 2.724      ;
; 2.453  ; sld_hub:auto_hub|sld_jtag_hub:\jtag_hub_gen:sld_jtag_hub_inst|irf_reg[2][0]                      ; rom1:inst2|altsyncram:altsyncram_component|altsyncram_qlb1:auto_generated|sld_mod_ram_rom:mgl_prim2|ir_loaded_address_reg[0]       ; altera_reserved_tck ; altera_reserved_tck ; 0.000        ; 0.059      ; 2.724      ;
; 2.453  ; sld_hub:auto_hub|sld_jtag_hub:\jtag_hub_gen:sld_jtag_hub_inst|irf_reg[2][0]                      ; rom1:inst2|altsyncram:altsyncram_component|altsyncram_qlb1:auto_generated|sld_mod_ram_rom:mgl_prim2|ir_loaded_address_reg[1]       ; altera_reserved_tck ; altera_reserved_tck ; 0.000        ; 0.059      ; 2.724      ;
; 3.083  ; sld_hub:auto_hub|sld_jtag_hub:\jtag_hub_gen:sld_jtag_hub_inst|irf_reg[2][4]                      ; rom1:inst2|altsyncram:altsyncram_component|altsyncram_qlb1:auto_generated|sld_mod_ram_rom:mgl_prim2|ir_loaded_address_reg[2]       ; altera_reserved_tck ; altera_reserved_tck ; 0.000        ; 0.059      ; 3.354      ;
; 3.083  ; sld_hub:auto_hub|sld_jtag_hub:\jtag_hub_gen:sld_jtag_hub_inst|irf_reg[2][4]                      ; rom1:inst2|altsyncram:altsyncram_component|altsyncram_qlb1:auto_generated|sld_mod_ram_rom:mgl_prim2|ir_loaded_address_reg[3]       ; altera_reserved_tck ; altera_reserved_tck ; 0.000        ; 0.059      ; 3.354      ;
; 3.083  ; sld_hub:auto_hub|sld_jtag_hub:\jtag_hub_gen:sld_jtag_hub_inst|irf_reg[2][4]                      ; rom1:inst2|altsyncram:altsyncram_component|altsyncram_qlb1:auto_generated|sld_mod_ram_rom:mgl_prim2|ir_loaded_address_reg[0]       ; altera_reserved_tck ; altera_reserved_tck ; 0.000        ; 0.059      ; 3.354      ;
; 3.083  ; sld_hub:auto_hub|sld_jtag_hub:\jtag_hub_gen:sld_jtag_hub_inst|irf_reg[2][4]                      ; rom1:inst2|altsyncram:altsyncram_component|altsyncram_qlb1:auto_generated|sld_mod_ram_rom:mgl_prim2|ir_loaded_address_reg[1]       ; altera_reserved_tck ; altera_reserved_tck ; 0.000        ; 0.059      ; 3.354      ;
; 52.356 ; sld_hub:auto_hub|sld_jtag_hub:\jtag_hub_gen:sld_jtag_hub_inst|sld_shadow_jsm:shadow_jsm|state[8] ; sld_hub:auto_hub|sld_jtag_hub:\jtag_hub_gen:sld_jtag_hub_inst|tdo                                                                  ; altera_reserved_tck ; altera_reserved_tck ; -50.000      ; 0.379      ; 2.947      ;
+--------+--------------------------------------------------------------------------------------------------+------------------------------------------------------------------------------------------------------------------------------------+---------------------+---------------------+--------------+------------+------------+


+---------------------------------------------------------------------------------------------------------------------------------------------------------------------------------------------------------------------------------------+
; Slow 1200mV 85C Model Minimum Pulse Width: 'altera_reserved_tck'                                                                                                                                                                      ;
+--------+--------------+----------------+------------------+---------------------+------------+----------------------------------------------------------------------------------------------------------------------------------------+
; Slack  ; Actual Width ; Required Width ; Type             ; Clock               ; Clock Edge ; Target                                                                                                                                 ;
+--------+--------------+----------------+------------------+---------------------+------------+----------------------------------------------------------------------------------------------------------------------------------------+
; 49.441 ; 49.676       ; 0.235          ; Low Pulse Width  ; altera_reserved_tck ; Rise       ; ram:inst15|altsyncram:altsyncram_component|altsyncram_oqj1:auto_generated|altsyncram_m3a2:altsyncram1|ram_block3a0~portb_address_reg0  ;
; 49.441 ; 49.676       ; 0.235          ; Low Pulse Width  ; altera_reserved_tck ; Rise       ; ram:inst15|altsyncram:altsyncram_component|altsyncram_oqj1:auto_generated|altsyncram_m3a2:altsyncram1|ram_block3a0~portb_we_reg        ;
; 49.444 ; 49.679       ; 0.235          ; Low Pulse Width  ; altera_reserved_tck ; Rise       ; ram:inst15|altsyncram:altsyncram_component|altsyncram_oqj1:auto_generated|altsyncram_m3a2:altsyncram1|ram_block3a0~portb_datain_reg0   ;
; 49.444 ; 49.679       ; 0.235          ; Low Pulse Width  ; altera_reserved_tck ; Rise       ; rom1:inst2|altsyncram:altsyncram_component|altsyncram_qlb1:auto_generated|altsyncram_67d2:altsyncram1|ram_block3a0~portb_address_reg0  ;
; 49.444 ; 49.679       ; 0.235          ; Low Pulse Width  ; altera_reserved_tck ; Rise       ; rom1:inst2|altsyncram:altsyncram_component|altsyncram_qlb1:auto_generated|altsyncram_67d2:altsyncram1|ram_block3a0~portb_we_reg        ;
; 49.444 ; 49.679       ; 0.235          ; Low Pulse Width  ; altera_reserved_tck ; Rise       ; rom1:inst2|altsyncram:altsyncram_component|altsyncram_qlb1:auto_generated|altsyncram_67d2:altsyncram1|ram_block3a18~portb_address_reg0 ;
; 49.444 ; 49.679       ; 0.235          ; Low Pulse Width  ; altera_reserved_tck ; Rise       ; rom1:inst2|altsyncram:altsyncram_component|altsyncram_qlb1:auto_generated|altsyncram_67d2:altsyncram1|ram_block3a18~portb_we_reg       ;
; 49.447 ; 49.682       ; 0.235          ; Low Pulse Width  ; altera_reserved_tck ; Rise       ; rom1:inst2|altsyncram:altsyncram_component|altsyncram_qlb1:auto_generated|altsyncram_67d2:altsyncram1|ram_block3a0~portb_datain_reg0   ;
; 49.447 ; 49.682       ; 0.235          ; Low Pulse Width  ; altera_reserved_tck ; Rise       ; rom1:inst2|altsyncram:altsyncram_component|altsyncram_qlb1:auto_generated|altsyncram_67d2:altsyncram1|ram_block3a18~portb_datain_reg0  ;
; 49.504 ; 49.724       ; 0.220          ; High Pulse Width ; altera_reserved_tck ; Fall       ; sld_hub:auto_hub|sld_jtag_hub:\jtag_hub_gen:sld_jtag_hub_inst|tdo                                                                      ;
; 49.563 ; 49.751       ; 0.188          ; Low Pulse Width  ; altera_reserved_tck ; Rise       ; ram:inst15|altsyncram:altsyncram_component|altsyncram_oqj1:auto_generated|sld_mod_ram_rom:mgl_prim2|bypass_reg_out                     ;
; 49.563 ; 49.751       ; 0.188          ; Low Pulse Width  ; altera_reserved_tck ; Rise       ; ram:inst15|altsyncram:altsyncram_component|altsyncram_oqj1:auto_generated|sld_mod_ram_rom:mgl_prim2|is_in_use_reg                      ;
; 49.563 ; 49.751       ; 0.188          ; Low Pulse Width  ; altera_reserved_tck ; Rise       ; ram:inst15|altsyncram:altsyncram_component|altsyncram_oqj1:auto_generated|sld_mod_ram_rom:mgl_prim2|ram_rom_addr_reg[0]                ;
; 49.563 ; 49.751       ; 0.188          ; Low Pulse Width  ; altera_reserved_tck ; Rise       ; ram:inst15|altsyncram:altsyncram_component|altsyncram_oqj1:auto_generated|sld_mod_ram_rom:mgl_prim2|ram_rom_addr_reg[1]                ;
; 49.563 ; 49.751       ; 0.188          ; Low Pulse Width  ; altera_reserved_tck ; Rise       ; ram:inst15|altsyncram:altsyncram_component|altsyncram_oqj1:auto_generated|sld_mod_ram_rom:mgl_prim2|ram_rom_addr_reg[2]                ;
; 49.563 ; 49.751       ; 0.188          ; Low Pulse Width  ; altera_reserved_tck ; Rise       ; ram:inst15|altsyncram:altsyncram_component|altsyncram_oqj1:auto_generated|sld_mod_ram_rom:mgl_prim2|ram_rom_addr_reg[3]                ;
; 49.563 ; 49.751       ; 0.188          ; Low Pulse Width  ; altera_reserved_tck ; Rise       ; ram:inst15|altsyncram:altsyncram_component|altsyncram_oqj1:auto_generated|sld_mod_ram_rom:mgl_prim2|ram_rom_addr_reg[4]                ;
; 49.563 ; 49.751       ; 0.188          ; Low Pulse Width  ; altera_reserved_tck ; Rise       ; ram:inst15|altsyncram:altsyncram_component|altsyncram_oqj1:auto_generated|sld_mod_ram_rom:mgl_prim2|ram_rom_addr_reg[5]                ;
; 49.563 ; 49.751       ; 0.188          ; Low Pulse Width  ; altera_reserved_tck ; Rise       ; ram:inst15|altsyncram:altsyncram_component|altsyncram_oqj1:auto_generated|sld_mod_ram_rom:mgl_prim2|ram_rom_addr_reg[6]                ;
; 49.563 ; 49.751       ; 0.188          ; Low Pulse Width  ; altera_reserved_tck ; Rise       ; ram:inst15|altsyncram:altsyncram_component|altsyncram_oqj1:auto_generated|sld_mod_ram_rom:mgl_prim2|ram_rom_addr_reg[7]                ;
; 49.563 ; 49.751       ; 0.188          ; Low Pulse Width  ; altera_reserved_tck ; Rise       ; sld_hub:auto_hub|sld_jtag_hub:\jtag_hub_gen:sld_jtag_hub_inst|hub_mode_reg[1]                                                          ;
; 49.563 ; 49.751       ; 0.188          ; Low Pulse Width  ; altera_reserved_tck ; Rise       ; sld_hub:auto_hub|sld_jtag_hub:\jtag_hub_gen:sld_jtag_hub_inst|identity_contrib_shift_reg[0]                                            ;
; 49.563 ; 49.751       ; 0.188          ; Low Pulse Width  ; altera_reserved_tck ; Rise       ; sld_hub:auto_hub|sld_jtag_hub:\jtag_hub_gen:sld_jtag_hub_inst|identity_contrib_shift_reg[1]                                            ;
; 49.563 ; 49.751       ; 0.188          ; Low Pulse Width  ; altera_reserved_tck ; Rise       ; sld_hub:auto_hub|sld_jtag_hub:\jtag_hub_gen:sld_jtag_hub_inst|identity_contrib_shift_reg[2]                                            ;
; 49.563 ; 49.751       ; 0.188          ; Low Pulse Width  ; altera_reserved_tck ; Rise       ; sld_hub:auto_hub|sld_jtag_hub:\jtag_hub_gen:sld_jtag_hub_inst|identity_contrib_shift_reg[3]                                            ;
; 49.563 ; 49.751       ; 0.188          ; Low Pulse Width  ; altera_reserved_tck ; Rise       ; sld_hub:auto_hub|sld_jtag_hub:\jtag_hub_gen:sld_jtag_hub_inst|irf_reg[1][0]                                                            ;
; 49.563 ; 49.751       ; 0.188          ; Low Pulse Width  ; altera_reserved_tck ; Rise       ; sld_hub:auto_hub|sld_jtag_hub:\jtag_hub_gen:sld_jtag_hub_inst|irf_reg[1][1]                                                            ;
; 49.563 ; 49.751       ; 0.188          ; Low Pulse Width  ; altera_reserved_tck ; Rise       ; sld_hub:auto_hub|sld_jtag_hub:\jtag_hub_gen:sld_jtag_hub_inst|irf_reg[1][2]                                                            ;
; 49.563 ; 49.751       ; 0.188          ; Low Pulse Width  ; altera_reserved_tck ; Rise       ; sld_hub:auto_hub|sld_jtag_hub:\jtag_hub_gen:sld_jtag_hub_inst|irf_reg[1][3]                                                            ;
; 49.563 ; 49.751       ; 0.188          ; Low Pulse Width  ; altera_reserved_tck ; Rise       ; sld_hub:auto_hub|sld_jtag_hub:\jtag_hub_gen:sld_jtag_hub_inst|irf_reg[1][4]                                                            ;
; 49.563 ; 49.751       ; 0.188          ; Low Pulse Width  ; altera_reserved_tck ; Rise       ; sld_hub:auto_hub|sld_jtag_hub:\jtag_hub_gen:sld_jtag_hub_inst|irsr_reg[5]                                                              ;
; 49.563 ; 49.751       ; 0.188          ; Low Pulse Width  ; altera_reserved_tck ; Rise       ; sld_hub:auto_hub|sld_jtag_hub:\jtag_hub_gen:sld_jtag_hub_inst|node_ena[1]~reg0                                                         ;
; 49.563 ; 49.751       ; 0.188          ; Low Pulse Width  ; altera_reserved_tck ; Rise       ; sld_hub:auto_hub|sld_jtag_hub:\jtag_hub_gen:sld_jtag_hub_inst|node_ena[2]~reg0                                                         ;
; 49.563 ; 49.751       ; 0.188          ; Low Pulse Width  ; altera_reserved_tck ; Rise       ; sld_hub:auto_hub|sld_jtag_hub:\jtag_hub_gen:sld_jtag_hub_inst|shadow_irf_reg[1][0]                                                     ;
; 49.563 ; 49.751       ; 0.188          ; Low Pulse Width  ; altera_reserved_tck ; Rise       ; sld_hub:auto_hub|sld_jtag_hub:\jtag_hub_gen:sld_jtag_hub_inst|shadow_irf_reg[1][1]                                                     ;
; 49.563 ; 49.751       ; 0.188          ; Low Pulse Width  ; altera_reserved_tck ; Rise       ; sld_hub:auto_hub|sld_jtag_hub:\jtag_hub_gen:sld_jtag_hub_inst|shadow_irf_reg[1][2]                                                     ;
; 49.563 ; 49.751       ; 0.188          ; Low Pulse Width  ; altera_reserved_tck ; Rise       ; sld_hub:auto_hub|sld_jtag_hub:\jtag_hub_gen:sld_jtag_hub_inst|shadow_irf_reg[1][3]                                                     ;
; 49.563 ; 49.751       ; 0.188          ; Low Pulse Width  ; altera_reserved_tck ; Rise       ; sld_hub:auto_hub|sld_jtag_hub:\jtag_hub_gen:sld_jtag_hub_inst|shadow_irf_reg[1][4]                                                     ;
; 49.564 ; 49.752       ; 0.188          ; Low Pulse Width  ; altera_reserved_tck ; Rise       ; sld_hub:auto_hub|sld_jtag_hub:\jtag_hub_gen:sld_jtag_hub_inst|mixer_addr_reg[0]                                                        ;
; 49.564 ; 49.752       ; 0.188          ; Low Pulse Width  ; altera_reserved_tck ; Rise       ; sld_hub:auto_hub|sld_jtag_hub:\jtag_hub_gen:sld_jtag_hub_inst|mixer_addr_reg[1]                                                        ;
; 49.564 ; 49.752       ; 0.188          ; Low Pulse Width  ; altera_reserved_tck ; Rise       ; sld_hub:auto_hub|sld_jtag_hub:\jtag_hub_gen:sld_jtag_hub_inst|mixer_addr_reg[2]                                                        ;
; 49.564 ; 49.752       ; 0.188          ; Low Pulse Width  ; altera_reserved_tck ; Rise       ; sld_hub:auto_hub|sld_jtag_hub:\jtag_hub_gen:sld_jtag_hub_inst|mixer_addr_reg[3]                                                        ;
; 49.564 ; 49.752       ; 0.188          ; Low Pulse Width  ; altera_reserved_tck ; Rise       ; sld_hub:auto_hub|sld_jtag_hub:\jtag_hub_gen:sld_jtag_hub_inst|mixer_addr_reg[4]                                                        ;
; 49.564 ; 49.752       ; 0.188          ; Low Pulse Width  ; altera_reserved_tck ; Rise       ; sld_hub:auto_hub|sld_jtag_hub:\jtag_hub_gen:sld_jtag_hub_inst|sld_rom_sr:hub_info_reg|WORD_SR[0]                                       ;
; 49.564 ; 49.752       ; 0.188          ; Low Pulse Width  ; altera_reserved_tck ; Rise       ; sld_hub:auto_hub|sld_jtag_hub:\jtag_hub_gen:sld_jtag_hub_inst|sld_rom_sr:hub_info_reg|WORD_SR[1]                                       ;
; 49.565 ; 49.753       ; 0.188          ; Low Pulse Width  ; altera_reserved_tck ; Rise       ; ram:inst15|altsyncram:altsyncram_component|altsyncram_oqj1:auto_generated|sld_mod_ram_rom:mgl_prim2|ram_rom_data_reg[0]                ;
; 49.565 ; 49.753       ; 0.188          ; Low Pulse Width  ; altera_reserved_tck ; Rise       ; ram:inst15|altsyncram:altsyncram_component|altsyncram_oqj1:auto_generated|sld_mod_ram_rom:mgl_prim2|ram_rom_data_reg[1]                ;
; 49.565 ; 49.753       ; 0.188          ; Low Pulse Width  ; altera_reserved_tck ; Rise       ; ram:inst15|altsyncram:altsyncram_component|altsyncram_oqj1:auto_generated|sld_mod_ram_rom:mgl_prim2|ram_rom_data_reg[2]                ;
; 49.565 ; 49.753       ; 0.188          ; Low Pulse Width  ; altera_reserved_tck ; Rise       ; ram:inst15|altsyncram:altsyncram_component|altsyncram_oqj1:auto_generated|sld_mod_ram_rom:mgl_prim2|ram_rom_data_reg[3]                ;
; 49.565 ; 49.753       ; 0.188          ; Low Pulse Width  ; altera_reserved_tck ; Rise       ; ram:inst15|altsyncram:altsyncram_component|altsyncram_oqj1:auto_generated|sld_mod_ram_rom:mgl_prim2|ram_rom_data_reg[4]                ;
; 49.565 ; 49.753       ; 0.188          ; Low Pulse Width  ; altera_reserved_tck ; Rise       ; ram:inst15|altsyncram:altsyncram_component|altsyncram_oqj1:auto_generated|sld_mod_ram_rom:mgl_prim2|ram_rom_data_reg[5]                ;
; 49.565 ; 49.753       ; 0.188          ; Low Pulse Width  ; altera_reserved_tck ; Rise       ; ram:inst15|altsyncram:altsyncram_component|altsyncram_oqj1:auto_generated|sld_mod_ram_rom:mgl_prim2|ram_rom_data_reg[6]                ;
; 49.565 ; 49.753       ; 0.188          ; Low Pulse Width  ; altera_reserved_tck ; Rise       ; ram:inst15|altsyncram:altsyncram_component|altsyncram_oqj1:auto_generated|sld_mod_ram_rom:mgl_prim2|ram_rom_data_reg[7]                ;
; 49.565 ; 49.753       ; 0.188          ; Low Pulse Width  ; altera_reserved_tck ; Rise       ; ram:inst15|altsyncram:altsyncram_component|altsyncram_oqj1:auto_generated|sld_mod_ram_rom:mgl_prim2|ram_rom_data_shift_cntr_reg[0]     ;
; 49.565 ; 49.753       ; 0.188          ; Low Pulse Width  ; altera_reserved_tck ; Rise       ; ram:inst15|altsyncram:altsyncram_component|altsyncram_oqj1:auto_generated|sld_mod_ram_rom:mgl_prim2|ram_rom_data_shift_cntr_reg[1]     ;
; 49.565 ; 49.753       ; 0.188          ; Low Pulse Width  ; altera_reserved_tck ; Rise       ; ram:inst15|altsyncram:altsyncram_component|altsyncram_oqj1:auto_generated|sld_mod_ram_rom:mgl_prim2|ram_rom_data_shift_cntr_reg[2]     ;
; 49.565 ; 49.753       ; 0.188          ; Low Pulse Width  ; altera_reserved_tck ; Rise       ; sld_hub:auto_hub|sld_jtag_hub:\jtag_hub_gen:sld_jtag_hub_inst|hub_mode_reg[0]                                                          ;
; 49.565 ; 49.753       ; 0.188          ; Low Pulse Width  ; altera_reserved_tck ; Rise       ; sld_hub:auto_hub|sld_jtag_hub:\jtag_hub_gen:sld_jtag_hub_inst|irsr_reg[0]                                                              ;
; 49.565 ; 49.753       ; 0.188          ; Low Pulse Width  ; altera_reserved_tck ; Rise       ; sld_hub:auto_hub|sld_jtag_hub:\jtag_hub_gen:sld_jtag_hub_inst|irsr_reg[1]                                                              ;
; 49.565 ; 49.753       ; 0.188          ; Low Pulse Width  ; altera_reserved_tck ; Rise       ; sld_hub:auto_hub|sld_jtag_hub:\jtag_hub_gen:sld_jtag_hub_inst|irsr_reg[2]                                                              ;
; 49.565 ; 49.753       ; 0.188          ; Low Pulse Width  ; altera_reserved_tck ; Rise       ; sld_hub:auto_hub|sld_jtag_hub:\jtag_hub_gen:sld_jtag_hub_inst|irsr_reg[3]                                                              ;
; 49.565 ; 49.753       ; 0.188          ; Low Pulse Width  ; altera_reserved_tck ; Rise       ; sld_hub:auto_hub|sld_jtag_hub:\jtag_hub_gen:sld_jtag_hub_inst|irsr_reg[4]                                                              ;
; 49.565 ; 49.753       ; 0.188          ; Low Pulse Width  ; altera_reserved_tck ; Rise       ; sld_hub:auto_hub|sld_jtag_hub:\jtag_hub_gen:sld_jtag_hub_inst|irsr_reg[6]                                                              ;
; 49.566 ; 49.754       ; 0.188          ; Low Pulse Width  ; altera_reserved_tck ; Rise       ; sld_hub:auto_hub|sld_jtag_hub:\jtag_hub_gen:sld_jtag_hub_inst|design_hash_reg[0]                                                       ;
; 49.566 ; 49.754       ; 0.188          ; Low Pulse Width  ; altera_reserved_tck ; Rise       ; sld_hub:auto_hub|sld_jtag_hub:\jtag_hub_gen:sld_jtag_hub_inst|design_hash_reg[1]                                                       ;
; 49.566 ; 49.754       ; 0.188          ; Low Pulse Width  ; altera_reserved_tck ; Rise       ; sld_hub:auto_hub|sld_jtag_hub:\jtag_hub_gen:sld_jtag_hub_inst|design_hash_reg[2]                                                       ;
; 49.566 ; 49.754       ; 0.188          ; Low Pulse Width  ; altera_reserved_tck ; Rise       ; sld_hub:auto_hub|sld_jtag_hub:\jtag_hub_gen:sld_jtag_hub_inst|design_hash_reg[3]                                                       ;
; 49.566 ; 49.754       ; 0.188          ; Low Pulse Width  ; altera_reserved_tck ; Rise       ; sld_hub:auto_hub|sld_jtag_hub:\jtag_hub_gen:sld_jtag_hub_inst|identity_contrib_update_reg[0]                                           ;
; 49.566 ; 49.754       ; 0.188          ; Low Pulse Width  ; altera_reserved_tck ; Rise       ; sld_hub:auto_hub|sld_jtag_hub:\jtag_hub_gen:sld_jtag_hub_inst|identity_contrib_update_reg[1]                                           ;
; 49.566 ; 49.754       ; 0.188          ; Low Pulse Width  ; altera_reserved_tck ; Rise       ; sld_hub:auto_hub|sld_jtag_hub:\jtag_hub_gen:sld_jtag_hub_inst|identity_contrib_update_reg[2]                                           ;
; 49.566 ; 49.754       ; 0.188          ; Low Pulse Width  ; altera_reserved_tck ; Rise       ; sld_hub:auto_hub|sld_jtag_hub:\jtag_hub_gen:sld_jtag_hub_inst|identity_contrib_update_reg[3]                                           ;
; 49.567 ; 49.755       ; 0.188          ; Low Pulse Width  ; altera_reserved_tck ; Rise       ; ram:inst15|altsyncram:altsyncram_component|altsyncram_oqj1:auto_generated|sld_mod_ram_rom:mgl_prim2|ir_loaded_address_reg[0]           ;
; 49.567 ; 49.755       ; 0.188          ; Low Pulse Width  ; altera_reserved_tck ; Rise       ; ram:inst15|altsyncram:altsyncram_component|altsyncram_oqj1:auto_generated|sld_mod_ram_rom:mgl_prim2|ir_loaded_address_reg[1]           ;
; 49.567 ; 49.755       ; 0.188          ; Low Pulse Width  ; altera_reserved_tck ; Rise       ; ram:inst15|altsyncram:altsyncram_component|altsyncram_oqj1:auto_generated|sld_mod_ram_rom:mgl_prim2|ir_loaded_address_reg[2]           ;
; 49.567 ; 49.755       ; 0.188          ; Low Pulse Width  ; altera_reserved_tck ; Rise       ; ram:inst15|altsyncram:altsyncram_component|altsyncram_oqj1:auto_generated|sld_mod_ram_rom:mgl_prim2|ir_loaded_address_reg[3]           ;
; 49.567 ; 49.755       ; 0.188          ; Low Pulse Width  ; altera_reserved_tck ; Rise       ; rom1:inst2|altsyncram:altsyncram_component|altsyncram_qlb1:auto_generated|sld_mod_ram_rom:mgl_prim2|ram_rom_data_reg[16]               ;
; 49.567 ; 49.755       ; 0.188          ; Low Pulse Width  ; altera_reserved_tck ; Rise       ; rom1:inst2|altsyncram:altsyncram_component|altsyncram_qlb1:auto_generated|sld_mod_ram_rom:mgl_prim2|ram_rom_data_reg[17]               ;
; 49.567 ; 49.755       ; 0.188          ; Low Pulse Width  ; altera_reserved_tck ; Rise       ; rom1:inst2|altsyncram:altsyncram_component|altsyncram_qlb1:auto_generated|sld_mod_ram_rom:mgl_prim2|ram_rom_data_reg[18]               ;
; 49.567 ; 49.755       ; 0.188          ; Low Pulse Width  ; altera_reserved_tck ; Rise       ; rom1:inst2|altsyncram:altsyncram_component|altsyncram_qlb1:auto_generated|sld_mod_ram_rom:mgl_prim2|ram_rom_data_reg[19]               ;
; 49.567 ; 49.755       ; 0.188          ; Low Pulse Width  ; altera_reserved_tck ; Rise       ; rom1:inst2|altsyncram:altsyncram_component|altsyncram_qlb1:auto_generated|sld_mod_ram_rom:mgl_prim2|ram_rom_data_reg[20]               ;
; 49.567 ; 49.755       ; 0.188          ; Low Pulse Width  ; altera_reserved_tck ; Rise       ; rom1:inst2|altsyncram:altsyncram_component|altsyncram_qlb1:auto_generated|sld_mod_ram_rom:mgl_prim2|ram_rom_data_reg[21]               ;
; 49.567 ; 49.755       ; 0.188          ; Low Pulse Width  ; altera_reserved_tck ; Rise       ; rom1:inst2|altsyncram:altsyncram_component|altsyncram_qlb1:auto_generated|sld_mod_ram_rom:mgl_prim2|ram_rom_data_reg[22]               ;
; 49.567 ; 49.755       ; 0.188          ; Low Pulse Width  ; altera_reserved_tck ; Rise       ; rom1:inst2|altsyncram:altsyncram_component|altsyncram_qlb1:auto_generated|sld_mod_ram_rom:mgl_prim2|ram_rom_data_reg[23]               ;
; 49.567 ; 49.755       ; 0.188          ; Low Pulse Width  ; altera_reserved_tck ; Rise       ; sld_hub:auto_hub|sld_jtag_hub:\jtag_hub_gen:sld_jtag_hub_inst|clr_reg                                                                  ;
; 49.567 ; 49.755       ; 0.188          ; Low Pulse Width  ; altera_reserved_tck ; Rise       ; sld_hub:auto_hub|sld_jtag_hub:\jtag_hub_gen:sld_jtag_hub_inst|hub_minor_ver_reg[0]                                                     ;
; 49.567 ; 49.755       ; 0.188          ; Low Pulse Width  ; altera_reserved_tck ; Rise       ; sld_hub:auto_hub|sld_jtag_hub:\jtag_hub_gen:sld_jtag_hub_inst|hub_minor_ver_reg[1]                                                     ;
; 49.567 ; 49.755       ; 0.188          ; Low Pulse Width  ; altera_reserved_tck ; Rise       ; sld_hub:auto_hub|sld_jtag_hub:\jtag_hub_gen:sld_jtag_hub_inst|hub_minor_ver_reg[2]                                                     ;
; 49.567 ; 49.755       ; 0.188          ; Low Pulse Width  ; altera_reserved_tck ; Rise       ; sld_hub:auto_hub|sld_jtag_hub:\jtag_hub_gen:sld_jtag_hub_inst|hub_minor_ver_reg[3]                                                     ;
; 49.567 ; 49.755       ; 0.188          ; Low Pulse Width  ; altera_reserved_tck ; Rise       ; sld_hub:auto_hub|sld_jtag_hub:\jtag_hub_gen:sld_jtag_hub_inst|hub_mode_reg[2]                                                          ;
; 49.567 ; 49.755       ; 0.188          ; Low Pulse Width  ; altera_reserved_tck ; Rise       ; sld_hub:auto_hub|sld_jtag_hub:\jtag_hub_gen:sld_jtag_hub_inst|irf_reg[2][0]                                                            ;
; 49.567 ; 49.755       ; 0.188          ; Low Pulse Width  ; altera_reserved_tck ; Rise       ; sld_hub:auto_hub|sld_jtag_hub:\jtag_hub_gen:sld_jtag_hub_inst|irf_reg[2][1]                                                            ;
; 49.567 ; 49.755       ; 0.188          ; Low Pulse Width  ; altera_reserved_tck ; Rise       ; sld_hub:auto_hub|sld_jtag_hub:\jtag_hub_gen:sld_jtag_hub_inst|irf_reg[2][2]                                                            ;
; 49.567 ; 49.755       ; 0.188          ; Low Pulse Width  ; altera_reserved_tck ; Rise       ; sld_hub:auto_hub|sld_jtag_hub:\jtag_hub_gen:sld_jtag_hub_inst|irf_reg[2][3]                                                            ;
; 49.567 ; 49.755       ; 0.188          ; Low Pulse Width  ; altera_reserved_tck ; Rise       ; sld_hub:auto_hub|sld_jtag_hub:\jtag_hub_gen:sld_jtag_hub_inst|irf_reg[2][4]                                                            ;
; 49.567 ; 49.755       ; 0.188          ; Low Pulse Width  ; altera_reserved_tck ; Rise       ; sld_hub:auto_hub|sld_jtag_hub:\jtag_hub_gen:sld_jtag_hub_inst|shadow_irf_reg[2][0]                                                     ;
; 49.567 ; 49.755       ; 0.188          ; Low Pulse Width  ; altera_reserved_tck ; Rise       ; sld_hub:auto_hub|sld_jtag_hub:\jtag_hub_gen:sld_jtag_hub_inst|shadow_irf_reg[2][1]                                                     ;
; 49.567 ; 49.755       ; 0.188          ; Low Pulse Width  ; altera_reserved_tck ; Rise       ; sld_hub:auto_hub|sld_jtag_hub:\jtag_hub_gen:sld_jtag_hub_inst|shadow_irf_reg[2][2]                                                     ;
; 49.567 ; 49.755       ; 0.188          ; Low Pulse Width  ; altera_reserved_tck ; Rise       ; sld_hub:auto_hub|sld_jtag_hub:\jtag_hub_gen:sld_jtag_hub_inst|shadow_irf_reg[2][3]                                                     ;
; 49.567 ; 49.755       ; 0.188          ; Low Pulse Width  ; altera_reserved_tck ; Rise       ; sld_hub:auto_hub|sld_jtag_hub:\jtag_hub_gen:sld_jtag_hub_inst|shadow_irf_reg[2][4]                                                     ;
; 49.567 ; 49.755       ; 0.188          ; Low Pulse Width  ; altera_reserved_tck ; Rise       ; sld_hub:auto_hub|sld_jtag_hub:\jtag_hub_gen:sld_jtag_hub_inst|sld_shadow_jsm:shadow_jsm|tms_cnt[0]                                     ;
+--------+--------------+----------------+------------------+---------------------+------------+----------------------------------------------------------------------------------------------------------------------------------------+


+----------------------------------------------------------------------------------------------+
; Setup Times                                                                                  ;
+---------------------+---------------------+-------+-------+------------+---------------------+
; Data Port           ; Clock Port          ; Rise  ; Fall  ; Clock Edge ; Clock Reference     ;
+---------------------+---------------------+-------+-------+------------+---------------------+
; altera_reserved_tdi ; altera_reserved_tck ; 3.190 ; 3.646 ; Rise       ; altera_reserved_tck ;
; altera_reserved_tms ; altera_reserved_tck ; 8.162 ; 8.309 ; Rise       ; altera_reserved_tck ;
+---------------------+---------------------+-------+-------+------------+---------------------+


+------------------------------------------------------------------------------------------------+
; Hold Times                                                                                     ;
+---------------------+---------------------+--------+--------+------------+---------------------+
; Data Port           ; Clock Port          ; Rise   ; Fall   ; Clock Edge ; Clock Reference     ;
+---------------------+---------------------+--------+--------+------------+---------------------+
; altera_reserved_tdi ; altera_reserved_tck ; 0.545  ; 0.326  ; Rise       ; altera_reserved_tck ;
; altera_reserved_tms ; altera_reserved_tck ; -1.139 ; -1.238 ; Rise       ; altera_reserved_tck ;
+---------------------+---------------------+--------+--------+------------+---------------------+


+------------------------------------------------------------------------------------------------+
; Clock to Output Times                                                                          ;
+---------------------+---------------------+--------+--------+------------+---------------------+
; Data Port           ; Clock Port          ; Rise   ; Fall   ; Clock Edge ; Clock Reference     ;
+---------------------+---------------------+--------+--------+------------+---------------------+
; altera_reserved_tdo ; altera_reserved_tck ; 13.670 ; 14.197 ; Fall       ; altera_reserved_tck ;
+---------------------+---------------------+--------+--------+------------+---------------------+


+------------------------------------------------------------------------------------------------+
; Minimum Clock to Output Times                                                                  ;
+---------------------+---------------------+--------+--------+------------+---------------------+
; Data Port           ; Clock Port          ; Rise   ; Fall   ; Clock Edge ; Clock Reference     ;
+---------------------+---------------------+--------+--------+------------+---------------------+
; altera_reserved_tdo ; altera_reserved_tck ; 11.292 ; 11.827 ; Fall       ; altera_reserved_tck ;
+---------------------+---------------------+--------+--------+------------+---------------------+


----------------------------------------------
; Slow 1200mV 85C Model Metastability Report ;
----------------------------------------------
No synchronizer chains to report.


+-----------------------------------------------------------+
; Slow 1200mV 0C Model Fmax Summary                         ;
+------------+-----------------+---------------------+------+
; Fmax       ; Restricted Fmax ; Clock Name          ; Note ;
+------------+-----------------+---------------------+------+
; 108.04 MHz ; 108.04 MHz      ; altera_reserved_tck ;      ;
+------------+-----------------+---------------------+------+
This panel reports FMAX for every clock in the design, regardless of the user-specified clock periods.  FMAX is only computed for paths where the source and destination registers or ports are driven by the same clock.  Paths of different clocks, including generated clocks, are ignored.  For paths between a clock and its inversion, FMAX is computed as if the rising and falling edges are scaled along with FMAX, such that the duty cycle (in terms of a percentage) is maintained. Altera recommends that you always use clock constraints and other slack reports for sign-off analysis.


+----------------------------------------------+
; Slow 1200mV 0C Model Setup Summary           ;
+---------------------+--------+---------------+
; Clock               ; Slack  ; End Point TNS ;
+---------------------+--------+---------------+
; altera_reserved_tck ; 45.372 ; 0.000         ;
+---------------------+--------+---------------+


+---------------------------------------------+
; Slow 1200mV 0C Model Hold Summary           ;
+---------------------+-------+---------------+
; Clock               ; Slack ; End Point TNS ;
+---------------------+-------+---------------+
; altera_reserved_tck ; 0.401 ; 0.000         ;
+---------------------+-------+---------------+


+----------------------------------------------+
; Slow 1200mV 0C Model Recovery Summary        ;
+---------------------+--------+---------------+
; Clock               ; Slack  ; End Point TNS ;
+---------------------+--------+---------------+
; altera_reserved_tck ; 47.413 ; 0.000         ;
+---------------------+--------+---------------+


+---------------------------------------------+
; Slow 1200mV 0C Model Removal Summary        ;
+---------------------+-------+---------------+
; Clock               ; Slack ; End Point TNS ;
+---------------------+-------+---------------+
; altera_reserved_tck ; 1.238 ; 0.000         ;
+---------------------+-------+---------------+


+--------------------------------------------------+
; Slow 1200mV 0C Model Minimum Pulse Width Summary ;
+---------------------+--------+-------------------+
; Clock               ; Slack  ; End Point TNS     ;
+---------------------+--------+-------------------+
; altera_reserved_tck ; 49.292 ; 0.000             ;
+---------------------+--------+-------------------+


+--------------------------------------------------------------------------------------------------------------------------------------------------------------------------------------------------------------------------------------------------------------------------------------------------------------------------------------------------------------------------------------------+
; Slow 1200mV 0C Model Setup: 'altera_reserved_tck'                                                                                                                                                                                                                                                                                                                                          ;
+--------+-------------------------------------------------------------------------------------------------------------------------------------------------------------------+--------------------------------------------------------------------------------------------------------------------------+---------------------+---------------------+--------------+------------+------------+
; Slack  ; From Node                                                                                                                                                         ; To Node                                                                                                                  ; Launch Clock        ; Latch Clock         ; Relationship ; Clock Skew ; Data Delay ;
+--------+-------------------------------------------------------------------------------------------------------------------------------------------------------------------+--------------------------------------------------------------------------------------------------------------------------+---------------------+---------------------+--------------+------------+------------+
; 45.372 ; sld_hub:auto_hub|sld_jtag_hub:\jtag_hub_gen:sld_jtag_hub_inst|irf_reg[2][1]                                                                                       ; sld_hub:auto_hub|sld_jtag_hub:\jtag_hub_gen:sld_jtag_hub_inst|tdo                                                        ; altera_reserved_tck ; altera_reserved_tck ; 50.000       ; 0.327      ; 4.977      ;
; 45.537 ; rom1:inst2|altsyncram:altsyncram_component|altsyncram_qlb1:auto_generated|sld_mod_ram_rom:mgl_prim2|ram_rom_data_reg[0]                                           ; sld_hub:auto_hub|sld_jtag_hub:\jtag_hub_gen:sld_jtag_hub_inst|tdo                                                        ; altera_reserved_tck ; altera_reserved_tck ; 50.000       ; 0.334      ; 4.819      ;
; 45.690 ; sld_hub:auto_hub|sld_jtag_hub:\jtag_hub_gen:sld_jtag_hub_inst|irf_reg[1][2]                                                                                       ; sld_hub:auto_hub|sld_jtag_hub:\jtag_hub_gen:sld_jtag_hub_inst|tdo                                                        ; altera_reserved_tck ; altera_reserved_tck ; 50.000       ; 0.335      ; 4.667      ;
; 45.708 ; ram:inst15|altsyncram:altsyncram_component|altsyncram_oqj1:auto_generated|sld_mod_ram_rom:mgl_prim2|sld_rom_sr:\ram_rom_logic_gen:name_gen:info_rom_sr|WORD_SR[0] ; sld_hub:auto_hub|sld_jtag_hub:\jtag_hub_gen:sld_jtag_hub_inst|tdo                                                        ; altera_reserved_tck ; altera_reserved_tck ; 50.000       ; 0.340      ; 4.654      ;
; 45.834 ; sld_hub:auto_hub|sld_jtag_hub:\jtag_hub_gen:sld_jtag_hub_inst|irf_reg[2][2]                                                                                       ; sld_hub:auto_hub|sld_jtag_hub:\jtag_hub_gen:sld_jtag_hub_inst|tdo                                                        ; altera_reserved_tck ; altera_reserved_tck ; 50.000       ; 0.327      ; 4.515      ;
; 45.986 ; ram:inst15|altsyncram:altsyncram_component|altsyncram_oqj1:auto_generated|sld_mod_ram_rom:mgl_prim2|ram_rom_data_reg[0]                                           ; sld_hub:auto_hub|sld_jtag_hub:\jtag_hub_gen:sld_jtag_hub_inst|tdo                                                        ; altera_reserved_tck ; altera_reserved_tck ; 50.000       ; 0.314      ; 4.350      ;
; 46.038 ; sld_hub:auto_hub|sld_jtag_hub:\jtag_hub_gen:sld_jtag_hub_inst|irf_reg[1][1]                                                                                       ; sld_hub:auto_hub|sld_jtag_hub:\jtag_hub_gen:sld_jtag_hub_inst|tdo                                                        ; altera_reserved_tck ; altera_reserved_tck ; 50.000       ; 0.335      ; 4.319      ;
; 46.203 ; sld_hub:auto_hub|sld_jtag_hub:\jtag_hub_gen:sld_jtag_hub_inst|irsr_reg[6]                                                                                         ; sld_hub:auto_hub|sld_jtag_hub:\jtag_hub_gen:sld_jtag_hub_inst|tdo                                                        ; altera_reserved_tck ; altera_reserved_tck ; 50.000       ; 0.335      ; 4.154      ;
; 46.428 ; rom1:inst2|altsyncram:altsyncram_component|altsyncram_qlb1:auto_generated|sld_mod_ram_rom:mgl_prim2|bypass_reg_out                                                ; sld_hub:auto_hub|sld_jtag_hub:\jtag_hub_gen:sld_jtag_hub_inst|tdo                                                        ; altera_reserved_tck ; altera_reserved_tck ; 50.000       ; 0.339      ; 3.933      ;
; 46.520 ; sld_hub:auto_hub|sld_jtag_hub:\jtag_hub_gen:sld_jtag_hub_inst|sld_shadow_jsm:shadow_jsm|state[3]                                                                  ; sld_hub:auto_hub|sld_jtag_hub:\jtag_hub_gen:sld_jtag_hub_inst|tdo                                                        ; altera_reserved_tck ; altera_reserved_tck ; 50.000       ; 0.341      ; 3.843      ;
; 46.800 ; ram:inst15|altsyncram:altsyncram_component|altsyncram_oqj1:auto_generated|sld_mod_ram_rom:mgl_prim2|bypass_reg_out                                                ; sld_hub:auto_hub|sld_jtag_hub:\jtag_hub_gen:sld_jtag_hub_inst|tdo                                                        ; altera_reserved_tck ; altera_reserved_tck ; 50.000       ; 0.332      ; 3.554      ;
; 46.837 ; sld_hub:auto_hub|sld_jtag_hub:\jtag_hub_gen:sld_jtag_hub_inst|irsr_reg[5]                                                                                         ; sld_hub:auto_hub|sld_jtag_hub:\jtag_hub_gen:sld_jtag_hub_inst|tdo                                                        ; altera_reserved_tck ; altera_reserved_tck ; 50.000       ; 0.331      ; 3.516      ;
; 46.847 ; sld_hub:auto_hub|sld_jtag_hub:\jtag_hub_gen:sld_jtag_hub_inst|irf_reg[1][0]                                                                                       ; sld_hub:auto_hub|sld_jtag_hub:\jtag_hub_gen:sld_jtag_hub_inst|tdo                                                        ; altera_reserved_tck ; altera_reserved_tck ; 50.000       ; 0.335      ; 3.510      ;
; 46.877 ; sld_hub:auto_hub|sld_jtag_hub:\jtag_hub_gen:sld_jtag_hub_inst|irf_reg[2][0]                                                                                       ; sld_hub:auto_hub|sld_jtag_hub:\jtag_hub_gen:sld_jtag_hub_inst|tdo                                                        ; altera_reserved_tck ; altera_reserved_tck ; 50.000       ; 0.327      ; 3.472      ;
; 46.998 ; sld_hub:auto_hub|sld_jtag_hub:\jtag_hub_gen:sld_jtag_hub_inst|sld_shadow_jsm:shadow_jsm|state[4]                                                                  ; sld_hub:auto_hub|sld_jtag_hub:\jtag_hub_gen:sld_jtag_hub_inst|tdo                                                        ; altera_reserved_tck ; altera_reserved_tck ; 50.000       ; 0.339      ; 3.363      ;
; 47.148 ; sld_hub:auto_hub|sld_jtag_hub:\jtag_hub_gen:sld_jtag_hub_inst|virtual_ir_scan_reg                                                                                 ; sld_hub:auto_hub|sld_jtag_hub:\jtag_hub_gen:sld_jtag_hub_inst|tdo                                                        ; altera_reserved_tck ; altera_reserved_tck ; 50.000       ; 0.344      ; 3.218      ;
; 47.195 ; rom1:inst2|altsyncram:altsyncram_component|altsyncram_qlb1:auto_generated|sld_mod_ram_rom:mgl_prim2|sld_rom_sr:\ram_rom_logic_gen:name_gen:info_rom_sr|WORD_SR[0] ; sld_hub:auto_hub|sld_jtag_hub:\jtag_hub_gen:sld_jtag_hub_inst|tdo                                                        ; altera_reserved_tck ; altera_reserved_tck ; 50.000       ; 0.338      ; 3.165      ;
; 47.537 ; sld_hub:auto_hub|sld_jtag_hub:\jtag_hub_gen:sld_jtag_hub_inst|irsr_reg[2]                                                                                         ; sld_hub:auto_hub|sld_jtag_hub:\jtag_hub_gen:sld_jtag_hub_inst|tdo                                                        ; altera_reserved_tck ; altera_reserved_tck ; 50.000       ; 0.335      ; 2.820      ;
; 47.595 ; sld_hub:auto_hub|sld_jtag_hub:\jtag_hub_gen:sld_jtag_hub_inst|hub_minor_ver_reg[0]                                                                                ; sld_hub:auto_hub|sld_jtag_hub:\jtag_hub_gen:sld_jtag_hub_inst|tdo                                                        ; altera_reserved_tck ; altera_reserved_tck ; 50.000       ; 0.318      ; 2.745      ;
; 47.618 ; sld_hub:auto_hub|sld_jtag_hub:\jtag_hub_gen:sld_jtag_hub_inst|tdo_bypass_reg                                                                                      ; sld_hub:auto_hub|sld_jtag_hub:\jtag_hub_gen:sld_jtag_hub_inst|tdo                                                        ; altera_reserved_tck ; altera_reserved_tck ; 50.000       ; 0.329      ; 2.733      ;
; 47.629 ; sld_hub:auto_hub|sld_jtag_hub:\jtag_hub_gen:sld_jtag_hub_inst|irsr_reg[1]                                                                                         ; sld_hub:auto_hub|sld_jtag_hub:\jtag_hub_gen:sld_jtag_hub_inst|tdo                                                        ; altera_reserved_tck ; altera_reserved_tck ; 50.000       ; 0.335      ; 2.728      ;
; 47.710 ; sld_hub:auto_hub|sld_jtag_hub:\jtag_hub_gen:sld_jtag_hub_inst|irsr_reg[0]                                                                                         ; sld_hub:auto_hub|sld_jtag_hub:\jtag_hub_gen:sld_jtag_hub_inst|tdo                                                        ; altera_reserved_tck ; altera_reserved_tck ; 50.000       ; 0.335      ; 2.647      ;
; 47.828 ; sld_hub:auto_hub|sld_jtag_hub:\jtag_hub_gen:sld_jtag_hub_inst|sld_rom_sr:hub_info_reg|WORD_SR[0]                                                                  ; sld_hub:auto_hub|sld_jtag_hub:\jtag_hub_gen:sld_jtag_hub_inst|tdo                                                        ; altera_reserved_tck ; altera_reserved_tck ; 50.000       ; 0.332      ; 2.526      ;
; 47.855 ; sld_hub:auto_hub|sld_jtag_hub:\jtag_hub_gen:sld_jtag_hub_inst|design_hash_reg[0]                                                                                  ; sld_hub:auto_hub|sld_jtag_hub:\jtag_hub_gen:sld_jtag_hub_inst|tdo                                                        ; altera_reserved_tck ; altera_reserved_tck ; 50.000       ; 0.328      ; 2.495      ;
; 94.175 ; sld_hub:auto_hub|sld_jtag_hub:\jtag_hub_gen:sld_jtag_hub_inst|irsr_reg[6]                                                                                         ; sld_hub:auto_hub|sld_jtag_hub:\jtag_hub_gen:sld_jtag_hub_inst|irf_reg[2][1]                                              ; altera_reserved_tck ; altera_reserved_tck ; 100.000      ; -0.064     ; 5.783      ;
; 94.175 ; sld_hub:auto_hub|sld_jtag_hub:\jtag_hub_gen:sld_jtag_hub_inst|irsr_reg[6]                                                                                         ; sld_hub:auto_hub|sld_jtag_hub:\jtag_hub_gen:sld_jtag_hub_inst|irf_reg[2][2]                                              ; altera_reserved_tck ; altera_reserved_tck ; 100.000      ; -0.064     ; 5.783      ;
; 94.175 ; sld_hub:auto_hub|sld_jtag_hub:\jtag_hub_gen:sld_jtag_hub_inst|irsr_reg[6]                                                                                         ; sld_hub:auto_hub|sld_jtag_hub:\jtag_hub_gen:sld_jtag_hub_inst|irf_reg[2][0]                                              ; altera_reserved_tck ; altera_reserved_tck ; 100.000      ; -0.064     ; 5.783      ;
; 94.175 ; sld_hub:auto_hub|sld_jtag_hub:\jtag_hub_gen:sld_jtag_hub_inst|irsr_reg[6]                                                                                         ; sld_hub:auto_hub|sld_jtag_hub:\jtag_hub_gen:sld_jtag_hub_inst|irf_reg[2][4]                                              ; altera_reserved_tck ; altera_reserved_tck ; 100.000      ; -0.064     ; 5.783      ;
; 94.175 ; sld_hub:auto_hub|sld_jtag_hub:\jtag_hub_gen:sld_jtag_hub_inst|irsr_reg[6]                                                                                         ; sld_hub:auto_hub|sld_jtag_hub:\jtag_hub_gen:sld_jtag_hub_inst|irf_reg[2][3]                                              ; altera_reserved_tck ; altera_reserved_tck ; 100.000      ; -0.064     ; 5.783      ;
; 94.220 ; sld_hub:auto_hub|sld_jtag_hub:\jtag_hub_gen:sld_jtag_hub_inst|node_ena[2]~reg0                                                                                    ; rom1:inst2|altsyncram:altsyncram_component|altsyncram_qlb1:auto_generated|sld_mod_ram_rom:mgl_prim2|ram_rom_data_reg[15] ; altera_reserved_tck ; altera_reserved_tck ; 100.000      ; -0.074     ; 5.728      ;
; 94.220 ; sld_hub:auto_hub|sld_jtag_hub:\jtag_hub_gen:sld_jtag_hub_inst|node_ena[2]~reg0                                                                                    ; rom1:inst2|altsyncram:altsyncram_component|altsyncram_qlb1:auto_generated|sld_mod_ram_rom:mgl_prim2|ram_rom_data_reg[14] ; altera_reserved_tck ; altera_reserved_tck ; 100.000      ; -0.074     ; 5.728      ;
; 94.220 ; sld_hub:auto_hub|sld_jtag_hub:\jtag_hub_gen:sld_jtag_hub_inst|node_ena[2]~reg0                                                                                    ; rom1:inst2|altsyncram:altsyncram_component|altsyncram_qlb1:auto_generated|sld_mod_ram_rom:mgl_prim2|ram_rom_data_reg[13] ; altera_reserved_tck ; altera_reserved_tck ; 100.000      ; -0.074     ; 5.728      ;
; 94.220 ; sld_hub:auto_hub|sld_jtag_hub:\jtag_hub_gen:sld_jtag_hub_inst|node_ena[2]~reg0                                                                                    ; rom1:inst2|altsyncram:altsyncram_component|altsyncram_qlb1:auto_generated|sld_mod_ram_rom:mgl_prim2|ram_rom_data_reg[12] ; altera_reserved_tck ; altera_reserved_tck ; 100.000      ; -0.074     ; 5.728      ;
; 94.220 ; sld_hub:auto_hub|sld_jtag_hub:\jtag_hub_gen:sld_jtag_hub_inst|node_ena[2]~reg0                                                                                    ; rom1:inst2|altsyncram:altsyncram_component|altsyncram_qlb1:auto_generated|sld_mod_ram_rom:mgl_prim2|ram_rom_data_reg[11] ; altera_reserved_tck ; altera_reserved_tck ; 100.000      ; -0.074     ; 5.728      ;
; 94.220 ; sld_hub:auto_hub|sld_jtag_hub:\jtag_hub_gen:sld_jtag_hub_inst|node_ena[2]~reg0                                                                                    ; rom1:inst2|altsyncram:altsyncram_component|altsyncram_qlb1:auto_generated|sld_mod_ram_rom:mgl_prim2|ram_rom_data_reg[10] ; altera_reserved_tck ; altera_reserved_tck ; 100.000      ; -0.074     ; 5.728      ;
; 94.220 ; sld_hub:auto_hub|sld_jtag_hub:\jtag_hub_gen:sld_jtag_hub_inst|node_ena[2]~reg0                                                                                    ; rom1:inst2|altsyncram:altsyncram_component|altsyncram_qlb1:auto_generated|sld_mod_ram_rom:mgl_prim2|ram_rom_data_reg[9]  ; altera_reserved_tck ; altera_reserved_tck ; 100.000      ; -0.074     ; 5.728      ;
; 94.220 ; sld_hub:auto_hub|sld_jtag_hub:\jtag_hub_gen:sld_jtag_hub_inst|node_ena[2]~reg0                                                                                    ; rom1:inst2|altsyncram:altsyncram_component|altsyncram_qlb1:auto_generated|sld_mod_ram_rom:mgl_prim2|ram_rom_data_reg[8]  ; altera_reserved_tck ; altera_reserved_tck ; 100.000      ; -0.074     ; 5.728      ;
; 94.220 ; sld_hub:auto_hub|sld_jtag_hub:\jtag_hub_gen:sld_jtag_hub_inst|node_ena[2]~reg0                                                                                    ; rom1:inst2|altsyncram:altsyncram_component|altsyncram_qlb1:auto_generated|sld_mod_ram_rom:mgl_prim2|ram_rom_data_reg[7]  ; altera_reserved_tck ; altera_reserved_tck ; 100.000      ; -0.074     ; 5.728      ;
; 94.220 ; sld_hub:auto_hub|sld_jtag_hub:\jtag_hub_gen:sld_jtag_hub_inst|node_ena[2]~reg0                                                                                    ; rom1:inst2|altsyncram:altsyncram_component|altsyncram_qlb1:auto_generated|sld_mod_ram_rom:mgl_prim2|ram_rom_data_reg[6]  ; altera_reserved_tck ; altera_reserved_tck ; 100.000      ; -0.074     ; 5.728      ;
; 94.220 ; sld_hub:auto_hub|sld_jtag_hub:\jtag_hub_gen:sld_jtag_hub_inst|node_ena[2]~reg0                                                                                    ; rom1:inst2|altsyncram:altsyncram_component|altsyncram_qlb1:auto_generated|sld_mod_ram_rom:mgl_prim2|ram_rom_data_reg[5]  ; altera_reserved_tck ; altera_reserved_tck ; 100.000      ; -0.074     ; 5.728      ;
; 94.220 ; sld_hub:auto_hub|sld_jtag_hub:\jtag_hub_gen:sld_jtag_hub_inst|node_ena[2]~reg0                                                                                    ; rom1:inst2|altsyncram:altsyncram_component|altsyncram_qlb1:auto_generated|sld_mod_ram_rom:mgl_prim2|ram_rom_data_reg[4]  ; altera_reserved_tck ; altera_reserved_tck ; 100.000      ; -0.074     ; 5.728      ;
; 94.220 ; sld_hub:auto_hub|sld_jtag_hub:\jtag_hub_gen:sld_jtag_hub_inst|node_ena[2]~reg0                                                                                    ; rom1:inst2|altsyncram:altsyncram_component|altsyncram_qlb1:auto_generated|sld_mod_ram_rom:mgl_prim2|ram_rom_data_reg[3]  ; altera_reserved_tck ; altera_reserved_tck ; 100.000      ; -0.074     ; 5.728      ;
; 94.220 ; sld_hub:auto_hub|sld_jtag_hub:\jtag_hub_gen:sld_jtag_hub_inst|node_ena[2]~reg0                                                                                    ; rom1:inst2|altsyncram:altsyncram_component|altsyncram_qlb1:auto_generated|sld_mod_ram_rom:mgl_prim2|ram_rom_data_reg[2]  ; altera_reserved_tck ; altera_reserved_tck ; 100.000      ; -0.074     ; 5.728      ;
; 94.220 ; sld_hub:auto_hub|sld_jtag_hub:\jtag_hub_gen:sld_jtag_hub_inst|node_ena[2]~reg0                                                                                    ; rom1:inst2|altsyncram:altsyncram_component|altsyncram_qlb1:auto_generated|sld_mod_ram_rom:mgl_prim2|ram_rom_data_reg[1]  ; altera_reserved_tck ; altera_reserved_tck ; 100.000      ; -0.074     ; 5.728      ;
; 94.220 ; sld_hub:auto_hub|sld_jtag_hub:\jtag_hub_gen:sld_jtag_hub_inst|node_ena[2]~reg0                                                                                    ; rom1:inst2|altsyncram:altsyncram_component|altsyncram_qlb1:auto_generated|sld_mod_ram_rom:mgl_prim2|ram_rom_data_reg[0]  ; altera_reserved_tck ; altera_reserved_tck ; 100.000      ; -0.074     ; 5.728      ;
; 94.334 ; sld_hub:auto_hub|sld_jtag_hub:\jtag_hub_gen:sld_jtag_hub_inst|irsr_reg[6]                                                                                         ; sld_hub:auto_hub|sld_jtag_hub:\jtag_hub_gen:sld_jtag_hub_inst|irf_reg[1][2]                                              ; altera_reserved_tck ; altera_reserved_tck ; 100.000      ; -0.082     ; 5.606      ;
; 94.334 ; sld_hub:auto_hub|sld_jtag_hub:\jtag_hub_gen:sld_jtag_hub_inst|irsr_reg[6]                                                                                         ; sld_hub:auto_hub|sld_jtag_hub:\jtag_hub_gen:sld_jtag_hub_inst|irf_reg[1][1]                                              ; altera_reserved_tck ; altera_reserved_tck ; 100.000      ; -0.082     ; 5.606      ;
; 94.334 ; sld_hub:auto_hub|sld_jtag_hub:\jtag_hub_gen:sld_jtag_hub_inst|irsr_reg[6]                                                                                         ; sld_hub:auto_hub|sld_jtag_hub:\jtag_hub_gen:sld_jtag_hub_inst|irf_reg[1][0]                                              ; altera_reserved_tck ; altera_reserved_tck ; 100.000      ; -0.082     ; 5.606      ;
; 94.334 ; sld_hub:auto_hub|sld_jtag_hub:\jtag_hub_gen:sld_jtag_hub_inst|irsr_reg[6]                                                                                         ; sld_hub:auto_hub|sld_jtag_hub:\jtag_hub_gen:sld_jtag_hub_inst|irf_reg[1][4]                                              ; altera_reserved_tck ; altera_reserved_tck ; 100.000      ; -0.082     ; 5.606      ;
; 94.334 ; sld_hub:auto_hub|sld_jtag_hub:\jtag_hub_gen:sld_jtag_hub_inst|irsr_reg[6]                                                                                         ; sld_hub:auto_hub|sld_jtag_hub:\jtag_hub_gen:sld_jtag_hub_inst|irf_reg[1][3]                                              ; altera_reserved_tck ; altera_reserved_tck ; 100.000      ; -0.082     ; 5.606      ;
; 94.458 ; sld_hub:auto_hub|sld_jtag_hub:\jtag_hub_gen:sld_jtag_hub_inst|irf_reg[2][1]                                                                                       ; rom1:inst2|altsyncram:altsyncram_component|altsyncram_qlb1:auto_generated|sld_mod_ram_rom:mgl_prim2|ram_rom_data_reg[15] ; altera_reserved_tck ; altera_reserved_tck ; 100.000      ; -0.079     ; 5.485      ;
; 94.458 ; sld_hub:auto_hub|sld_jtag_hub:\jtag_hub_gen:sld_jtag_hub_inst|irf_reg[2][1]                                                                                       ; rom1:inst2|altsyncram:altsyncram_component|altsyncram_qlb1:auto_generated|sld_mod_ram_rom:mgl_prim2|ram_rom_data_reg[14] ; altera_reserved_tck ; altera_reserved_tck ; 100.000      ; -0.079     ; 5.485      ;
; 94.458 ; sld_hub:auto_hub|sld_jtag_hub:\jtag_hub_gen:sld_jtag_hub_inst|irf_reg[2][1]                                                                                       ; rom1:inst2|altsyncram:altsyncram_component|altsyncram_qlb1:auto_generated|sld_mod_ram_rom:mgl_prim2|ram_rom_data_reg[13] ; altera_reserved_tck ; altera_reserved_tck ; 100.000      ; -0.079     ; 5.485      ;
; 94.458 ; sld_hub:auto_hub|sld_jtag_hub:\jtag_hub_gen:sld_jtag_hub_inst|irf_reg[2][1]                                                                                       ; rom1:inst2|altsyncram:altsyncram_component|altsyncram_qlb1:auto_generated|sld_mod_ram_rom:mgl_prim2|ram_rom_data_reg[12] ; altera_reserved_tck ; altera_reserved_tck ; 100.000      ; -0.079     ; 5.485      ;
; 94.458 ; sld_hub:auto_hub|sld_jtag_hub:\jtag_hub_gen:sld_jtag_hub_inst|irf_reg[2][1]                                                                                       ; rom1:inst2|altsyncram:altsyncram_component|altsyncram_qlb1:auto_generated|sld_mod_ram_rom:mgl_prim2|ram_rom_data_reg[11] ; altera_reserved_tck ; altera_reserved_tck ; 100.000      ; -0.079     ; 5.485      ;
; 94.458 ; sld_hub:auto_hub|sld_jtag_hub:\jtag_hub_gen:sld_jtag_hub_inst|irf_reg[2][1]                                                                                       ; rom1:inst2|altsyncram:altsyncram_component|altsyncram_qlb1:auto_generated|sld_mod_ram_rom:mgl_prim2|ram_rom_data_reg[10] ; altera_reserved_tck ; altera_reserved_tck ; 100.000      ; -0.079     ; 5.485      ;
; 94.458 ; sld_hub:auto_hub|sld_jtag_hub:\jtag_hub_gen:sld_jtag_hub_inst|irf_reg[2][1]                                                                                       ; rom1:inst2|altsyncram:altsyncram_component|altsyncram_qlb1:auto_generated|sld_mod_ram_rom:mgl_prim2|ram_rom_data_reg[9]  ; altera_reserved_tck ; altera_reserved_tck ; 100.000      ; -0.079     ; 5.485      ;
; 94.458 ; sld_hub:auto_hub|sld_jtag_hub:\jtag_hub_gen:sld_jtag_hub_inst|irf_reg[2][1]                                                                                       ; rom1:inst2|altsyncram:altsyncram_component|altsyncram_qlb1:auto_generated|sld_mod_ram_rom:mgl_prim2|ram_rom_data_reg[8]  ; altera_reserved_tck ; altera_reserved_tck ; 100.000      ; -0.079     ; 5.485      ;
; 94.458 ; sld_hub:auto_hub|sld_jtag_hub:\jtag_hub_gen:sld_jtag_hub_inst|irf_reg[2][1]                                                                                       ; rom1:inst2|altsyncram:altsyncram_component|altsyncram_qlb1:auto_generated|sld_mod_ram_rom:mgl_prim2|ram_rom_data_reg[7]  ; altera_reserved_tck ; altera_reserved_tck ; 100.000      ; -0.079     ; 5.485      ;
; 94.458 ; sld_hub:auto_hub|sld_jtag_hub:\jtag_hub_gen:sld_jtag_hub_inst|irf_reg[2][1]                                                                                       ; rom1:inst2|altsyncram:altsyncram_component|altsyncram_qlb1:auto_generated|sld_mod_ram_rom:mgl_prim2|ram_rom_data_reg[6]  ; altera_reserved_tck ; altera_reserved_tck ; 100.000      ; -0.079     ; 5.485      ;
; 94.458 ; sld_hub:auto_hub|sld_jtag_hub:\jtag_hub_gen:sld_jtag_hub_inst|irf_reg[2][1]                                                                                       ; rom1:inst2|altsyncram:altsyncram_component|altsyncram_qlb1:auto_generated|sld_mod_ram_rom:mgl_prim2|ram_rom_data_reg[5]  ; altera_reserved_tck ; altera_reserved_tck ; 100.000      ; -0.079     ; 5.485      ;
; 94.458 ; sld_hub:auto_hub|sld_jtag_hub:\jtag_hub_gen:sld_jtag_hub_inst|irf_reg[2][1]                                                                                       ; rom1:inst2|altsyncram:altsyncram_component|altsyncram_qlb1:auto_generated|sld_mod_ram_rom:mgl_prim2|ram_rom_data_reg[4]  ; altera_reserved_tck ; altera_reserved_tck ; 100.000      ; -0.079     ; 5.485      ;
; 94.458 ; sld_hub:auto_hub|sld_jtag_hub:\jtag_hub_gen:sld_jtag_hub_inst|irf_reg[2][1]                                                                                       ; rom1:inst2|altsyncram:altsyncram_component|altsyncram_qlb1:auto_generated|sld_mod_ram_rom:mgl_prim2|ram_rom_data_reg[3]  ; altera_reserved_tck ; altera_reserved_tck ; 100.000      ; -0.079     ; 5.485      ;
; 94.458 ; sld_hub:auto_hub|sld_jtag_hub:\jtag_hub_gen:sld_jtag_hub_inst|irf_reg[2][1]                                                                                       ; rom1:inst2|altsyncram:altsyncram_component|altsyncram_qlb1:auto_generated|sld_mod_ram_rom:mgl_prim2|ram_rom_data_reg[2]  ; altera_reserved_tck ; altera_reserved_tck ; 100.000      ; -0.079     ; 5.485      ;
; 94.458 ; sld_hub:auto_hub|sld_jtag_hub:\jtag_hub_gen:sld_jtag_hub_inst|irf_reg[2][1]                                                                                       ; rom1:inst2|altsyncram:altsyncram_component|altsyncram_qlb1:auto_generated|sld_mod_ram_rom:mgl_prim2|ram_rom_data_reg[1]  ; altera_reserved_tck ; altera_reserved_tck ; 100.000      ; -0.079     ; 5.485      ;
; 94.458 ; sld_hub:auto_hub|sld_jtag_hub:\jtag_hub_gen:sld_jtag_hub_inst|irf_reg[2][1]                                                                                       ; rom1:inst2|altsyncram:altsyncram_component|altsyncram_qlb1:auto_generated|sld_mod_ram_rom:mgl_prim2|ram_rom_data_reg[0]  ; altera_reserved_tck ; altera_reserved_tck ; 100.000      ; -0.079     ; 5.485      ;
; 94.583 ; sld_hub:auto_hub|sld_jtag_hub:\jtag_hub_gen:sld_jtag_hub_inst|virtual_ir_scan_reg                                                                                 ; rom1:inst2|altsyncram:altsyncram_component|altsyncram_qlb1:auto_generated|sld_mod_ram_rom:mgl_prim2|ram_rom_data_reg[15] ; altera_reserved_tck ; altera_reserved_tck ; 100.000      ; -0.062     ; 5.377      ;
; 94.583 ; sld_hub:auto_hub|sld_jtag_hub:\jtag_hub_gen:sld_jtag_hub_inst|virtual_ir_scan_reg                                                                                 ; rom1:inst2|altsyncram:altsyncram_component|altsyncram_qlb1:auto_generated|sld_mod_ram_rom:mgl_prim2|ram_rom_data_reg[14] ; altera_reserved_tck ; altera_reserved_tck ; 100.000      ; -0.062     ; 5.377      ;
; 94.583 ; sld_hub:auto_hub|sld_jtag_hub:\jtag_hub_gen:sld_jtag_hub_inst|virtual_ir_scan_reg                                                                                 ; rom1:inst2|altsyncram:altsyncram_component|altsyncram_qlb1:auto_generated|sld_mod_ram_rom:mgl_prim2|ram_rom_data_reg[13] ; altera_reserved_tck ; altera_reserved_tck ; 100.000      ; -0.062     ; 5.377      ;
; 94.583 ; sld_hub:auto_hub|sld_jtag_hub:\jtag_hub_gen:sld_jtag_hub_inst|virtual_ir_scan_reg                                                                                 ; rom1:inst2|altsyncram:altsyncram_component|altsyncram_qlb1:auto_generated|sld_mod_ram_rom:mgl_prim2|ram_rom_data_reg[12] ; altera_reserved_tck ; altera_reserved_tck ; 100.000      ; -0.062     ; 5.377      ;
; 94.583 ; sld_hub:auto_hub|sld_jtag_hub:\jtag_hub_gen:sld_jtag_hub_inst|virtual_ir_scan_reg                                                                                 ; rom1:inst2|altsyncram:altsyncram_component|altsyncram_qlb1:auto_generated|sld_mod_ram_rom:mgl_prim2|ram_rom_data_reg[11] ; altera_reserved_tck ; altera_reserved_tck ; 100.000      ; -0.062     ; 5.377      ;
; 94.583 ; sld_hub:auto_hub|sld_jtag_hub:\jtag_hub_gen:sld_jtag_hub_inst|virtual_ir_scan_reg                                                                                 ; rom1:inst2|altsyncram:altsyncram_component|altsyncram_qlb1:auto_generated|sld_mod_ram_rom:mgl_prim2|ram_rom_data_reg[10] ; altera_reserved_tck ; altera_reserved_tck ; 100.000      ; -0.062     ; 5.377      ;
; 94.583 ; sld_hub:auto_hub|sld_jtag_hub:\jtag_hub_gen:sld_jtag_hub_inst|virtual_ir_scan_reg                                                                                 ; rom1:inst2|altsyncram:altsyncram_component|altsyncram_qlb1:auto_generated|sld_mod_ram_rom:mgl_prim2|ram_rom_data_reg[9]  ; altera_reserved_tck ; altera_reserved_tck ; 100.000      ; -0.062     ; 5.377      ;
; 94.583 ; sld_hub:auto_hub|sld_jtag_hub:\jtag_hub_gen:sld_jtag_hub_inst|virtual_ir_scan_reg                                                                                 ; rom1:inst2|altsyncram:altsyncram_component|altsyncram_qlb1:auto_generated|sld_mod_ram_rom:mgl_prim2|ram_rom_data_reg[8]  ; altera_reserved_tck ; altera_reserved_tck ; 100.000      ; -0.062     ; 5.377      ;
; 94.583 ; sld_hub:auto_hub|sld_jtag_hub:\jtag_hub_gen:sld_jtag_hub_inst|virtual_ir_scan_reg                                                                                 ; rom1:inst2|altsyncram:altsyncram_component|altsyncram_qlb1:auto_generated|sld_mod_ram_rom:mgl_prim2|ram_rom_data_reg[7]  ; altera_reserved_tck ; altera_reserved_tck ; 100.000      ; -0.062     ; 5.377      ;
; 94.583 ; sld_hub:auto_hub|sld_jtag_hub:\jtag_hub_gen:sld_jtag_hub_inst|virtual_ir_scan_reg                                                                                 ; rom1:inst2|altsyncram:altsyncram_component|altsyncram_qlb1:auto_generated|sld_mod_ram_rom:mgl_prim2|ram_rom_data_reg[6]  ; altera_reserved_tck ; altera_reserved_tck ; 100.000      ; -0.062     ; 5.377      ;
; 94.583 ; sld_hub:auto_hub|sld_jtag_hub:\jtag_hub_gen:sld_jtag_hub_inst|virtual_ir_scan_reg                                                                                 ; rom1:inst2|altsyncram:altsyncram_component|altsyncram_qlb1:auto_generated|sld_mod_ram_rom:mgl_prim2|ram_rom_data_reg[5]  ; altera_reserved_tck ; altera_reserved_tck ; 100.000      ; -0.062     ; 5.377      ;
; 94.583 ; sld_hub:auto_hub|sld_jtag_hub:\jtag_hub_gen:sld_jtag_hub_inst|virtual_ir_scan_reg                                                                                 ; rom1:inst2|altsyncram:altsyncram_component|altsyncram_qlb1:auto_generated|sld_mod_ram_rom:mgl_prim2|ram_rom_data_reg[4]  ; altera_reserved_tck ; altera_reserved_tck ; 100.000      ; -0.062     ; 5.377      ;
; 94.583 ; sld_hub:auto_hub|sld_jtag_hub:\jtag_hub_gen:sld_jtag_hub_inst|virtual_ir_scan_reg                                                                                 ; rom1:inst2|altsyncram:altsyncram_component|altsyncram_qlb1:auto_generated|sld_mod_ram_rom:mgl_prim2|ram_rom_data_reg[3]  ; altera_reserved_tck ; altera_reserved_tck ; 100.000      ; -0.062     ; 5.377      ;
; 94.583 ; sld_hub:auto_hub|sld_jtag_hub:\jtag_hub_gen:sld_jtag_hub_inst|virtual_ir_scan_reg                                                                                 ; rom1:inst2|altsyncram:altsyncram_component|altsyncram_qlb1:auto_generated|sld_mod_ram_rom:mgl_prim2|ram_rom_data_reg[2]  ; altera_reserved_tck ; altera_reserved_tck ; 100.000      ; -0.062     ; 5.377      ;
; 94.583 ; sld_hub:auto_hub|sld_jtag_hub:\jtag_hub_gen:sld_jtag_hub_inst|virtual_ir_scan_reg                                                                                 ; rom1:inst2|altsyncram:altsyncram_component|altsyncram_qlb1:auto_generated|sld_mod_ram_rom:mgl_prim2|ram_rom_data_reg[1]  ; altera_reserved_tck ; altera_reserved_tck ; 100.000      ; -0.062     ; 5.377      ;
; 94.583 ; sld_hub:auto_hub|sld_jtag_hub:\jtag_hub_gen:sld_jtag_hub_inst|virtual_ir_scan_reg                                                                                 ; rom1:inst2|altsyncram:altsyncram_component|altsyncram_qlb1:auto_generated|sld_mod_ram_rom:mgl_prim2|ram_rom_data_reg[0]  ; altera_reserved_tck ; altera_reserved_tck ; 100.000      ; -0.062     ; 5.377      ;
; 94.616 ; sld_hub:auto_hub|sld_jtag_hub:\jtag_hub_gen:sld_jtag_hub_inst|virtual_ir_scan_reg                                                                                 ; rom1:inst2|altsyncram:altsyncram_component|altsyncram_qlb1:auto_generated|sld_mod_ram_rom:mgl_prim2|ram_rom_addr_reg[1]  ; altera_reserved_tck ; altera_reserved_tck ; 100.000      ; -0.067     ; 5.339      ;
; 94.616 ; sld_hub:auto_hub|sld_jtag_hub:\jtag_hub_gen:sld_jtag_hub_inst|virtual_ir_scan_reg                                                                                 ; rom1:inst2|altsyncram:altsyncram_component|altsyncram_qlb1:auto_generated|sld_mod_ram_rom:mgl_prim2|ram_rom_addr_reg[0]  ; altera_reserved_tck ; altera_reserved_tck ; 100.000      ; -0.067     ; 5.339      ;
; 94.616 ; sld_hub:auto_hub|sld_jtag_hub:\jtag_hub_gen:sld_jtag_hub_inst|virtual_ir_scan_reg                                                                                 ; rom1:inst2|altsyncram:altsyncram_component|altsyncram_qlb1:auto_generated|sld_mod_ram_rom:mgl_prim2|ram_rom_addr_reg[7]  ; altera_reserved_tck ; altera_reserved_tck ; 100.000      ; -0.067     ; 5.339      ;
; 94.616 ; sld_hub:auto_hub|sld_jtag_hub:\jtag_hub_gen:sld_jtag_hub_inst|virtual_ir_scan_reg                                                                                 ; rom1:inst2|altsyncram:altsyncram_component|altsyncram_qlb1:auto_generated|sld_mod_ram_rom:mgl_prim2|ram_rom_addr_reg[6]  ; altera_reserved_tck ; altera_reserved_tck ; 100.000      ; -0.067     ; 5.339      ;
; 94.616 ; sld_hub:auto_hub|sld_jtag_hub:\jtag_hub_gen:sld_jtag_hub_inst|virtual_ir_scan_reg                                                                                 ; rom1:inst2|altsyncram:altsyncram_component|altsyncram_qlb1:auto_generated|sld_mod_ram_rom:mgl_prim2|ram_rom_addr_reg[5]  ; altera_reserved_tck ; altera_reserved_tck ; 100.000      ; -0.067     ; 5.339      ;
; 94.616 ; sld_hub:auto_hub|sld_jtag_hub:\jtag_hub_gen:sld_jtag_hub_inst|virtual_ir_scan_reg                                                                                 ; rom1:inst2|altsyncram:altsyncram_component|altsyncram_qlb1:auto_generated|sld_mod_ram_rom:mgl_prim2|ram_rom_addr_reg[4]  ; altera_reserved_tck ; altera_reserved_tck ; 100.000      ; -0.067     ; 5.339      ;
; 94.616 ; sld_hub:auto_hub|sld_jtag_hub:\jtag_hub_gen:sld_jtag_hub_inst|virtual_ir_scan_reg                                                                                 ; rom1:inst2|altsyncram:altsyncram_component|altsyncram_qlb1:auto_generated|sld_mod_ram_rom:mgl_prim2|ram_rom_addr_reg[3]  ; altera_reserved_tck ; altera_reserved_tck ; 100.000      ; -0.067     ; 5.339      ;
; 94.616 ; sld_hub:auto_hub|sld_jtag_hub:\jtag_hub_gen:sld_jtag_hub_inst|virtual_ir_scan_reg                                                                                 ; rom1:inst2|altsyncram:altsyncram_component|altsyncram_qlb1:auto_generated|sld_mod_ram_rom:mgl_prim2|ram_rom_addr_reg[2]  ; altera_reserved_tck ; altera_reserved_tck ; 100.000      ; -0.067     ; 5.339      ;
; 94.682 ; rom1:inst2|altsyncram:altsyncram_component|altsyncram_qlb1:auto_generated|altsyncram_67d2:altsyncram1|ram_block3a0~portb_we_reg                                   ; rom1:inst2|altsyncram:altsyncram_component|altsyncram_qlb1:auto_generated|sld_mod_ram_rom:mgl_prim2|ram_rom_data_reg[17] ; altera_reserved_tck ; altera_reserved_tck ; 100.000      ; -0.351     ; 4.989      ;
; 94.712 ; sld_hub:auto_hub|sld_jtag_hub:\jtag_hub_gen:sld_jtag_hub_inst|irf_reg[2][3]                                                                                       ; rom1:inst2|altsyncram:altsyncram_component|altsyncram_qlb1:auto_generated|sld_mod_ram_rom:mgl_prim2|ram_rom_data_reg[15] ; altera_reserved_tck ; altera_reserved_tck ; 100.000      ; -0.079     ; 5.231      ;
; 94.712 ; sld_hub:auto_hub|sld_jtag_hub:\jtag_hub_gen:sld_jtag_hub_inst|irf_reg[2][3]                                                                                       ; rom1:inst2|altsyncram:altsyncram_component|altsyncram_qlb1:auto_generated|sld_mod_ram_rom:mgl_prim2|ram_rom_data_reg[14] ; altera_reserved_tck ; altera_reserved_tck ; 100.000      ; -0.079     ; 5.231      ;
; 94.712 ; sld_hub:auto_hub|sld_jtag_hub:\jtag_hub_gen:sld_jtag_hub_inst|irf_reg[2][3]                                                                                       ; rom1:inst2|altsyncram:altsyncram_component|altsyncram_qlb1:auto_generated|sld_mod_ram_rom:mgl_prim2|ram_rom_data_reg[13] ; altera_reserved_tck ; altera_reserved_tck ; 100.000      ; -0.079     ; 5.231      ;
; 94.712 ; sld_hub:auto_hub|sld_jtag_hub:\jtag_hub_gen:sld_jtag_hub_inst|irf_reg[2][3]                                                                                       ; rom1:inst2|altsyncram:altsyncram_component|altsyncram_qlb1:auto_generated|sld_mod_ram_rom:mgl_prim2|ram_rom_data_reg[12] ; altera_reserved_tck ; altera_reserved_tck ; 100.000      ; -0.079     ; 5.231      ;
; 94.712 ; sld_hub:auto_hub|sld_jtag_hub:\jtag_hub_gen:sld_jtag_hub_inst|irf_reg[2][3]                                                                                       ; rom1:inst2|altsyncram:altsyncram_component|altsyncram_qlb1:auto_generated|sld_mod_ram_rom:mgl_prim2|ram_rom_data_reg[11] ; altera_reserved_tck ; altera_reserved_tck ; 100.000      ; -0.079     ; 5.231      ;
; 94.712 ; sld_hub:auto_hub|sld_jtag_hub:\jtag_hub_gen:sld_jtag_hub_inst|irf_reg[2][3]                                                                                       ; rom1:inst2|altsyncram:altsyncram_component|altsyncram_qlb1:auto_generated|sld_mod_ram_rom:mgl_prim2|ram_rom_data_reg[10] ; altera_reserved_tck ; altera_reserved_tck ; 100.000      ; -0.079     ; 5.231      ;
; 94.712 ; sld_hub:auto_hub|sld_jtag_hub:\jtag_hub_gen:sld_jtag_hub_inst|irf_reg[2][3]                                                                                       ; rom1:inst2|altsyncram:altsyncram_component|altsyncram_qlb1:auto_generated|sld_mod_ram_rom:mgl_prim2|ram_rom_data_reg[9]  ; altera_reserved_tck ; altera_reserved_tck ; 100.000      ; -0.079     ; 5.231      ;
; 94.712 ; sld_hub:auto_hub|sld_jtag_hub:\jtag_hub_gen:sld_jtag_hub_inst|irf_reg[2][3]                                                                                       ; rom1:inst2|altsyncram:altsyncram_component|altsyncram_qlb1:auto_generated|sld_mod_ram_rom:mgl_prim2|ram_rom_data_reg[8]  ; altera_reserved_tck ; altera_reserved_tck ; 100.000      ; -0.079     ; 5.231      ;
; 94.712 ; sld_hub:auto_hub|sld_jtag_hub:\jtag_hub_gen:sld_jtag_hub_inst|irf_reg[2][3]                                                                                       ; rom1:inst2|altsyncram:altsyncram_component|altsyncram_qlb1:auto_generated|sld_mod_ram_rom:mgl_prim2|ram_rom_data_reg[7]  ; altera_reserved_tck ; altera_reserved_tck ; 100.000      ; -0.079     ; 5.231      ;
+--------+-------------------------------------------------------------------------------------------------------------------------------------------------------------------+--------------------------------------------------------------------------------------------------------------------------+---------------------+---------------------+--------------+------------+------------+


+------------------------------------------------------------------------------------------------------------------------------------------------------------------------------------------------------------------------------------------------------------------------------------------------------------------------------------------------------------------------------------------------------------------------------------+
; Slow 1200mV 0C Model Hold: 'altera_reserved_tck'                                                                                                                                                                                                                                                                                                                                                                                   ;
+-------+-------------------------------------------------------------------------------------------------------------------------------------------------------------------+-------------------------------------------------------------------------------------------------------------------------------------------------------------------+---------------------+---------------------+--------------+------------+------------+
; Slack ; From Node                                                                                                                                                         ; To Node                                                                                                                                                           ; Launch Clock        ; Latch Clock         ; Relationship ; Clock Skew ; Data Delay ;
+-------+-------------------------------------------------------------------------------------------------------------------------------------------------------------------+-------------------------------------------------------------------------------------------------------------------------------------------------------------------+---------------------+---------------------+--------------+------------+------------+
; 0.401 ; ram:inst15|altsyncram:altsyncram_component|altsyncram_oqj1:auto_generated|sld_mod_ram_rom:mgl_prim2|ram_rom_data_shift_cntr_reg[1]                                ; ram:inst15|altsyncram:altsyncram_component|altsyncram_oqj1:auto_generated|sld_mod_ram_rom:mgl_prim2|ram_rom_data_shift_cntr_reg[1]                                ; altera_reserved_tck ; altera_reserved_tck ; 0.000        ; 0.073      ; 0.669      ;
; 0.401 ; ram:inst15|altsyncram:altsyncram_component|altsyncram_oqj1:auto_generated|sld_mod_ram_rom:mgl_prim2|ram_rom_data_shift_cntr_reg[0]                                ; ram:inst15|altsyncram:altsyncram_component|altsyncram_oqj1:auto_generated|sld_mod_ram_rom:mgl_prim2|ram_rom_data_shift_cntr_reg[0]                                ; altera_reserved_tck ; altera_reserved_tck ; 0.000        ; 0.073      ; 0.669      ;
; 0.401 ; ram:inst15|altsyncram:altsyncram_component|altsyncram_oqj1:auto_generated|sld_mod_ram_rom:mgl_prim2|ram_rom_data_shift_cntr_reg[2]                                ; ram:inst15|altsyncram:altsyncram_component|altsyncram_oqj1:auto_generated|sld_mod_ram_rom:mgl_prim2|ram_rom_data_shift_cntr_reg[2]                                ; altera_reserved_tck ; altera_reserved_tck ; 0.000        ; 0.073      ; 0.669      ;
; 0.401 ; sld_hub:auto_hub|sld_jtag_hub:\jtag_hub_gen:sld_jtag_hub_inst|sld_shadow_jsm:shadow_jsm|tms_cnt[1]                                                                ; sld_hub:auto_hub|sld_jtag_hub:\jtag_hub_gen:sld_jtag_hub_inst|sld_shadow_jsm:shadow_jsm|tms_cnt[1]                                                                ; altera_reserved_tck ; altera_reserved_tck ; 0.000        ; 0.073      ; 0.669      ;
; 0.401 ; sld_hub:auto_hub|sld_jtag_hub:\jtag_hub_gen:sld_jtag_hub_inst|sld_shadow_jsm:shadow_jsm|tms_cnt[2]                                                                ; sld_hub:auto_hub|sld_jtag_hub:\jtag_hub_gen:sld_jtag_hub_inst|sld_shadow_jsm:shadow_jsm|tms_cnt[2]                                                                ; altera_reserved_tck ; altera_reserved_tck ; 0.000        ; 0.073      ; 0.669      ;
; 0.401 ; sld_hub:auto_hub|sld_jtag_hub:\jtag_hub_gen:sld_jtag_hub_inst|hub_mode_reg[2]                                                                                     ; sld_hub:auto_hub|sld_jtag_hub:\jtag_hub_gen:sld_jtag_hub_inst|hub_mode_reg[2]                                                                                     ; altera_reserved_tck ; altera_reserved_tck ; 0.000        ; 0.073      ; 0.669      ;
; 0.401 ; sld_hub:auto_hub|sld_jtag_hub:\jtag_hub_gen:sld_jtag_hub_inst|tdo_bypass_reg                                                                                      ; sld_hub:auto_hub|sld_jtag_hub:\jtag_hub_gen:sld_jtag_hub_inst|tdo_bypass_reg                                                                                      ; altera_reserved_tck ; altera_reserved_tck ; 0.000        ; 0.073      ; 0.669      ;
; 0.402 ; sld_hub:auto_hub|sld_jtag_hub:\jtag_hub_gen:sld_jtag_hub_inst|hub_mode_reg[1]                                                                                     ; sld_hub:auto_hub|sld_jtag_hub:\jtag_hub_gen:sld_jtag_hub_inst|hub_mode_reg[1]                                                                                     ; altera_reserved_tck ; altera_reserved_tck ; 0.000        ; 0.072      ; 0.669      ;
; 0.402 ; sld_hub:auto_hub|sld_jtag_hub:\jtag_hub_gen:sld_jtag_hub_inst|irsr_reg[5]                                                                                         ; sld_hub:auto_hub|sld_jtag_hub:\jtag_hub_gen:sld_jtag_hub_inst|irsr_reg[5]                                                                                         ; altera_reserved_tck ; altera_reserved_tck ; 0.000        ; 0.072      ; 0.669      ;
; 0.402 ; ram:inst15|altsyncram:altsyncram_component|altsyncram_oqj1:auto_generated|sld_mod_ram_rom:mgl_prim2|is_in_use_reg                                                 ; ram:inst15|altsyncram:altsyncram_component|altsyncram_oqj1:auto_generated|sld_mod_ram_rom:mgl_prim2|is_in_use_reg                                                 ; altera_reserved_tck ; altera_reserved_tck ; 0.000        ; 0.072      ; 0.669      ;
; 0.402 ; ram:inst15|altsyncram:altsyncram_component|altsyncram_oqj1:auto_generated|sld_mod_ram_rom:mgl_prim2|bypass_reg_out                                                ; ram:inst15|altsyncram:altsyncram_component|altsyncram_oqj1:auto_generated|sld_mod_ram_rom:mgl_prim2|bypass_reg_out                                                ; altera_reserved_tck ; altera_reserved_tck ; 0.000        ; 0.072      ; 0.669      ;
; 0.402 ; sld_hub:auto_hub|sld_jtag_hub:\jtag_hub_gen:sld_jtag_hub_inst|sld_shadow_jsm:shadow_jsm|state[6]                                                                  ; sld_hub:auto_hub|sld_jtag_hub:\jtag_hub_gen:sld_jtag_hub_inst|sld_shadow_jsm:shadow_jsm|state[6]                                                                  ; altera_reserved_tck ; altera_reserved_tck ; 0.000        ; 0.072      ; 0.669      ;
; 0.402 ; sld_hub:auto_hub|sld_jtag_hub:\jtag_hub_gen:sld_jtag_hub_inst|sld_shadow_jsm:shadow_jsm|state[0]                                                                  ; sld_hub:auto_hub|sld_jtag_hub:\jtag_hub_gen:sld_jtag_hub_inst|sld_shadow_jsm:shadow_jsm|state[0]                                                                  ; altera_reserved_tck ; altera_reserved_tck ; 0.000        ; 0.072      ; 0.669      ;
; 0.402 ; sld_hub:auto_hub|sld_jtag_hub:\jtag_hub_gen:sld_jtag_hub_inst|sld_shadow_jsm:shadow_jsm|state[1]                                                                  ; sld_hub:auto_hub|sld_jtag_hub:\jtag_hub_gen:sld_jtag_hub_inst|sld_shadow_jsm:shadow_jsm|state[1]                                                                  ; altera_reserved_tck ; altera_reserved_tck ; 0.000        ; 0.072      ; 0.669      ;
; 0.402 ; sld_hub:auto_hub|sld_jtag_hub:\jtag_hub_gen:sld_jtag_hub_inst|sld_shadow_jsm:shadow_jsm|state[4]                                                                  ; sld_hub:auto_hub|sld_jtag_hub:\jtag_hub_gen:sld_jtag_hub_inst|sld_shadow_jsm:shadow_jsm|state[4]                                                                  ; altera_reserved_tck ; altera_reserved_tck ; 0.000        ; 0.072      ; 0.669      ;
; 0.402 ; sld_hub:auto_hub|sld_jtag_hub:\jtag_hub_gen:sld_jtag_hub_inst|irsr_reg[6]                                                                                         ; sld_hub:auto_hub|sld_jtag_hub:\jtag_hub_gen:sld_jtag_hub_inst|irsr_reg[6]                                                                                         ; altera_reserved_tck ; altera_reserved_tck ; 0.000        ; 0.072      ; 0.669      ;
; 0.402 ; sld_hub:auto_hub|sld_jtag_hub:\jtag_hub_gen:sld_jtag_hub_inst|hub_mode_reg[0]                                                                                     ; sld_hub:auto_hub|sld_jtag_hub:\jtag_hub_gen:sld_jtag_hub_inst|hub_mode_reg[0]                                                                                     ; altera_reserved_tck ; altera_reserved_tck ; 0.000        ; 0.072      ; 0.669      ;
; 0.402 ; sld_hub:auto_hub|sld_jtag_hub:\jtag_hub_gen:sld_jtag_hub_inst|sld_shadow_jsm:shadow_jsm|state[11]                                                                 ; sld_hub:auto_hub|sld_jtag_hub:\jtag_hub_gen:sld_jtag_hub_inst|sld_shadow_jsm:shadow_jsm|state[11]                                                                 ; altera_reserved_tck ; altera_reserved_tck ; 0.000        ; 0.072      ; 0.669      ;
; 0.402 ; rom1:inst2|altsyncram:altsyncram_component|altsyncram_qlb1:auto_generated|sld_mod_ram_rom:mgl_prim2|ram_rom_data_shift_cntr_reg[0]                                ; rom1:inst2|altsyncram:altsyncram_component|altsyncram_qlb1:auto_generated|sld_mod_ram_rom:mgl_prim2|ram_rom_data_shift_cntr_reg[0]                                ; altera_reserved_tck ; altera_reserved_tck ; 0.000        ; 0.072      ; 0.669      ;
; 0.402 ; rom1:inst2|altsyncram:altsyncram_component|altsyncram_qlb1:auto_generated|sld_mod_ram_rom:mgl_prim2|ram_rom_data_shift_cntr_reg[2]                                ; rom1:inst2|altsyncram:altsyncram_component|altsyncram_qlb1:auto_generated|sld_mod_ram_rom:mgl_prim2|ram_rom_data_shift_cntr_reg[2]                                ; altera_reserved_tck ; altera_reserved_tck ; 0.000        ; 0.072      ; 0.669      ;
; 0.402 ; rom1:inst2|altsyncram:altsyncram_component|altsyncram_qlb1:auto_generated|sld_mod_ram_rom:mgl_prim2|ram_rom_data_shift_cntr_reg[3]                                ; rom1:inst2|altsyncram:altsyncram_component|altsyncram_qlb1:auto_generated|sld_mod_ram_rom:mgl_prim2|ram_rom_data_shift_cntr_reg[3]                                ; altera_reserved_tck ; altera_reserved_tck ; 0.000        ; 0.072      ; 0.669      ;
; 0.402 ; rom1:inst2|altsyncram:altsyncram_component|altsyncram_qlb1:auto_generated|sld_mod_ram_rom:mgl_prim2|ram_rom_data_shift_cntr_reg[4]                                ; rom1:inst2|altsyncram:altsyncram_component|altsyncram_qlb1:auto_generated|sld_mod_ram_rom:mgl_prim2|ram_rom_data_shift_cntr_reg[4]                                ; altera_reserved_tck ; altera_reserved_tck ; 0.000        ; 0.072      ; 0.669      ;
; 0.402 ; rom1:inst2|altsyncram:altsyncram_component|altsyncram_qlb1:auto_generated|sld_mod_ram_rom:mgl_prim2|ram_rom_data_shift_cntr_reg[1]                                ; rom1:inst2|altsyncram:altsyncram_component|altsyncram_qlb1:auto_generated|sld_mod_ram_rom:mgl_prim2|ram_rom_data_shift_cntr_reg[1]                                ; altera_reserved_tck ; altera_reserved_tck ; 0.000        ; 0.072      ; 0.669      ;
; 0.402 ; sld_hub:auto_hub|sld_jtag_hub:\jtag_hub_gen:sld_jtag_hub_inst|irsr_reg[4]                                                                                         ; sld_hub:auto_hub|sld_jtag_hub:\jtag_hub_gen:sld_jtag_hub_inst|irsr_reg[4]                                                                                         ; altera_reserved_tck ; altera_reserved_tck ; 0.000        ; 0.072      ; 0.669      ;
; 0.402 ; rom1:inst2|altsyncram:altsyncram_component|altsyncram_qlb1:auto_generated|sld_mod_ram_rom:mgl_prim2|is_in_use_reg                                                 ; rom1:inst2|altsyncram:altsyncram_component|altsyncram_qlb1:auto_generated|sld_mod_ram_rom:mgl_prim2|is_in_use_reg                                                 ; altera_reserved_tck ; altera_reserved_tck ; 0.000        ; 0.072      ; 0.669      ;
; 0.402 ; rom1:inst2|altsyncram:altsyncram_component|altsyncram_qlb1:auto_generated|sld_mod_ram_rom:mgl_prim2|bypass_reg_out                                                ; rom1:inst2|altsyncram:altsyncram_component|altsyncram_qlb1:auto_generated|sld_mod_ram_rom:mgl_prim2|bypass_reg_out                                                ; altera_reserved_tck ; altera_reserved_tck ; 0.000        ; 0.072      ; 0.669      ;
; 0.402 ; sld_hub:auto_hub|sld_jtag_hub:\jtag_hub_gen:sld_jtag_hub_inst|sld_shadow_jsm:shadow_jsm|state[13]                                                                 ; sld_hub:auto_hub|sld_jtag_hub:\jtag_hub_gen:sld_jtag_hub_inst|sld_shadow_jsm:shadow_jsm|state[13]                                                                 ; altera_reserved_tck ; altera_reserved_tck ; 0.000        ; 0.072      ; 0.669      ;
; 0.416 ; sld_hub:auto_hub|sld_jtag_hub:\jtag_hub_gen:sld_jtag_hub_inst|sld_shadow_jsm:shadow_jsm|tms_cnt[0]                                                                ; sld_hub:auto_hub|sld_jtag_hub:\jtag_hub_gen:sld_jtag_hub_inst|sld_shadow_jsm:shadow_jsm|tms_cnt[0]                                                                ; altera_reserved_tck ; altera_reserved_tck ; 0.000        ; 0.073      ; 0.684      ;
; 0.447 ; sld_hub:auto_hub|sld_jtag_hub:\jtag_hub_gen:sld_jtag_hub_inst|sld_shadow_jsm:shadow_jsm|tms_cnt[1]                                                                ; sld_hub:auto_hub|sld_jtag_hub:\jtag_hub_gen:sld_jtag_hub_inst|sld_shadow_jsm:shadow_jsm|tms_cnt[2]                                                                ; altera_reserved_tck ; altera_reserved_tck ; 0.000        ; 0.073      ; 0.715      ;
; 0.457 ; sld_hub:auto_hub|sld_jtag_hub:\jtag_hub_gen:sld_jtag_hub_inst|sld_shadow_jsm:shadow_jsm|tms_cnt[0]                                                                ; sld_hub:auto_hub|sld_jtag_hub:\jtag_hub_gen:sld_jtag_hub_inst|sld_shadow_jsm:shadow_jsm|tms_cnt[1]                                                                ; altera_reserved_tck ; altera_reserved_tck ; 0.000        ; 0.073      ; 0.725      ;
; 0.458 ; sld_hub:auto_hub|sld_jtag_hub:\jtag_hub_gen:sld_jtag_hub_inst|sld_shadow_jsm:shadow_jsm|state[9]                                                                  ; sld_hub:auto_hub|sld_jtag_hub:\jtag_hub_gen:sld_jtag_hub_inst|sld_shadow_jsm:shadow_jsm|state[0]                                                                  ; altera_reserved_tck ; altera_reserved_tck ; 0.000        ; 0.072      ; 0.725      ;
; 0.466 ; ram:inst15|altsyncram:altsyncram_component|altsyncram_oqj1:auto_generated|sld_mod_ram_rom:mgl_prim2|ram_rom_data_reg[0]                                           ; ram:inst15|altsyncram:altsyncram_component|altsyncram_oqj1:auto_generated|altsyncram_m3a2:altsyncram1|ram_block3a0~portb_datain_reg0                              ; altera_reserved_tck ; altera_reserved_tck ; 0.000        ; 0.361      ; 1.057      ;
; 0.470 ; sld_hub:auto_hub|sld_jtag_hub:\jtag_hub_gen:sld_jtag_hub_inst|hub_minor_ver_reg[2]                                                                                ; sld_hub:auto_hub|sld_jtag_hub:\jtag_hub_gen:sld_jtag_hub_inst|hub_minor_ver_reg[1]                                                                                ; altera_reserved_tck ; altera_reserved_tck ; 0.000        ; 0.073      ; 0.738      ;
; 0.471 ; sld_hub:auto_hub|sld_jtag_hub:\jtag_hub_gen:sld_jtag_hub_inst|hub_minor_ver_reg[3]                                                                                ; sld_hub:auto_hub|sld_jtag_hub:\jtag_hub_gen:sld_jtag_hub_inst|hub_minor_ver_reg[2]                                                                                ; altera_reserved_tck ; altera_reserved_tck ; 0.000        ; 0.073      ; 0.739      ;
; 0.472 ; ram:inst15|altsyncram:altsyncram_component|altsyncram_oqj1:auto_generated|sld_mod_ram_rom:mgl_prim2|ram_rom_data_reg[7]                                           ; ram:inst15|altsyncram:altsyncram_component|altsyncram_oqj1:auto_generated|altsyncram_m3a2:altsyncram1|ram_block3a0~portb_datain_reg0                              ; altera_reserved_tck ; altera_reserved_tck ; 0.000        ; 0.361      ; 1.063      ;
; 0.472 ; sld_hub:auto_hub|sld_jtag_hub:\jtag_hub_gen:sld_jtag_hub_inst|shadow_irf_reg[2][0]                                                                                ; sld_hub:auto_hub|sld_jtag_hub:\jtag_hub_gen:sld_jtag_hub_inst|irf_reg[2][0]                                                                                       ; altera_reserved_tck ; altera_reserved_tck ; 0.000        ; 0.072      ; 0.739      ;
; 0.473 ; rom1:inst2|altsyncram:altsyncram_component|altsyncram_qlb1:auto_generated|sld_mod_ram_rom:mgl_prim2|sld_rom_sr:\ram_rom_logic_gen:name_gen:info_rom_sr|WORD_SR[1] ; rom1:inst2|altsyncram:altsyncram_component|altsyncram_qlb1:auto_generated|sld_mod_ram_rom:mgl_prim2|sld_rom_sr:\ram_rom_logic_gen:name_gen:info_rom_sr|WORD_SR[0] ; altera_reserved_tck ; altera_reserved_tck ; 0.000        ; 0.072      ; 0.740      ;
; 0.474 ; ram:inst15|altsyncram:altsyncram_component|altsyncram_oqj1:auto_generated|sld_mod_ram_rom:mgl_prim2|ram_rom_data_shift_cntr_reg[0]                                ; ram:inst15|altsyncram:altsyncram_component|altsyncram_oqj1:auto_generated|sld_mod_ram_rom:mgl_prim2|ram_rom_data_shift_cntr_reg[1]                                ; altera_reserved_tck ; altera_reserved_tck ; 0.000        ; 0.073      ; 0.742      ;
; 0.477 ; sld_hub:auto_hub|sld_jtag_hub:\jtag_hub_gen:sld_jtag_hub_inst|jtag_ir_reg[7]                                                                                      ; sld_hub:auto_hub|sld_jtag_hub:\jtag_hub_gen:sld_jtag_hub_inst|jtag_ir_reg[6]                                                                                      ; altera_reserved_tck ; altera_reserved_tck ; 0.000        ; 0.072      ; 0.744      ;
; 0.477 ; sld_hub:auto_hub|sld_jtag_hub:\jtag_hub_gen:sld_jtag_hub_inst|jtag_ir_reg[4]                                                                                      ; sld_hub:auto_hub|sld_jtag_hub:\jtag_hub_gen:sld_jtag_hub_inst|jtag_ir_reg[3]                                                                                      ; altera_reserved_tck ; altera_reserved_tck ; 0.000        ; 0.072      ; 0.744      ;
; 0.477 ; rom1:inst2|altsyncram:altsyncram_component|altsyncram_qlb1:auto_generated|sld_mod_ram_rom:mgl_prim2|ram_rom_data_reg[21]                                          ; rom1:inst2|altsyncram:altsyncram_component|altsyncram_qlb1:auto_generated|altsyncram_67d2:altsyncram1|ram_block3a18~portb_datain_reg0                             ; altera_reserved_tck ; altera_reserved_tck ; 0.000        ; 0.354      ; 1.061      ;
; 0.478 ; sld_hub:auto_hub|sld_jtag_hub:\jtag_hub_gen:sld_jtag_hub_inst|jtag_ir_reg[2]                                                                                      ; sld_hub:auto_hub|sld_jtag_hub:\jtag_hub_gen:sld_jtag_hub_inst|jtag_ir_reg[1]                                                                                      ; altera_reserved_tck ; altera_reserved_tck ; 0.000        ; 0.072      ; 0.745      ;
; 0.479 ; sld_hub:auto_hub|sld_jtag_hub:\jtag_hub_gen:sld_jtag_hub_inst|sld_shadow_jsm:shadow_jsm|state[14]                                                                 ; sld_hub:auto_hub|sld_jtag_hub:\jtag_hub_gen:sld_jtag_hub_inst|sld_shadow_jsm:shadow_jsm|state[15]                                                                 ; altera_reserved_tck ; altera_reserved_tck ; 0.000        ; 0.072      ; 0.746      ;
; 0.479 ; sld_hub:auto_hub|sld_jtag_hub:\jtag_hub_gen:sld_jtag_hub_inst|sld_shadow_jsm:shadow_jsm|state[9]                                                                  ; sld_hub:auto_hub|sld_jtag_hub:\jtag_hub_gen:sld_jtag_hub_inst|sld_shadow_jsm:shadow_jsm|state[10]                                                                 ; altera_reserved_tck ; altera_reserved_tck ; 0.000        ; 0.072      ; 0.746      ;
; 0.479 ; sld_hub:auto_hub|sld_jtag_hub:\jtag_hub_gen:sld_jtag_hub_inst|sld_shadow_jsm:shadow_jsm|state[10]                                                                 ; sld_hub:auto_hub|sld_jtag_hub:\jtag_hub_gen:sld_jtag_hub_inst|sld_shadow_jsm:shadow_jsm|state[11]                                                                 ; altera_reserved_tck ; altera_reserved_tck ; 0.000        ; 0.072      ; 0.746      ;
; 0.480 ; rom1:inst2|altsyncram:altsyncram_component|altsyncram_qlb1:auto_generated|sld_mod_ram_rom:mgl_prim2|ram_rom_data_reg[19]                                          ; rom1:inst2|altsyncram:altsyncram_component|altsyncram_qlb1:auto_generated|altsyncram_67d2:altsyncram1|ram_block3a18~portb_datain_reg0                             ; altera_reserved_tck ; altera_reserved_tck ; 0.000        ; 0.354      ; 1.064      ;
; 0.481 ; ram:inst15|altsyncram:altsyncram_component|altsyncram_oqj1:auto_generated|sld_mod_ram_rom:mgl_prim2|ram_rom_data_reg[6]                                           ; ram:inst15|altsyncram:altsyncram_component|altsyncram_oqj1:auto_generated|altsyncram_m3a2:altsyncram1|ram_block3a0~portb_datain_reg0                              ; altera_reserved_tck ; altera_reserved_tck ; 0.000        ; 0.361      ; 1.072      ;
; 0.481 ; rom1:inst2|altsyncram:altsyncram_component|altsyncram_qlb1:auto_generated|sld_mod_ram_rom:mgl_prim2|ram_rom_data_reg[4]                                           ; rom1:inst2|altsyncram:altsyncram_component|altsyncram_qlb1:auto_generated|altsyncram_67d2:altsyncram1|ram_block3a0~portb_datain_reg0                              ; altera_reserved_tck ; altera_reserved_tck ; 0.000        ; 0.357      ; 1.068      ;
; 0.487 ; rom1:inst2|altsyncram:altsyncram_component|altsyncram_qlb1:auto_generated|sld_mod_ram_rom:mgl_prim2|ram_rom_data_reg[6]                                           ; rom1:inst2|altsyncram:altsyncram_component|altsyncram_qlb1:auto_generated|altsyncram_67d2:altsyncram1|ram_block3a0~portb_datain_reg0                              ; altera_reserved_tck ; altera_reserved_tck ; 0.000        ; 0.357      ; 1.074      ;
; 0.488 ; rom1:inst2|altsyncram:altsyncram_component|altsyncram_qlb1:auto_generated|sld_mod_ram_rom:mgl_prim2|ram_rom_data_reg[15]                                          ; rom1:inst2|altsyncram:altsyncram_component|altsyncram_qlb1:auto_generated|altsyncram_67d2:altsyncram1|ram_block3a0~portb_datain_reg0                              ; altera_reserved_tck ; altera_reserved_tck ; 0.000        ; 0.357      ; 1.075      ;
; 0.489 ; rom1:inst2|altsyncram:altsyncram_component|altsyncram_qlb1:auto_generated|sld_mod_ram_rom:mgl_prim2|ram_rom_addr_reg[1]                                           ; rom1:inst2|altsyncram:altsyncram_component|altsyncram_qlb1:auto_generated|altsyncram_67d2:altsyncram1|ram_block3a18~portb_address_reg0                            ; altera_reserved_tck ; altera_reserved_tck ; 0.000        ; 0.351      ; 1.070      ;
; 0.491 ; ram:inst15|altsyncram:altsyncram_component|altsyncram_oqj1:auto_generated|sld_mod_ram_rom:mgl_prim2|ram_rom_data_reg[7]                                           ; ram:inst15|altsyncram:altsyncram_component|altsyncram_oqj1:auto_generated|sld_mod_ram_rom:mgl_prim2|ram_rom_data_reg[6]                                           ; altera_reserved_tck ; altera_reserved_tck ; 0.000        ; 0.073      ; 0.759      ;
; 0.491 ; ram:inst15|altsyncram:altsyncram_component|altsyncram_oqj1:auto_generated|sld_mod_ram_rom:mgl_prim2|ram_rom_data_reg[2]                                           ; ram:inst15|altsyncram:altsyncram_component|altsyncram_oqj1:auto_generated|sld_mod_ram_rom:mgl_prim2|ram_rom_data_reg[1]                                           ; altera_reserved_tck ; altera_reserved_tck ; 0.000        ; 0.073      ; 0.759      ;
; 0.491 ; rom1:inst2|altsyncram:altsyncram_component|altsyncram_qlb1:auto_generated|sld_mod_ram_rom:mgl_prim2|ram_rom_data_reg[11]                                          ; rom1:inst2|altsyncram:altsyncram_component|altsyncram_qlb1:auto_generated|altsyncram_67d2:altsyncram1|ram_block3a0~portb_datain_reg0                              ; altera_reserved_tck ; altera_reserved_tck ; 0.000        ; 0.357      ; 1.078      ;
; 0.492 ; sld_hub:auto_hub|sld_jtag_hub:\jtag_hub_gen:sld_jtag_hub_inst|identity_contrib_shift_reg[1]                                                                       ; sld_hub:auto_hub|sld_jtag_hub:\jtag_hub_gen:sld_jtag_hub_inst|identity_contrib_shift_reg[0]                                                                       ; altera_reserved_tck ; altera_reserved_tck ; 0.000        ; 0.072      ; 0.759      ;
; 0.492 ; rom1:inst2|altsyncram:altsyncram_component|altsyncram_qlb1:auto_generated|sld_mod_ram_rom:mgl_prim2|ram_rom_data_reg[23]                                          ; rom1:inst2|altsyncram:altsyncram_component|altsyncram_qlb1:auto_generated|sld_mod_ram_rom:mgl_prim2|ram_rom_data_reg[22]                                          ; altera_reserved_tck ; altera_reserved_tck ; 0.000        ; 0.072      ; 0.759      ;
; 0.492 ; rom1:inst2|altsyncram:altsyncram_component|altsyncram_qlb1:auto_generated|sld_mod_ram_rom:mgl_prim2|ram_rom_data_reg[22]                                          ; rom1:inst2|altsyncram:altsyncram_component|altsyncram_qlb1:auto_generated|altsyncram_67d2:altsyncram1|ram_block3a18~portb_datain_reg0                             ; altera_reserved_tck ; altera_reserved_tck ; 0.000        ; 0.354      ; 1.076      ;
; 0.492 ; rom1:inst2|altsyncram:altsyncram_component|altsyncram_qlb1:auto_generated|sld_mod_ram_rom:mgl_prim2|ram_rom_data_reg[19]                                          ; rom1:inst2|altsyncram:altsyncram_component|altsyncram_qlb1:auto_generated|sld_mod_ram_rom:mgl_prim2|ram_rom_data_reg[18]                                          ; altera_reserved_tck ; altera_reserved_tck ; 0.000        ; 0.072      ; 0.759      ;
; 0.492 ; rom1:inst2|altsyncram:altsyncram_component|altsyncram_qlb1:auto_generated|sld_mod_ram_rom:mgl_prim2|ram_rom_data_reg[17]                                          ; rom1:inst2|altsyncram:altsyncram_component|altsyncram_qlb1:auto_generated|sld_mod_ram_rom:mgl_prim2|ram_rom_data_reg[16]                                          ; altera_reserved_tck ; altera_reserved_tck ; 0.000        ; 0.072      ; 0.759      ;
; 0.492 ; rom1:inst2|altsyncram:altsyncram_component|altsyncram_qlb1:auto_generated|sld_mod_ram_rom:mgl_prim2|ram_rom_data_reg[14]                                          ; rom1:inst2|altsyncram:altsyncram_component|altsyncram_qlb1:auto_generated|sld_mod_ram_rom:mgl_prim2|ram_rom_data_reg[13]                                          ; altera_reserved_tck ; altera_reserved_tck ; 0.000        ; 0.072      ; 0.759      ;
; 0.492 ; rom1:inst2|altsyncram:altsyncram_component|altsyncram_qlb1:auto_generated|sld_mod_ram_rom:mgl_prim2|ram_rom_data_reg[9]                                           ; rom1:inst2|altsyncram:altsyncram_component|altsyncram_qlb1:auto_generated|altsyncram_67d2:altsyncram1|ram_block3a0~portb_datain_reg0                              ; altera_reserved_tck ; altera_reserved_tck ; 0.000        ; 0.357      ; 1.079      ;
; 0.493 ; rom1:inst2|altsyncram:altsyncram_component|altsyncram_qlb1:auto_generated|sld_mod_ram_rom:mgl_prim2|ram_rom_addr_reg[4]                                           ; rom1:inst2|altsyncram:altsyncram_component|altsyncram_qlb1:auto_generated|altsyncram_67d2:altsyncram1|ram_block3a18~portb_address_reg0                            ; altera_reserved_tck ; altera_reserved_tck ; 0.000        ; 0.351      ; 1.074      ;
; 0.493 ; rom1:inst2|altsyncram:altsyncram_component|altsyncram_qlb1:auto_generated|sld_mod_ram_rom:mgl_prim2|ram_rom_data_reg[5]                                           ; rom1:inst2|altsyncram:altsyncram_component|altsyncram_qlb1:auto_generated|sld_mod_ram_rom:mgl_prim2|ram_rom_data_reg[4]                                           ; altera_reserved_tck ; altera_reserved_tck ; 0.000        ; 0.072      ; 0.760      ;
; 0.494 ; sld_hub:auto_hub|sld_jtag_hub:\jtag_hub_gen:sld_jtag_hub_inst|identity_contrib_shift_reg[2]                                                                       ; sld_hub:auto_hub|sld_jtag_hub:\jtag_hub_gen:sld_jtag_hub_inst|identity_contrib_shift_reg[1]                                                                       ; altera_reserved_tck ; altera_reserved_tck ; 0.000        ; 0.072      ; 0.761      ;
; 0.494 ; rom1:inst2|altsyncram:altsyncram_component|altsyncram_qlb1:auto_generated|sld_mod_ram_rom:mgl_prim2|ram_rom_data_reg[23]                                          ; rom1:inst2|altsyncram:altsyncram_component|altsyncram_qlb1:auto_generated|altsyncram_67d2:altsyncram1|ram_block3a18~portb_datain_reg0                             ; altera_reserved_tck ; altera_reserved_tck ; 0.000        ; 0.354      ; 1.078      ;
; 0.494 ; rom1:inst2|altsyncram:altsyncram_component|altsyncram_qlb1:auto_generated|sld_mod_ram_rom:mgl_prim2|ram_rom_data_reg[3]                                           ; rom1:inst2|altsyncram:altsyncram_component|altsyncram_qlb1:auto_generated|sld_mod_ram_rom:mgl_prim2|ram_rom_data_reg[2]                                           ; altera_reserved_tck ; altera_reserved_tck ; 0.000        ; 0.072      ; 0.761      ;
; 0.495 ; sld_hub:auto_hub|sld_jtag_hub:\jtag_hub_gen:sld_jtag_hub_inst|irf_reg[2][1]                                                                                       ; sld_hub:auto_hub|sld_jtag_hub:\jtag_hub_gen:sld_jtag_hub_inst|shadow_irf_reg[2][1]                                                                                ; altera_reserved_tck ; altera_reserved_tck ; 0.000        ; 0.072      ; 0.762      ;
; 0.495 ; rom1:inst2|altsyncram:altsyncram_component|altsyncram_qlb1:auto_generated|sld_mod_ram_rom:mgl_prim2|ram_rom_addr_reg[5]                                           ; rom1:inst2|altsyncram:altsyncram_component|altsyncram_qlb1:auto_generated|altsyncram_67d2:altsyncram1|ram_block3a18~portb_address_reg0                            ; altera_reserved_tck ; altera_reserved_tck ; 0.000        ; 0.351      ; 1.076      ;
; 0.496 ; sld_hub:auto_hub|sld_jtag_hub:\jtag_hub_gen:sld_jtag_hub_inst|sld_shadow_jsm:shadow_jsm|state[7]                                                                  ; sld_hub:auto_hub|sld_jtag_hub:\jtag_hub_gen:sld_jtag_hub_inst|sld_shadow_jsm:shadow_jsm|state[8]                                                                  ; altera_reserved_tck ; altera_reserved_tck ; 0.000        ; 0.072      ; 0.763      ;
; 0.496 ; rom1:inst2|altsyncram:altsyncram_component|altsyncram_qlb1:auto_generated|sld_mod_ram_rom:mgl_prim2|ram_rom_addr_reg[0]                                           ; rom1:inst2|altsyncram:altsyncram_component|altsyncram_qlb1:auto_generated|altsyncram_67d2:altsyncram1|ram_block3a18~portb_address_reg0                            ; altera_reserved_tck ; altera_reserved_tck ; 0.000        ; 0.351      ; 1.077      ;
; 0.496 ; rom1:inst2|altsyncram:altsyncram_component|altsyncram_qlb1:auto_generated|sld_mod_ram_rom:mgl_prim2|ram_rom_addr_reg[3]                                           ; rom1:inst2|altsyncram:altsyncram_component|altsyncram_qlb1:auto_generated|altsyncram_67d2:altsyncram1|ram_block3a18~portb_address_reg0                            ; altera_reserved_tck ; altera_reserved_tck ; 0.000        ; 0.351      ; 1.077      ;
; 0.497 ; rom1:inst2|altsyncram:altsyncram_component|altsyncram_qlb1:auto_generated|sld_mod_ram_rom:mgl_prim2|ram_rom_data_reg[1]                                           ; rom1:inst2|altsyncram:altsyncram_component|altsyncram_qlb1:auto_generated|altsyncram_67d2:altsyncram1|ram_block3a0~portb_datain_reg0                              ; altera_reserved_tck ; altera_reserved_tck ; 0.000        ; 0.357      ; 1.084      ;
; 0.497 ; rom1:inst2|altsyncram:altsyncram_component|altsyncram_qlb1:auto_generated|sld_mod_ram_rom:mgl_prim2|ram_rom_data_reg[12]                                          ; rom1:inst2|altsyncram:altsyncram_component|altsyncram_qlb1:auto_generated|altsyncram_67d2:altsyncram1|ram_block3a0~portb_datain_reg0                              ; altera_reserved_tck ; altera_reserved_tck ; 0.000        ; 0.357      ; 1.084      ;
; 0.497 ; rom1:inst2|altsyncram:altsyncram_component|altsyncram_qlb1:auto_generated|sld_mod_ram_rom:mgl_prim2|ram_rom_data_reg[13]                                          ; rom1:inst2|altsyncram:altsyncram_component|altsyncram_qlb1:auto_generated|altsyncram_67d2:altsyncram1|ram_block3a0~portb_datain_reg0                              ; altera_reserved_tck ; altera_reserved_tck ; 0.000        ; 0.357      ; 1.084      ;
; 0.499 ; rom1:inst2|altsyncram:altsyncram_component|altsyncram_qlb1:auto_generated|sld_mod_ram_rom:mgl_prim2|ram_rom_data_reg[2]                                           ; rom1:inst2|altsyncram:altsyncram_component|altsyncram_qlb1:auto_generated|altsyncram_67d2:altsyncram1|ram_block3a0~portb_datain_reg0                              ; altera_reserved_tck ; altera_reserved_tck ; 0.000        ; 0.357      ; 1.086      ;
; 0.500 ; sld_hub:auto_hub|sld_jtag_hub:\jtag_hub_gen:sld_jtag_hub_inst|sld_shadow_jsm:shadow_jsm|state[7]                                                                  ; sld_hub:auto_hub|sld_jtag_hub:\jtag_hub_gen:sld_jtag_hub_inst|reset_ena_reg                                                                                       ; altera_reserved_tck ; altera_reserved_tck ; 0.000        ; 0.072      ; 0.767      ;
; 0.501 ; ram:inst15|altsyncram:altsyncram_component|altsyncram_oqj1:auto_generated|sld_mod_ram_rom:mgl_prim2|ram_rom_data_reg[4]                                           ; ram:inst15|altsyncram:altsyncram_component|altsyncram_oqj1:auto_generated|altsyncram_m3a2:altsyncram1|ram_block3a0~portb_datain_reg0                              ; altera_reserved_tck ; altera_reserved_tck ; 0.000        ; 0.361      ; 1.092      ;
; 0.501 ; rom1:inst2|altsyncram:altsyncram_component|altsyncram_qlb1:auto_generated|sld_mod_ram_rom:mgl_prim2|ram_rom_data_reg[18]                                          ; rom1:inst2|altsyncram:altsyncram_component|altsyncram_qlb1:auto_generated|altsyncram_67d2:altsyncram1|ram_block3a18~portb_datain_reg0                             ; altera_reserved_tck ; altera_reserved_tck ; 0.000        ; 0.354      ; 1.085      ;
; 0.507 ; rom1:inst2|altsyncram:altsyncram_component|altsyncram_qlb1:auto_generated|sld_mod_ram_rom:mgl_prim2|ram_rom_data_reg[8]                                           ; rom1:inst2|altsyncram:altsyncram_component|altsyncram_qlb1:auto_generated|altsyncram_67d2:altsyncram1|ram_block3a0~portb_datain_reg0                              ; altera_reserved_tck ; altera_reserved_tck ; 0.000        ; 0.357      ; 1.094      ;
; 0.508 ; ram:inst15|altsyncram:altsyncram_component|altsyncram_oqj1:auto_generated|sld_mod_ram_rom:mgl_prim2|ram_rom_data_reg[1]                                           ; ram:inst15|altsyncram:altsyncram_component|altsyncram_oqj1:auto_generated|altsyncram_m3a2:altsyncram1|ram_block3a0~portb_datain_reg0                              ; altera_reserved_tck ; altera_reserved_tck ; 0.000        ; 0.361      ; 1.099      ;
; 0.508 ; ram:inst15|altsyncram:altsyncram_component|altsyncram_oqj1:auto_generated|sld_mod_ram_rom:mgl_prim2|ram_rom_data_reg[5]                                           ; ram:inst15|altsyncram:altsyncram_component|altsyncram_oqj1:auto_generated|altsyncram_m3a2:altsyncram1|ram_block3a0~portb_datain_reg0                              ; altera_reserved_tck ; altera_reserved_tck ; 0.000        ; 0.361      ; 1.099      ;
; 0.511 ; ram:inst15|altsyncram:altsyncram_component|altsyncram_oqj1:auto_generated|sld_mod_ram_rom:mgl_prim2|ram_rom_data_reg[2]                                           ; ram:inst15|altsyncram:altsyncram_component|altsyncram_oqj1:auto_generated|altsyncram_m3a2:altsyncram1|ram_block3a0~portb_datain_reg0                              ; altera_reserved_tck ; altera_reserved_tck ; 0.000        ; 0.361      ; 1.102      ;
; 0.515 ; ram:inst15|altsyncram:altsyncram_component|altsyncram_oqj1:auto_generated|sld_mod_ram_rom:mgl_prim2|ram_rom_data_reg[3]                                           ; ram:inst15|altsyncram:altsyncram_component|altsyncram_oqj1:auto_generated|altsyncram_m3a2:altsyncram1|ram_block3a0~portb_datain_reg0                              ; altera_reserved_tck ; altera_reserved_tck ; 0.000        ; 0.361      ; 1.106      ;
; 0.516 ; rom1:inst2|altsyncram:altsyncram_component|altsyncram_qlb1:auto_generated|sld_mod_ram_rom:mgl_prim2|ram_rom_addr_reg[7]                                           ; rom1:inst2|altsyncram:altsyncram_component|altsyncram_qlb1:auto_generated|altsyncram_67d2:altsyncram1|ram_block3a18~portb_address_reg0                            ; altera_reserved_tck ; altera_reserved_tck ; 0.000        ; 0.351      ; 1.097      ;
; 0.516 ; rom1:inst2|altsyncram:altsyncram_component|altsyncram_qlb1:auto_generated|sld_mod_ram_rom:mgl_prim2|ram_rom_data_reg[5]                                           ; rom1:inst2|altsyncram:altsyncram_component|altsyncram_qlb1:auto_generated|altsyncram_67d2:altsyncram1|ram_block3a0~portb_datain_reg0                              ; altera_reserved_tck ; altera_reserved_tck ; 0.000        ; 0.357      ; 1.103      ;
; 0.517 ; rom1:inst2|altsyncram:altsyncram_component|altsyncram_qlb1:auto_generated|sld_mod_ram_rom:mgl_prim2|ram_rom_data_reg[20]                                          ; rom1:inst2|altsyncram:altsyncram_component|altsyncram_qlb1:auto_generated|altsyncram_67d2:altsyncram1|ram_block3a18~portb_datain_reg0                             ; altera_reserved_tck ; altera_reserved_tck ; 0.000        ; 0.354      ; 1.101      ;
; 0.518 ; rom1:inst2|altsyncram:altsyncram_component|altsyncram_qlb1:auto_generated|sld_mod_ram_rom:mgl_prim2|ram_rom_addr_reg[6]                                           ; rom1:inst2|altsyncram:altsyncram_component|altsyncram_qlb1:auto_generated|altsyncram_67d2:altsyncram1|ram_block3a18~portb_address_reg0                            ; altera_reserved_tck ; altera_reserved_tck ; 0.000        ; 0.351      ; 1.099      ;
; 0.532 ; rom1:inst2|altsyncram:altsyncram_component|altsyncram_qlb1:auto_generated|sld_mod_ram_rom:mgl_prim2|ram_rom_data_reg[14]                                          ; rom1:inst2|altsyncram:altsyncram_component|altsyncram_qlb1:auto_generated|altsyncram_67d2:altsyncram1|ram_block3a0~portb_datain_reg0                              ; altera_reserved_tck ; altera_reserved_tck ; 0.000        ; 0.357      ; 1.119      ;
; 0.534 ; rom1:inst2|altsyncram:altsyncram_component|altsyncram_qlb1:auto_generated|sld_mod_ram_rom:mgl_prim2|ram_rom_data_reg[10]                                          ; rom1:inst2|altsyncram:altsyncram_component|altsyncram_qlb1:auto_generated|altsyncram_67d2:altsyncram1|ram_block3a0~portb_datain_reg0                              ; altera_reserved_tck ; altera_reserved_tck ; 0.000        ; 0.357      ; 1.121      ;
; 0.535 ; rom1:inst2|altsyncram:altsyncram_component|altsyncram_qlb1:auto_generated|sld_mod_ram_rom:mgl_prim2|ram_rom_data_reg[3]                                           ; rom1:inst2|altsyncram:altsyncram_component|altsyncram_qlb1:auto_generated|altsyncram_67d2:altsyncram1|ram_block3a0~portb_datain_reg0                              ; altera_reserved_tck ; altera_reserved_tck ; 0.000        ; 0.357      ; 1.122      ;
; 0.539 ; rom1:inst2|altsyncram:altsyncram_component|altsyncram_qlb1:auto_generated|sld_mod_ram_rom:mgl_prim2|ram_rom_data_reg[7]                                           ; rom1:inst2|altsyncram:altsyncram_component|altsyncram_qlb1:auto_generated|altsyncram_67d2:altsyncram1|ram_block3a0~portb_datain_reg0                              ; altera_reserved_tck ; altera_reserved_tck ; 0.000        ; 0.357      ; 1.126      ;
; 0.587 ; ram:inst15|altsyncram:altsyncram_component|altsyncram_oqj1:auto_generated|sld_mod_ram_rom:mgl_prim2|ram_rom_addr_reg[0]                                           ; ram:inst15|altsyncram:altsyncram_component|altsyncram_oqj1:auto_generated|altsyncram_m3a2:altsyncram1|ram_block3a0~portb_address_reg0                             ; altera_reserved_tck ; altera_reserved_tck ; 0.000        ; 0.377      ; 1.194      ;
; 0.587 ; rom1:inst2|altsyncram:altsyncram_component|altsyncram_qlb1:auto_generated|sld_mod_ram_rom:mgl_prim2|ram_rom_addr_reg[0]                                           ; rom1:inst2|altsyncram:altsyncram_component|altsyncram_qlb1:auto_generated|altsyncram_67d2:altsyncram1|ram_block3a0~portb_address_reg0                             ; altera_reserved_tck ; altera_reserved_tck ; 0.000        ; 0.355      ; 1.172      ;
; 0.589 ; ram:inst15|altsyncram:altsyncram_component|altsyncram_oqj1:auto_generated|sld_mod_ram_rom:mgl_prim2|ram_rom_addr_reg[2]                                           ; ram:inst15|altsyncram:altsyncram_component|altsyncram_oqj1:auto_generated|altsyncram_m3a2:altsyncram1|ram_block3a0~portb_address_reg0                             ; altera_reserved_tck ; altera_reserved_tck ; 0.000        ; 0.377      ; 1.196      ;
; 0.597 ; ram:inst15|altsyncram:altsyncram_component|altsyncram_oqj1:auto_generated|sld_mod_ram_rom:mgl_prim2|ram_rom_addr_reg[1]                                           ; ram:inst15|altsyncram:altsyncram_component|altsyncram_oqj1:auto_generated|altsyncram_m3a2:altsyncram1|ram_block3a0~portb_address_reg0                             ; altera_reserved_tck ; altera_reserved_tck ; 0.000        ; 0.377      ; 1.204      ;
; 0.598 ; sld_hub:auto_hub|sld_jtag_hub:\jtag_hub_gen:sld_jtag_hub_inst|hub_mode_reg[2]                                                                                     ; sld_hub:auto_hub|sld_jtag_hub:\jtag_hub_gen:sld_jtag_hub_inst|clr_reg                                                                                             ; altera_reserved_tck ; altera_reserved_tck ; 0.000        ; 0.073      ; 0.866      ;
; 0.599 ; sld_hub:auto_hub|sld_jtag_hub:\jtag_hub_gen:sld_jtag_hub_inst|shadow_irf_reg[2][2]                                                                                ; sld_hub:auto_hub|sld_jtag_hub:\jtag_hub_gen:sld_jtag_hub_inst|irf_reg[2][2]                                                                                       ; altera_reserved_tck ; altera_reserved_tck ; 0.000        ; 0.072      ; 0.866      ;
; 0.599 ; sld_hub:auto_hub|sld_jtag_hub:\jtag_hub_gen:sld_jtag_hub_inst|shadow_irf_reg[2][4]                                                                                ; sld_hub:auto_hub|sld_jtag_hub:\jtag_hub_gen:sld_jtag_hub_inst|irf_reg[2][4]                                                                                       ; altera_reserved_tck ; altera_reserved_tck ; 0.000        ; 0.072      ; 0.866      ;
; 0.600 ; sld_hub:auto_hub|sld_jtag_hub:\jtag_hub_gen:sld_jtag_hub_inst|shadow_irf_reg[2][3]                                                                                ; sld_hub:auto_hub|sld_jtag_hub:\jtag_hub_gen:sld_jtag_hub_inst|irf_reg[2][3]                                                                                       ; altera_reserved_tck ; altera_reserved_tck ; 0.000        ; 0.072      ; 0.867      ;
; 0.600 ; sld_hub:auto_hub|sld_jtag_hub:\jtag_hub_gen:sld_jtag_hub_inst|sld_shadow_jsm:shadow_jsm|state[13]                                                                 ; sld_hub:auto_hub|sld_jtag_hub:\jtag_hub_gen:sld_jtag_hub_inst|sld_shadow_jsm:shadow_jsm|state[14]                                                                 ; altera_reserved_tck ; altera_reserved_tck ; 0.000        ; 0.072      ; 0.867      ;
+-------+-------------------------------------------------------------------------------------------------------------------------------------------------------------------+-------------------------------------------------------------------------------------------------------------------------------------------------------------------+---------------------+---------------------+--------------+------------+------------+


+-------------------------------------------------------------------------------------------------------------------------------------------------------------------------------------------------------------------------------------------------------------------------------------------------------------------------------------+
; Slow 1200mV 0C Model Recovery: 'altera_reserved_tck'                                                                                                                                                                                                                                                                                ;
+--------+--------------------------------------------------------------------------------------------------+------------------------------------------------------------------------------------------------------------------------------------+---------------------+---------------------+--------------+------------+------------+
; Slack  ; From Node                                                                                        ; To Node                                                                                                                            ; Launch Clock        ; Latch Clock         ; Relationship ; Clock Skew ; Data Delay ;
+--------+--------------------------------------------------------------------------------------------------+------------------------------------------------------------------------------------------------------------------------------------+---------------------+---------------------+--------------+------------+------------+
; 47.413 ; sld_hub:auto_hub|sld_jtag_hub:\jtag_hub_gen:sld_jtag_hub_inst|sld_shadow_jsm:shadow_jsm|state[8] ; sld_hub:auto_hub|sld_jtag_hub:\jtag_hub_gen:sld_jtag_hub_inst|tdo                                                                  ; altera_reserved_tck ; altera_reserved_tck ; 50.000       ; 0.341      ; 2.950      ;
; 96.456 ; sld_hub:auto_hub|sld_jtag_hub:\jtag_hub_gen:sld_jtag_hub_inst|irf_reg[2][4]                      ; rom1:inst2|altsyncram:altsyncram_component|altsyncram_qlb1:auto_generated|sld_mod_ram_rom:mgl_prim2|ir_loaded_address_reg[2]       ; altera_reserved_tck ; altera_reserved_tck ; 100.000      ; -0.091     ; 3.475      ;
; 96.456 ; sld_hub:auto_hub|sld_jtag_hub:\jtag_hub_gen:sld_jtag_hub_inst|irf_reg[2][4]                      ; rom1:inst2|altsyncram:altsyncram_component|altsyncram_qlb1:auto_generated|sld_mod_ram_rom:mgl_prim2|ir_loaded_address_reg[3]       ; altera_reserved_tck ; altera_reserved_tck ; 100.000      ; -0.091     ; 3.475      ;
; 96.456 ; sld_hub:auto_hub|sld_jtag_hub:\jtag_hub_gen:sld_jtag_hub_inst|irf_reg[2][4]                      ; rom1:inst2|altsyncram:altsyncram_component|altsyncram_qlb1:auto_generated|sld_mod_ram_rom:mgl_prim2|ir_loaded_address_reg[0]       ; altera_reserved_tck ; altera_reserved_tck ; 100.000      ; -0.091     ; 3.475      ;
; 96.456 ; sld_hub:auto_hub|sld_jtag_hub:\jtag_hub_gen:sld_jtag_hub_inst|irf_reg[2][4]                      ; rom1:inst2|altsyncram:altsyncram_component|altsyncram_qlb1:auto_generated|sld_mod_ram_rom:mgl_prim2|ir_loaded_address_reg[1]       ; altera_reserved_tck ; altera_reserved_tck ; 100.000      ; -0.091     ; 3.475      ;
; 97.144 ; sld_hub:auto_hub|sld_jtag_hub:\jtag_hub_gen:sld_jtag_hub_inst|irf_reg[2][0]                      ; rom1:inst2|altsyncram:altsyncram_component|altsyncram_qlb1:auto_generated|sld_mod_ram_rom:mgl_prim2|ir_loaded_address_reg[2]       ; altera_reserved_tck ; altera_reserved_tck ; 100.000      ; -0.091     ; 2.787      ;
; 97.144 ; sld_hub:auto_hub|sld_jtag_hub:\jtag_hub_gen:sld_jtag_hub_inst|irf_reg[2][0]                      ; rom1:inst2|altsyncram:altsyncram_component|altsyncram_qlb1:auto_generated|sld_mod_ram_rom:mgl_prim2|ir_loaded_address_reg[3]       ; altera_reserved_tck ; altera_reserved_tck ; 100.000      ; -0.091     ; 2.787      ;
; 97.144 ; sld_hub:auto_hub|sld_jtag_hub:\jtag_hub_gen:sld_jtag_hub_inst|irf_reg[2][0]                      ; rom1:inst2|altsyncram:altsyncram_component|altsyncram_qlb1:auto_generated|sld_mod_ram_rom:mgl_prim2|ir_loaded_address_reg[0]       ; altera_reserved_tck ; altera_reserved_tck ; 100.000      ; -0.091     ; 2.787      ;
; 97.144 ; sld_hub:auto_hub|sld_jtag_hub:\jtag_hub_gen:sld_jtag_hub_inst|irf_reg[2][0]                      ; rom1:inst2|altsyncram:altsyncram_component|altsyncram_qlb1:auto_generated|sld_mod_ram_rom:mgl_prim2|ir_loaded_address_reg[1]       ; altera_reserved_tck ; altera_reserved_tck ; 100.000      ; -0.091     ; 2.787      ;
; 97.361 ; sld_hub:auto_hub|sld_jtag_hub:\jtag_hub_gen:sld_jtag_hub_inst|irf_reg[1][0]                      ; ram:inst15|altsyncram:altsyncram_component|altsyncram_oqj1:auto_generated|sld_mod_ram_rom:mgl_prim2|ir_loaded_address_reg[2]       ; altera_reserved_tck ; altera_reserved_tck ; 100.000      ; -0.053     ; 2.608      ;
; 97.361 ; sld_hub:auto_hub|sld_jtag_hub:\jtag_hub_gen:sld_jtag_hub_inst|irf_reg[1][0]                      ; ram:inst15|altsyncram:altsyncram_component|altsyncram_oqj1:auto_generated|sld_mod_ram_rom:mgl_prim2|ir_loaded_address_reg[3]       ; altera_reserved_tck ; altera_reserved_tck ; 100.000      ; -0.053     ; 2.608      ;
; 97.361 ; sld_hub:auto_hub|sld_jtag_hub:\jtag_hub_gen:sld_jtag_hub_inst|irf_reg[1][0]                      ; ram:inst15|altsyncram:altsyncram_component|altsyncram_oqj1:auto_generated|sld_mod_ram_rom:mgl_prim2|ir_loaded_address_reg[0]       ; altera_reserved_tck ; altera_reserved_tck ; 100.000      ; -0.053     ; 2.608      ;
; 97.361 ; sld_hub:auto_hub|sld_jtag_hub:\jtag_hub_gen:sld_jtag_hub_inst|irf_reg[1][0]                      ; ram:inst15|altsyncram:altsyncram_component|altsyncram_oqj1:auto_generated|sld_mod_ram_rom:mgl_prim2|ir_loaded_address_reg[1]       ; altera_reserved_tck ; altera_reserved_tck ; 100.000      ; -0.053     ; 2.608      ;
; 97.550 ; sld_hub:auto_hub|sld_jtag_hub:\jtag_hub_gen:sld_jtag_hub_inst|irf_reg[1][4]                      ; ram:inst15|altsyncram:altsyncram_component|altsyncram_oqj1:auto_generated|sld_mod_ram_rom:mgl_prim2|ir_loaded_address_reg[2]       ; altera_reserved_tck ; altera_reserved_tck ; 100.000      ; -0.053     ; 2.419      ;
; 97.550 ; sld_hub:auto_hub|sld_jtag_hub:\jtag_hub_gen:sld_jtag_hub_inst|irf_reg[1][4]                      ; ram:inst15|altsyncram:altsyncram_component|altsyncram_oqj1:auto_generated|sld_mod_ram_rom:mgl_prim2|ir_loaded_address_reg[3]       ; altera_reserved_tck ; altera_reserved_tck ; 100.000      ; -0.053     ; 2.419      ;
; 97.550 ; sld_hub:auto_hub|sld_jtag_hub:\jtag_hub_gen:sld_jtag_hub_inst|irf_reg[1][4]                      ; ram:inst15|altsyncram:altsyncram_component|altsyncram_oqj1:auto_generated|sld_mod_ram_rom:mgl_prim2|ir_loaded_address_reg[0]       ; altera_reserved_tck ; altera_reserved_tck ; 100.000      ; -0.053     ; 2.419      ;
; 97.550 ; sld_hub:auto_hub|sld_jtag_hub:\jtag_hub_gen:sld_jtag_hub_inst|irf_reg[1][4]                      ; ram:inst15|altsyncram:altsyncram_component|altsyncram_oqj1:auto_generated|sld_mod_ram_rom:mgl_prim2|ir_loaded_address_reg[1]       ; altera_reserved_tck ; altera_reserved_tck ; 100.000      ; -0.053     ; 2.419      ;
; 97.629 ; sld_hub:auto_hub|sld_jtag_hub:\jtag_hub_gen:sld_jtag_hub_inst|virtual_ir_scan_reg                ; sld_hub:auto_hub|sld_jtag_hub:\jtag_hub_gen:sld_jtag_hub_inst|hub_mode_reg[2]                                                      ; altera_reserved_tck ; altera_reserved_tck ; 100.000      ; -0.058     ; 2.335      ;
; 97.685 ; sld_hub:auto_hub|sld_jtag_hub:\jtag_hub_gen:sld_jtag_hub_inst|clr_reg                            ; ram:inst15|altsyncram:altsyncram_component|altsyncram_oqj1:auto_generated|sld_mod_ram_rom:mgl_prim2|is_in_use_reg                  ; altera_reserved_tck ; altera_reserved_tck ; 100.000      ; -0.085     ; 2.252      ;
; 97.685 ; sld_hub:auto_hub|sld_jtag_hub:\jtag_hub_gen:sld_jtag_hub_inst|clr_reg                            ; ram:inst15|altsyncram:altsyncram_component|altsyncram_oqj1:auto_generated|sld_mod_ram_rom:mgl_prim2|bypass_reg_out                 ; altera_reserved_tck ; altera_reserved_tck ; 100.000      ; -0.085     ; 2.252      ;
; 97.690 ; sld_hub:auto_hub|sld_jtag_hub:\jtag_hub_gen:sld_jtag_hub_inst|irf_reg[2][0]                      ; rom1:inst2|altsyncram:altsyncram_component|altsyncram_qlb1:auto_generated|sld_mod_ram_rom:mgl_prim2|ram_rom_addr_reg[1]            ; altera_reserved_tck ; altera_reserved_tck ; 100.000      ; -0.084     ; 2.248      ;
; 97.690 ; sld_hub:auto_hub|sld_jtag_hub:\jtag_hub_gen:sld_jtag_hub_inst|irf_reg[2][0]                      ; rom1:inst2|altsyncram:altsyncram_component|altsyncram_qlb1:auto_generated|sld_mod_ram_rom:mgl_prim2|ram_rom_addr_reg[0]            ; altera_reserved_tck ; altera_reserved_tck ; 100.000      ; -0.084     ; 2.248      ;
; 97.690 ; sld_hub:auto_hub|sld_jtag_hub:\jtag_hub_gen:sld_jtag_hub_inst|irf_reg[2][0]                      ; rom1:inst2|altsyncram:altsyncram_component|altsyncram_qlb1:auto_generated|sld_mod_ram_rom:mgl_prim2|ram_rom_addr_reg[7]            ; altera_reserved_tck ; altera_reserved_tck ; 100.000      ; -0.084     ; 2.248      ;
; 97.690 ; sld_hub:auto_hub|sld_jtag_hub:\jtag_hub_gen:sld_jtag_hub_inst|irf_reg[2][0]                      ; rom1:inst2|altsyncram:altsyncram_component|altsyncram_qlb1:auto_generated|sld_mod_ram_rom:mgl_prim2|ram_rom_addr_reg[6]            ; altera_reserved_tck ; altera_reserved_tck ; 100.000      ; -0.084     ; 2.248      ;
; 97.690 ; sld_hub:auto_hub|sld_jtag_hub:\jtag_hub_gen:sld_jtag_hub_inst|irf_reg[2][0]                      ; rom1:inst2|altsyncram:altsyncram_component|altsyncram_qlb1:auto_generated|sld_mod_ram_rom:mgl_prim2|ram_rom_addr_reg[5]            ; altera_reserved_tck ; altera_reserved_tck ; 100.000      ; -0.084     ; 2.248      ;
; 97.690 ; sld_hub:auto_hub|sld_jtag_hub:\jtag_hub_gen:sld_jtag_hub_inst|irf_reg[2][0]                      ; rom1:inst2|altsyncram:altsyncram_component|altsyncram_qlb1:auto_generated|sld_mod_ram_rom:mgl_prim2|ram_rom_addr_reg[4]            ; altera_reserved_tck ; altera_reserved_tck ; 100.000      ; -0.084     ; 2.248      ;
; 97.690 ; sld_hub:auto_hub|sld_jtag_hub:\jtag_hub_gen:sld_jtag_hub_inst|irf_reg[2][0]                      ; rom1:inst2|altsyncram:altsyncram_component|altsyncram_qlb1:auto_generated|sld_mod_ram_rom:mgl_prim2|ram_rom_addr_reg[3]            ; altera_reserved_tck ; altera_reserved_tck ; 100.000      ; -0.084     ; 2.248      ;
; 97.690 ; sld_hub:auto_hub|sld_jtag_hub:\jtag_hub_gen:sld_jtag_hub_inst|irf_reg[2][0]                      ; rom1:inst2|altsyncram:altsyncram_component|altsyncram_qlb1:auto_generated|sld_mod_ram_rom:mgl_prim2|ram_rom_addr_reg[2]            ; altera_reserved_tck ; altera_reserved_tck ; 100.000      ; -0.084     ; 2.248      ;
; 97.692 ; sld_hub:auto_hub|sld_jtag_hub:\jtag_hub_gen:sld_jtag_hub_inst|clr_reg                            ; sld_hub:auto_hub|sld_jtag_hub:\jtag_hub_gen:sld_jtag_hub_inst|shadow_irf_reg[1][2]                                                 ; altera_reserved_tck ; altera_reserved_tck ; 100.000      ; -0.088     ; 2.242      ;
; 97.692 ; sld_hub:auto_hub|sld_jtag_hub:\jtag_hub_gen:sld_jtag_hub_inst|clr_reg                            ; sld_hub:auto_hub|sld_jtag_hub:\jtag_hub_gen:sld_jtag_hub_inst|irf_reg[1][2]                                                        ; altera_reserved_tck ; altera_reserved_tck ; 100.000      ; -0.088     ; 2.242      ;
; 97.692 ; sld_hub:auto_hub|sld_jtag_hub:\jtag_hub_gen:sld_jtag_hub_inst|clr_reg                            ; sld_hub:auto_hub|sld_jtag_hub:\jtag_hub_gen:sld_jtag_hub_inst|shadow_irf_reg[1][1]                                                 ; altera_reserved_tck ; altera_reserved_tck ; 100.000      ; -0.088     ; 2.242      ;
; 97.692 ; sld_hub:auto_hub|sld_jtag_hub:\jtag_hub_gen:sld_jtag_hub_inst|clr_reg                            ; sld_hub:auto_hub|sld_jtag_hub:\jtag_hub_gen:sld_jtag_hub_inst|irf_reg[1][1]                                                        ; altera_reserved_tck ; altera_reserved_tck ; 100.000      ; -0.088     ; 2.242      ;
; 97.692 ; sld_hub:auto_hub|sld_jtag_hub:\jtag_hub_gen:sld_jtag_hub_inst|clr_reg                            ; sld_hub:auto_hub|sld_jtag_hub:\jtag_hub_gen:sld_jtag_hub_inst|shadow_irf_reg[1][0]                                                 ; altera_reserved_tck ; altera_reserved_tck ; 100.000      ; -0.088     ; 2.242      ;
; 97.692 ; sld_hub:auto_hub|sld_jtag_hub:\jtag_hub_gen:sld_jtag_hub_inst|clr_reg                            ; sld_hub:auto_hub|sld_jtag_hub:\jtag_hub_gen:sld_jtag_hub_inst|irf_reg[1][0]                                                        ; altera_reserved_tck ; altera_reserved_tck ; 100.000      ; -0.088     ; 2.242      ;
; 97.692 ; sld_hub:auto_hub|sld_jtag_hub:\jtag_hub_gen:sld_jtag_hub_inst|clr_reg                            ; sld_hub:auto_hub|sld_jtag_hub:\jtag_hub_gen:sld_jtag_hub_inst|shadow_irf_reg[1][4]                                                 ; altera_reserved_tck ; altera_reserved_tck ; 100.000      ; -0.088     ; 2.242      ;
; 97.692 ; sld_hub:auto_hub|sld_jtag_hub:\jtag_hub_gen:sld_jtag_hub_inst|clr_reg                            ; sld_hub:auto_hub|sld_jtag_hub:\jtag_hub_gen:sld_jtag_hub_inst|irf_reg[1][4]                                                        ; altera_reserved_tck ; altera_reserved_tck ; 100.000      ; -0.088     ; 2.242      ;
; 97.692 ; sld_hub:auto_hub|sld_jtag_hub:\jtag_hub_gen:sld_jtag_hub_inst|clr_reg                            ; sld_hub:auto_hub|sld_jtag_hub:\jtag_hub_gen:sld_jtag_hub_inst|shadow_irf_reg[1][3]                                                 ; altera_reserved_tck ; altera_reserved_tck ; 100.000      ; -0.088     ; 2.242      ;
; 97.692 ; sld_hub:auto_hub|sld_jtag_hub:\jtag_hub_gen:sld_jtag_hub_inst|clr_reg                            ; sld_hub:auto_hub|sld_jtag_hub:\jtag_hub_gen:sld_jtag_hub_inst|irf_reg[1][3]                                                        ; altera_reserved_tck ; altera_reserved_tck ; 100.000      ; -0.088     ; 2.242      ;
; 97.724 ; sld_hub:auto_hub|sld_jtag_hub:\jtag_hub_gen:sld_jtag_hub_inst|clr_reg                            ; sld_hub:auto_hub|sld_jtag_hub:\jtag_hub_gen:sld_jtag_hub_inst|node_ena[1]~reg0                                                     ; altera_reserved_tck ; altera_reserved_tck ; 100.000      ; -0.085     ; 2.213      ;
; 97.724 ; sld_hub:auto_hub|sld_jtag_hub:\jtag_hub_gen:sld_jtag_hub_inst|clr_reg                            ; sld_hub:auto_hub|sld_jtag_hub:\jtag_hub_gen:sld_jtag_hub_inst|node_ena[2]~reg0                                                     ; altera_reserved_tck ; altera_reserved_tck ; 100.000      ; -0.085     ; 2.213      ;
; 97.732 ; sld_hub:auto_hub|sld_jtag_hub:\jtag_hub_gen:sld_jtag_hub_inst|clr_reg                            ; rom1:inst2|altsyncram:altsyncram_component|altsyncram_qlb1:auto_generated|sld_mod_ram_rom:mgl_prim2|is_in_use_reg                  ; altera_reserved_tck ; altera_reserved_tck ; 100.000      ; -0.082     ; 2.208      ;
; 97.732 ; sld_hub:auto_hub|sld_jtag_hub:\jtag_hub_gen:sld_jtag_hub_inst|clr_reg                            ; rom1:inst2|altsyncram:altsyncram_component|altsyncram_qlb1:auto_generated|sld_mod_ram_rom:mgl_prim2|bypass_reg_out                 ; altera_reserved_tck ; altera_reserved_tck ; 100.000      ; -0.082     ; 2.208      ;
; 97.967 ; sld_hub:auto_hub|sld_jtag_hub:\jtag_hub_gen:sld_jtag_hub_inst|irf_reg[1][3]                      ; ram:inst15|altsyncram:altsyncram_component|altsyncram_oqj1:auto_generated|sld_mod_ram_rom:mgl_prim2|ram_rom_data_shift_cntr_reg[1] ; altera_reserved_tck ; altera_reserved_tck ; 100.000      ; -0.052     ; 2.003      ;
; 97.967 ; sld_hub:auto_hub|sld_jtag_hub:\jtag_hub_gen:sld_jtag_hub_inst|irf_reg[1][3]                      ; ram:inst15|altsyncram:altsyncram_component|altsyncram_oqj1:auto_generated|sld_mod_ram_rom:mgl_prim2|ram_rom_data_shift_cntr_reg[0] ; altera_reserved_tck ; altera_reserved_tck ; 100.000      ; -0.052     ; 2.003      ;
; 97.967 ; sld_hub:auto_hub|sld_jtag_hub:\jtag_hub_gen:sld_jtag_hub_inst|irf_reg[1][3]                      ; ram:inst15|altsyncram:altsyncram_component|altsyncram_oqj1:auto_generated|sld_mod_ram_rom:mgl_prim2|ram_rom_data_shift_cntr_reg[2] ; altera_reserved_tck ; altera_reserved_tck ; 100.000      ; -0.052     ; 2.003      ;
; 97.971 ; sld_hub:auto_hub|sld_jtag_hub:\jtag_hub_gen:sld_jtag_hub_inst|sld_shadow_jsm:shadow_jsm|state[0] ; sld_hub:auto_hub|sld_jtag_hub:\jtag_hub_gen:sld_jtag_hub_inst|jtag_ir_reg[9]                                                       ; altera_reserved_tck ; altera_reserved_tck ; 100.000      ; -0.075     ; 1.976      ;
; 97.971 ; sld_hub:auto_hub|sld_jtag_hub:\jtag_hub_gen:sld_jtag_hub_inst|sld_shadow_jsm:shadow_jsm|state[0] ; sld_hub:auto_hub|sld_jtag_hub:\jtag_hub_gen:sld_jtag_hub_inst|jtag_ir_reg[8]                                                       ; altera_reserved_tck ; altera_reserved_tck ; 100.000      ; -0.075     ; 1.976      ;
; 97.971 ; sld_hub:auto_hub|sld_jtag_hub:\jtag_hub_gen:sld_jtag_hub_inst|sld_shadow_jsm:shadow_jsm|state[0] ; sld_hub:auto_hub|sld_jtag_hub:\jtag_hub_gen:sld_jtag_hub_inst|jtag_ir_reg[7]                                                       ; altera_reserved_tck ; altera_reserved_tck ; 100.000      ; -0.075     ; 1.976      ;
; 97.971 ; sld_hub:auto_hub|sld_jtag_hub:\jtag_hub_gen:sld_jtag_hub_inst|sld_shadow_jsm:shadow_jsm|state[0] ; sld_hub:auto_hub|sld_jtag_hub:\jtag_hub_gen:sld_jtag_hub_inst|jtag_ir_reg[6]                                                       ; altera_reserved_tck ; altera_reserved_tck ; 100.000      ; -0.075     ; 1.976      ;
; 97.971 ; sld_hub:auto_hub|sld_jtag_hub:\jtag_hub_gen:sld_jtag_hub_inst|sld_shadow_jsm:shadow_jsm|state[0] ; sld_hub:auto_hub|sld_jtag_hub:\jtag_hub_gen:sld_jtag_hub_inst|jtag_ir_reg[5]                                                       ; altera_reserved_tck ; altera_reserved_tck ; 100.000      ; -0.075     ; 1.976      ;
; 97.971 ; sld_hub:auto_hub|sld_jtag_hub:\jtag_hub_gen:sld_jtag_hub_inst|sld_shadow_jsm:shadow_jsm|state[0] ; sld_hub:auto_hub|sld_jtag_hub:\jtag_hub_gen:sld_jtag_hub_inst|jtag_ir_reg[4]                                                       ; altera_reserved_tck ; altera_reserved_tck ; 100.000      ; -0.075     ; 1.976      ;
; 97.971 ; sld_hub:auto_hub|sld_jtag_hub:\jtag_hub_gen:sld_jtag_hub_inst|sld_shadow_jsm:shadow_jsm|state[0] ; sld_hub:auto_hub|sld_jtag_hub:\jtag_hub_gen:sld_jtag_hub_inst|jtag_ir_reg[3]                                                       ; altera_reserved_tck ; altera_reserved_tck ; 100.000      ; -0.075     ; 1.976      ;
; 97.971 ; sld_hub:auto_hub|sld_jtag_hub:\jtag_hub_gen:sld_jtag_hub_inst|sld_shadow_jsm:shadow_jsm|state[0] ; sld_hub:auto_hub|sld_jtag_hub:\jtag_hub_gen:sld_jtag_hub_inst|jtag_ir_reg[2]                                                       ; altera_reserved_tck ; altera_reserved_tck ; 100.000      ; -0.075     ; 1.976      ;
; 97.971 ; sld_hub:auto_hub|sld_jtag_hub:\jtag_hub_gen:sld_jtag_hub_inst|sld_shadow_jsm:shadow_jsm|state[0] ; sld_hub:auto_hub|sld_jtag_hub:\jtag_hub_gen:sld_jtag_hub_inst|jtag_ir_reg[1]                                                       ; altera_reserved_tck ; altera_reserved_tck ; 100.000      ; -0.075     ; 1.976      ;
; 97.971 ; sld_hub:auto_hub|sld_jtag_hub:\jtag_hub_gen:sld_jtag_hub_inst|sld_shadow_jsm:shadow_jsm|state[0] ; sld_hub:auto_hub|sld_jtag_hub:\jtag_hub_gen:sld_jtag_hub_inst|jtag_ir_reg[0]                                                       ; altera_reserved_tck ; altera_reserved_tck ; 100.000      ; -0.075     ; 1.976      ;
; 97.971 ; sld_hub:auto_hub|sld_jtag_hub:\jtag_hub_gen:sld_jtag_hub_inst|sld_shadow_jsm:shadow_jsm|state[0] ; sld_hub:auto_hub|sld_jtag_hub:\jtag_hub_gen:sld_jtag_hub_inst|virtual_dr_scan_reg                                                  ; altera_reserved_tck ; altera_reserved_tck ; 100.000      ; -0.075     ; 1.976      ;
; 97.971 ; sld_hub:auto_hub|sld_jtag_hub:\jtag_hub_gen:sld_jtag_hub_inst|sld_shadow_jsm:shadow_jsm|state[0] ; sld_hub:auto_hub|sld_jtag_hub:\jtag_hub_gen:sld_jtag_hub_inst|virtual_ir_scan_reg                                                  ; altera_reserved_tck ; altera_reserved_tck ; 100.000      ; -0.075     ; 1.976      ;
; 97.975 ; sld_hub:auto_hub|sld_jtag_hub:\jtag_hub_gen:sld_jtag_hub_inst|irf_reg[2][3]                      ; rom1:inst2|altsyncram:altsyncram_component|altsyncram_qlb1:auto_generated|sld_mod_ram_rom:mgl_prim2|ram_rom_data_shift_cntr_reg[0] ; altera_reserved_tck ; altera_reserved_tck ; 100.000      ; -0.086     ; 1.961      ;
; 97.975 ; sld_hub:auto_hub|sld_jtag_hub:\jtag_hub_gen:sld_jtag_hub_inst|irf_reg[2][3]                      ; rom1:inst2|altsyncram:altsyncram_component|altsyncram_qlb1:auto_generated|sld_mod_ram_rom:mgl_prim2|ram_rom_data_shift_cntr_reg[2] ; altera_reserved_tck ; altera_reserved_tck ; 100.000      ; -0.086     ; 1.961      ;
; 97.975 ; sld_hub:auto_hub|sld_jtag_hub:\jtag_hub_gen:sld_jtag_hub_inst|irf_reg[2][3]                      ; rom1:inst2|altsyncram:altsyncram_component|altsyncram_qlb1:auto_generated|sld_mod_ram_rom:mgl_prim2|ram_rom_data_shift_cntr_reg[3] ; altera_reserved_tck ; altera_reserved_tck ; 100.000      ; -0.086     ; 1.961      ;
; 97.975 ; sld_hub:auto_hub|sld_jtag_hub:\jtag_hub_gen:sld_jtag_hub_inst|irf_reg[2][3]                      ; rom1:inst2|altsyncram:altsyncram_component|altsyncram_qlb1:auto_generated|sld_mod_ram_rom:mgl_prim2|ram_rom_data_shift_cntr_reg[4] ; altera_reserved_tck ; altera_reserved_tck ; 100.000      ; -0.086     ; 1.961      ;
; 97.975 ; sld_hub:auto_hub|sld_jtag_hub:\jtag_hub_gen:sld_jtag_hub_inst|irf_reg[2][3]                      ; rom1:inst2|altsyncram:altsyncram_component|altsyncram_qlb1:auto_generated|sld_mod_ram_rom:mgl_prim2|ram_rom_data_shift_cntr_reg[1] ; altera_reserved_tck ; altera_reserved_tck ; 100.000      ; -0.086     ; 1.961      ;
; 98.000 ; sld_hub:auto_hub|sld_jtag_hub:\jtag_hub_gen:sld_jtag_hub_inst|clr_reg                            ; sld_hub:auto_hub|sld_jtag_hub:\jtag_hub_gen:sld_jtag_hub_inst|hub_mode_reg[1]                                                      ; altera_reserved_tck ; altera_reserved_tck ; 100.000      ; -0.084     ; 1.938      ;
; 98.000 ; sld_hub:auto_hub|sld_jtag_hub:\jtag_hub_gen:sld_jtag_hub_inst|clr_reg                            ; sld_hub:auto_hub|sld_jtag_hub:\jtag_hub_gen:sld_jtag_hub_inst|irsr_reg[5]                                                          ; altera_reserved_tck ; altera_reserved_tck ; 100.000      ; -0.084     ; 1.938      ;
; 98.086 ; sld_hub:auto_hub|sld_jtag_hub:\jtag_hub_gen:sld_jtag_hub_inst|clr_reg                            ; sld_hub:auto_hub|sld_jtag_hub:\jtag_hub_gen:sld_jtag_hub_inst|irsr_reg[6]                                                          ; altera_reserved_tck ; altera_reserved_tck ; 100.000      ; -0.078     ; 1.858      ;
; 98.086 ; sld_hub:auto_hub|sld_jtag_hub:\jtag_hub_gen:sld_jtag_hub_inst|clr_reg                            ; sld_hub:auto_hub|sld_jtag_hub:\jtag_hub_gen:sld_jtag_hub_inst|hub_mode_reg[0]                                                      ; altera_reserved_tck ; altera_reserved_tck ; 100.000      ; -0.078     ; 1.858      ;
; 98.086 ; sld_hub:auto_hub|sld_jtag_hub:\jtag_hub_gen:sld_jtag_hub_inst|clr_reg                            ; sld_hub:auto_hub|sld_jtag_hub:\jtag_hub_gen:sld_jtag_hub_inst|irsr_reg[3]                                                          ; altera_reserved_tck ; altera_reserved_tck ; 100.000      ; -0.078     ; 1.858      ;
; 98.086 ; sld_hub:auto_hub|sld_jtag_hub:\jtag_hub_gen:sld_jtag_hub_inst|clr_reg                            ; sld_hub:auto_hub|sld_jtag_hub:\jtag_hub_gen:sld_jtag_hub_inst|irsr_reg[4]                                                          ; altera_reserved_tck ; altera_reserved_tck ; 100.000      ; -0.078     ; 1.858      ;
; 98.086 ; sld_hub:auto_hub|sld_jtag_hub:\jtag_hub_gen:sld_jtag_hub_inst|clr_reg                            ; sld_hub:auto_hub|sld_jtag_hub:\jtag_hub_gen:sld_jtag_hub_inst|irsr_reg[1]                                                          ; altera_reserved_tck ; altera_reserved_tck ; 100.000      ; -0.078     ; 1.858      ;
; 98.086 ; sld_hub:auto_hub|sld_jtag_hub:\jtag_hub_gen:sld_jtag_hub_inst|clr_reg                            ; sld_hub:auto_hub|sld_jtag_hub:\jtag_hub_gen:sld_jtag_hub_inst|irsr_reg[0]                                                          ; altera_reserved_tck ; altera_reserved_tck ; 100.000      ; -0.078     ; 1.858      ;
; 98.086 ; sld_hub:auto_hub|sld_jtag_hub:\jtag_hub_gen:sld_jtag_hub_inst|clr_reg                            ; sld_hub:auto_hub|sld_jtag_hub:\jtag_hub_gen:sld_jtag_hub_inst|irsr_reg[2]                                                          ; altera_reserved_tck ; altera_reserved_tck ; 100.000      ; -0.078     ; 1.858      ;
; 98.131 ; sld_hub:auto_hub|sld_jtag_hub:\jtag_hub_gen:sld_jtag_hub_inst|clr_reg                            ; sld_hub:auto_hub|sld_jtag_hub:\jtag_hub_gen:sld_jtag_hub_inst|shadow_irf_reg[2][1]                                                 ; altera_reserved_tck ; altera_reserved_tck ; 100.000      ; -0.070     ; 1.821      ;
; 98.131 ; sld_hub:auto_hub|sld_jtag_hub:\jtag_hub_gen:sld_jtag_hub_inst|clr_reg                            ; sld_hub:auto_hub|sld_jtag_hub:\jtag_hub_gen:sld_jtag_hub_inst|irf_reg[2][1]                                                        ; altera_reserved_tck ; altera_reserved_tck ; 100.000      ; -0.070     ; 1.821      ;
; 98.131 ; sld_hub:auto_hub|sld_jtag_hub:\jtag_hub_gen:sld_jtag_hub_inst|clr_reg                            ; sld_hub:auto_hub|sld_jtag_hub:\jtag_hub_gen:sld_jtag_hub_inst|shadow_irf_reg[2][2]                                                 ; altera_reserved_tck ; altera_reserved_tck ; 100.000      ; -0.070     ; 1.821      ;
; 98.131 ; sld_hub:auto_hub|sld_jtag_hub:\jtag_hub_gen:sld_jtag_hub_inst|clr_reg                            ; sld_hub:auto_hub|sld_jtag_hub:\jtag_hub_gen:sld_jtag_hub_inst|irf_reg[2][2]                                                        ; altera_reserved_tck ; altera_reserved_tck ; 100.000      ; -0.070     ; 1.821      ;
; 98.131 ; sld_hub:auto_hub|sld_jtag_hub:\jtag_hub_gen:sld_jtag_hub_inst|clr_reg                            ; sld_hub:auto_hub|sld_jtag_hub:\jtag_hub_gen:sld_jtag_hub_inst|shadow_irf_reg[2][0]                                                 ; altera_reserved_tck ; altera_reserved_tck ; 100.000      ; -0.070     ; 1.821      ;
; 98.131 ; sld_hub:auto_hub|sld_jtag_hub:\jtag_hub_gen:sld_jtag_hub_inst|clr_reg                            ; sld_hub:auto_hub|sld_jtag_hub:\jtag_hub_gen:sld_jtag_hub_inst|irf_reg[2][0]                                                        ; altera_reserved_tck ; altera_reserved_tck ; 100.000      ; -0.070     ; 1.821      ;
; 98.131 ; sld_hub:auto_hub|sld_jtag_hub:\jtag_hub_gen:sld_jtag_hub_inst|clr_reg                            ; sld_hub:auto_hub|sld_jtag_hub:\jtag_hub_gen:sld_jtag_hub_inst|shadow_irf_reg[2][4]                                                 ; altera_reserved_tck ; altera_reserved_tck ; 100.000      ; -0.070     ; 1.821      ;
; 98.131 ; sld_hub:auto_hub|sld_jtag_hub:\jtag_hub_gen:sld_jtag_hub_inst|clr_reg                            ; sld_hub:auto_hub|sld_jtag_hub:\jtag_hub_gen:sld_jtag_hub_inst|irf_reg[2][4]                                                        ; altera_reserved_tck ; altera_reserved_tck ; 100.000      ; -0.070     ; 1.821      ;
; 98.131 ; sld_hub:auto_hub|sld_jtag_hub:\jtag_hub_gen:sld_jtag_hub_inst|clr_reg                            ; sld_hub:auto_hub|sld_jtag_hub:\jtag_hub_gen:sld_jtag_hub_inst|shadow_irf_reg[2][3]                                                 ; altera_reserved_tck ; altera_reserved_tck ; 100.000      ; -0.070     ; 1.821      ;
; 98.131 ; sld_hub:auto_hub|sld_jtag_hub:\jtag_hub_gen:sld_jtag_hub_inst|clr_reg                            ; sld_hub:auto_hub|sld_jtag_hub:\jtag_hub_gen:sld_jtag_hub_inst|irf_reg[2][3]                                                        ; altera_reserved_tck ; altera_reserved_tck ; 100.000      ; -0.070     ; 1.821      ;
; 98.379 ; sld_hub:auto_hub|sld_jtag_hub:\jtag_hub_gen:sld_jtag_hub_inst|irf_reg[1][0]                      ; ram:inst15|altsyncram:altsyncram_component|altsyncram_oqj1:auto_generated|sld_mod_ram_rom:mgl_prim2|ram_rom_addr_reg[1]            ; altera_reserved_tck ; altera_reserved_tck ; 100.000      ; -0.075     ; 1.568      ;
; 98.379 ; sld_hub:auto_hub|sld_jtag_hub:\jtag_hub_gen:sld_jtag_hub_inst|irf_reg[1][0]                      ; ram:inst15|altsyncram:altsyncram_component|altsyncram_oqj1:auto_generated|sld_mod_ram_rom:mgl_prim2|ram_rom_addr_reg[0]            ; altera_reserved_tck ; altera_reserved_tck ; 100.000      ; -0.075     ; 1.568      ;
; 98.379 ; sld_hub:auto_hub|sld_jtag_hub:\jtag_hub_gen:sld_jtag_hub_inst|irf_reg[1][0]                      ; ram:inst15|altsyncram:altsyncram_component|altsyncram_oqj1:auto_generated|sld_mod_ram_rom:mgl_prim2|ram_rom_addr_reg[7]            ; altera_reserved_tck ; altera_reserved_tck ; 100.000      ; -0.075     ; 1.568      ;
; 98.379 ; sld_hub:auto_hub|sld_jtag_hub:\jtag_hub_gen:sld_jtag_hub_inst|irf_reg[1][0]                      ; ram:inst15|altsyncram:altsyncram_component|altsyncram_oqj1:auto_generated|sld_mod_ram_rom:mgl_prim2|ram_rom_addr_reg[6]            ; altera_reserved_tck ; altera_reserved_tck ; 100.000      ; -0.075     ; 1.568      ;
; 98.379 ; sld_hub:auto_hub|sld_jtag_hub:\jtag_hub_gen:sld_jtag_hub_inst|irf_reg[1][0]                      ; ram:inst15|altsyncram:altsyncram_component|altsyncram_oqj1:auto_generated|sld_mod_ram_rom:mgl_prim2|ram_rom_addr_reg[5]            ; altera_reserved_tck ; altera_reserved_tck ; 100.000      ; -0.075     ; 1.568      ;
; 98.379 ; sld_hub:auto_hub|sld_jtag_hub:\jtag_hub_gen:sld_jtag_hub_inst|irf_reg[1][0]                      ; ram:inst15|altsyncram:altsyncram_component|altsyncram_oqj1:auto_generated|sld_mod_ram_rom:mgl_prim2|ram_rom_addr_reg[4]            ; altera_reserved_tck ; altera_reserved_tck ; 100.000      ; -0.075     ; 1.568      ;
; 98.379 ; sld_hub:auto_hub|sld_jtag_hub:\jtag_hub_gen:sld_jtag_hub_inst|irf_reg[1][0]                      ; ram:inst15|altsyncram:altsyncram_component|altsyncram_oqj1:auto_generated|sld_mod_ram_rom:mgl_prim2|ram_rom_addr_reg[3]            ; altera_reserved_tck ; altera_reserved_tck ; 100.000      ; -0.075     ; 1.568      ;
; 98.379 ; sld_hub:auto_hub|sld_jtag_hub:\jtag_hub_gen:sld_jtag_hub_inst|irf_reg[1][0]                      ; ram:inst15|altsyncram:altsyncram_component|altsyncram_oqj1:auto_generated|sld_mod_ram_rom:mgl_prim2|ram_rom_addr_reg[2]            ; altera_reserved_tck ; altera_reserved_tck ; 100.000      ; -0.075     ; 1.568      ;
+--------+--------------------------------------------------------------------------------------------------+------------------------------------------------------------------------------------------------------------------------------------+---------------------+---------------------+--------------+------------+------------+


+-------------------------------------------------------------------------------------------------------------------------------------------------------------------------------------------------------------------------------------------------------------------------------------------------------------------------------------+
; Slow 1200mV 0C Model Removal: 'altera_reserved_tck'                                                                                                                                                                                                                                                                                 ;
+--------+--------------------------------------------------------------------------------------------------+------------------------------------------------------------------------------------------------------------------------------------+---------------------+---------------------+--------------+------------+------------+
; Slack  ; From Node                                                                                        ; To Node                                                                                                                            ; Launch Clock        ; Latch Clock         ; Relationship ; Clock Skew ; Data Delay ;
+--------+--------------------------------------------------------------------------------------------------+------------------------------------------------------------------------------------------------------------------------------------+---------------------+---------------------+--------------+------------+------------+
; 1.238  ; sld_hub:auto_hub|sld_jtag_hub:\jtag_hub_gen:sld_jtag_hub_inst|irf_reg[1][0]                      ; ram:inst15|altsyncram:altsyncram_component|altsyncram_oqj1:auto_generated|sld_mod_ram_rom:mgl_prim2|ram_rom_addr_reg[1]            ; altera_reserved_tck ; altera_reserved_tck ; 0.000        ; 0.069      ; 1.502      ;
; 1.238  ; sld_hub:auto_hub|sld_jtag_hub:\jtag_hub_gen:sld_jtag_hub_inst|irf_reg[1][0]                      ; ram:inst15|altsyncram:altsyncram_component|altsyncram_oqj1:auto_generated|sld_mod_ram_rom:mgl_prim2|ram_rom_addr_reg[0]            ; altera_reserved_tck ; altera_reserved_tck ; 0.000        ; 0.069      ; 1.502      ;
; 1.238  ; sld_hub:auto_hub|sld_jtag_hub:\jtag_hub_gen:sld_jtag_hub_inst|irf_reg[1][0]                      ; ram:inst15|altsyncram:altsyncram_component|altsyncram_oqj1:auto_generated|sld_mod_ram_rom:mgl_prim2|ram_rom_addr_reg[7]            ; altera_reserved_tck ; altera_reserved_tck ; 0.000        ; 0.069      ; 1.502      ;
; 1.238  ; sld_hub:auto_hub|sld_jtag_hub:\jtag_hub_gen:sld_jtag_hub_inst|irf_reg[1][0]                      ; ram:inst15|altsyncram:altsyncram_component|altsyncram_oqj1:auto_generated|sld_mod_ram_rom:mgl_prim2|ram_rom_addr_reg[6]            ; altera_reserved_tck ; altera_reserved_tck ; 0.000        ; 0.069      ; 1.502      ;
; 1.238  ; sld_hub:auto_hub|sld_jtag_hub:\jtag_hub_gen:sld_jtag_hub_inst|irf_reg[1][0]                      ; ram:inst15|altsyncram:altsyncram_component|altsyncram_oqj1:auto_generated|sld_mod_ram_rom:mgl_prim2|ram_rom_addr_reg[5]            ; altera_reserved_tck ; altera_reserved_tck ; 0.000        ; 0.069      ; 1.502      ;
; 1.238  ; sld_hub:auto_hub|sld_jtag_hub:\jtag_hub_gen:sld_jtag_hub_inst|irf_reg[1][0]                      ; ram:inst15|altsyncram:altsyncram_component|altsyncram_oqj1:auto_generated|sld_mod_ram_rom:mgl_prim2|ram_rom_addr_reg[4]            ; altera_reserved_tck ; altera_reserved_tck ; 0.000        ; 0.069      ; 1.502      ;
; 1.238  ; sld_hub:auto_hub|sld_jtag_hub:\jtag_hub_gen:sld_jtag_hub_inst|irf_reg[1][0]                      ; ram:inst15|altsyncram:altsyncram_component|altsyncram_oqj1:auto_generated|sld_mod_ram_rom:mgl_prim2|ram_rom_addr_reg[3]            ; altera_reserved_tck ; altera_reserved_tck ; 0.000        ; 0.069      ; 1.502      ;
; 1.238  ; sld_hub:auto_hub|sld_jtag_hub:\jtag_hub_gen:sld_jtag_hub_inst|irf_reg[1][0]                      ; ram:inst15|altsyncram:altsyncram_component|altsyncram_oqj1:auto_generated|sld_mod_ram_rom:mgl_prim2|ram_rom_addr_reg[2]            ; altera_reserved_tck ; altera_reserved_tck ; 0.000        ; 0.069      ; 1.502      ;
; 1.417  ; sld_hub:auto_hub|sld_jtag_hub:\jtag_hub_gen:sld_jtag_hub_inst|clr_reg                            ; sld_hub:auto_hub|sld_jtag_hub:\jtag_hub_gen:sld_jtag_hub_inst|shadow_irf_reg[2][1]                                                 ; altera_reserved_tck ; altera_reserved_tck ; 0.000        ; 0.075      ; 1.687      ;
; 1.417  ; sld_hub:auto_hub|sld_jtag_hub:\jtag_hub_gen:sld_jtag_hub_inst|clr_reg                            ; sld_hub:auto_hub|sld_jtag_hub:\jtag_hub_gen:sld_jtag_hub_inst|irf_reg[2][1]                                                        ; altera_reserved_tck ; altera_reserved_tck ; 0.000        ; 0.075      ; 1.687      ;
; 1.417  ; sld_hub:auto_hub|sld_jtag_hub:\jtag_hub_gen:sld_jtag_hub_inst|clr_reg                            ; sld_hub:auto_hub|sld_jtag_hub:\jtag_hub_gen:sld_jtag_hub_inst|shadow_irf_reg[2][2]                                                 ; altera_reserved_tck ; altera_reserved_tck ; 0.000        ; 0.075      ; 1.687      ;
; 1.417  ; sld_hub:auto_hub|sld_jtag_hub:\jtag_hub_gen:sld_jtag_hub_inst|clr_reg                            ; sld_hub:auto_hub|sld_jtag_hub:\jtag_hub_gen:sld_jtag_hub_inst|irf_reg[2][2]                                                        ; altera_reserved_tck ; altera_reserved_tck ; 0.000        ; 0.075      ; 1.687      ;
; 1.417  ; sld_hub:auto_hub|sld_jtag_hub:\jtag_hub_gen:sld_jtag_hub_inst|clr_reg                            ; sld_hub:auto_hub|sld_jtag_hub:\jtag_hub_gen:sld_jtag_hub_inst|shadow_irf_reg[2][0]                                                 ; altera_reserved_tck ; altera_reserved_tck ; 0.000        ; 0.075      ; 1.687      ;
; 1.417  ; sld_hub:auto_hub|sld_jtag_hub:\jtag_hub_gen:sld_jtag_hub_inst|clr_reg                            ; sld_hub:auto_hub|sld_jtag_hub:\jtag_hub_gen:sld_jtag_hub_inst|irf_reg[2][0]                                                        ; altera_reserved_tck ; altera_reserved_tck ; 0.000        ; 0.075      ; 1.687      ;
; 1.417  ; sld_hub:auto_hub|sld_jtag_hub:\jtag_hub_gen:sld_jtag_hub_inst|clr_reg                            ; sld_hub:auto_hub|sld_jtag_hub:\jtag_hub_gen:sld_jtag_hub_inst|shadow_irf_reg[2][4]                                                 ; altera_reserved_tck ; altera_reserved_tck ; 0.000        ; 0.075      ; 1.687      ;
; 1.417  ; sld_hub:auto_hub|sld_jtag_hub:\jtag_hub_gen:sld_jtag_hub_inst|clr_reg                            ; sld_hub:auto_hub|sld_jtag_hub:\jtag_hub_gen:sld_jtag_hub_inst|irf_reg[2][4]                                                        ; altera_reserved_tck ; altera_reserved_tck ; 0.000        ; 0.075      ; 1.687      ;
; 1.417  ; sld_hub:auto_hub|sld_jtag_hub:\jtag_hub_gen:sld_jtag_hub_inst|clr_reg                            ; sld_hub:auto_hub|sld_jtag_hub:\jtag_hub_gen:sld_jtag_hub_inst|shadow_irf_reg[2][3]                                                 ; altera_reserved_tck ; altera_reserved_tck ; 0.000        ; 0.075      ; 1.687      ;
; 1.417  ; sld_hub:auto_hub|sld_jtag_hub:\jtag_hub_gen:sld_jtag_hub_inst|clr_reg                            ; sld_hub:auto_hub|sld_jtag_hub:\jtag_hub_gen:sld_jtag_hub_inst|irf_reg[2][3]                                                        ; altera_reserved_tck ; altera_reserved_tck ; 0.000        ; 0.075      ; 1.687      ;
; 1.458  ; sld_hub:auto_hub|sld_jtag_hub:\jtag_hub_gen:sld_jtag_hub_inst|clr_reg                            ; sld_hub:auto_hub|sld_jtag_hub:\jtag_hub_gen:sld_jtag_hub_inst|irsr_reg[6]                                                          ; altera_reserved_tck ; altera_reserved_tck ; 0.000        ; 0.067      ; 1.720      ;
; 1.458  ; sld_hub:auto_hub|sld_jtag_hub:\jtag_hub_gen:sld_jtag_hub_inst|clr_reg                            ; sld_hub:auto_hub|sld_jtag_hub:\jtag_hub_gen:sld_jtag_hub_inst|hub_mode_reg[0]                                                      ; altera_reserved_tck ; altera_reserved_tck ; 0.000        ; 0.067      ; 1.720      ;
; 1.458  ; sld_hub:auto_hub|sld_jtag_hub:\jtag_hub_gen:sld_jtag_hub_inst|clr_reg                            ; sld_hub:auto_hub|sld_jtag_hub:\jtag_hub_gen:sld_jtag_hub_inst|irsr_reg[3]                                                          ; altera_reserved_tck ; altera_reserved_tck ; 0.000        ; 0.067      ; 1.720      ;
; 1.458  ; sld_hub:auto_hub|sld_jtag_hub:\jtag_hub_gen:sld_jtag_hub_inst|clr_reg                            ; sld_hub:auto_hub|sld_jtag_hub:\jtag_hub_gen:sld_jtag_hub_inst|irsr_reg[4]                                                          ; altera_reserved_tck ; altera_reserved_tck ; 0.000        ; 0.067      ; 1.720      ;
; 1.458  ; sld_hub:auto_hub|sld_jtag_hub:\jtag_hub_gen:sld_jtag_hub_inst|clr_reg                            ; sld_hub:auto_hub|sld_jtag_hub:\jtag_hub_gen:sld_jtag_hub_inst|irsr_reg[1]                                                          ; altera_reserved_tck ; altera_reserved_tck ; 0.000        ; 0.067      ; 1.720      ;
; 1.458  ; sld_hub:auto_hub|sld_jtag_hub:\jtag_hub_gen:sld_jtag_hub_inst|clr_reg                            ; sld_hub:auto_hub|sld_jtag_hub:\jtag_hub_gen:sld_jtag_hub_inst|irsr_reg[0]                                                          ; altera_reserved_tck ; altera_reserved_tck ; 0.000        ; 0.067      ; 1.720      ;
; 1.458  ; sld_hub:auto_hub|sld_jtag_hub:\jtag_hub_gen:sld_jtag_hub_inst|clr_reg                            ; sld_hub:auto_hub|sld_jtag_hub:\jtag_hub_gen:sld_jtag_hub_inst|irsr_reg[2]                                                          ; altera_reserved_tck ; altera_reserved_tck ; 0.000        ; 0.067      ; 1.720      ;
; 1.468  ; sld_hub:auto_hub|sld_jtag_hub:\jtag_hub_gen:sld_jtag_hub_inst|sld_shadow_jsm:shadow_jsm|state[0] ; sld_hub:auto_hub|sld_jtag_hub:\jtag_hub_gen:sld_jtag_hub_inst|jtag_ir_reg[9]                                                       ; altera_reserved_tck ; altera_reserved_tck ; 0.000        ; 0.069      ; 1.732      ;
; 1.468  ; sld_hub:auto_hub|sld_jtag_hub:\jtag_hub_gen:sld_jtag_hub_inst|sld_shadow_jsm:shadow_jsm|state[0] ; sld_hub:auto_hub|sld_jtag_hub:\jtag_hub_gen:sld_jtag_hub_inst|jtag_ir_reg[8]                                                       ; altera_reserved_tck ; altera_reserved_tck ; 0.000        ; 0.069      ; 1.732      ;
; 1.468  ; sld_hub:auto_hub|sld_jtag_hub:\jtag_hub_gen:sld_jtag_hub_inst|sld_shadow_jsm:shadow_jsm|state[0] ; sld_hub:auto_hub|sld_jtag_hub:\jtag_hub_gen:sld_jtag_hub_inst|jtag_ir_reg[7]                                                       ; altera_reserved_tck ; altera_reserved_tck ; 0.000        ; 0.069      ; 1.732      ;
; 1.468  ; sld_hub:auto_hub|sld_jtag_hub:\jtag_hub_gen:sld_jtag_hub_inst|sld_shadow_jsm:shadow_jsm|state[0] ; sld_hub:auto_hub|sld_jtag_hub:\jtag_hub_gen:sld_jtag_hub_inst|jtag_ir_reg[6]                                                       ; altera_reserved_tck ; altera_reserved_tck ; 0.000        ; 0.069      ; 1.732      ;
; 1.468  ; sld_hub:auto_hub|sld_jtag_hub:\jtag_hub_gen:sld_jtag_hub_inst|sld_shadow_jsm:shadow_jsm|state[0] ; sld_hub:auto_hub|sld_jtag_hub:\jtag_hub_gen:sld_jtag_hub_inst|jtag_ir_reg[5]                                                       ; altera_reserved_tck ; altera_reserved_tck ; 0.000        ; 0.069      ; 1.732      ;
; 1.468  ; sld_hub:auto_hub|sld_jtag_hub:\jtag_hub_gen:sld_jtag_hub_inst|sld_shadow_jsm:shadow_jsm|state[0] ; sld_hub:auto_hub|sld_jtag_hub:\jtag_hub_gen:sld_jtag_hub_inst|jtag_ir_reg[4]                                                       ; altera_reserved_tck ; altera_reserved_tck ; 0.000        ; 0.069      ; 1.732      ;
; 1.468  ; sld_hub:auto_hub|sld_jtag_hub:\jtag_hub_gen:sld_jtag_hub_inst|sld_shadow_jsm:shadow_jsm|state[0] ; sld_hub:auto_hub|sld_jtag_hub:\jtag_hub_gen:sld_jtag_hub_inst|jtag_ir_reg[3]                                                       ; altera_reserved_tck ; altera_reserved_tck ; 0.000        ; 0.069      ; 1.732      ;
; 1.468  ; sld_hub:auto_hub|sld_jtag_hub:\jtag_hub_gen:sld_jtag_hub_inst|sld_shadow_jsm:shadow_jsm|state[0] ; sld_hub:auto_hub|sld_jtag_hub:\jtag_hub_gen:sld_jtag_hub_inst|jtag_ir_reg[2]                                                       ; altera_reserved_tck ; altera_reserved_tck ; 0.000        ; 0.069      ; 1.732      ;
; 1.468  ; sld_hub:auto_hub|sld_jtag_hub:\jtag_hub_gen:sld_jtag_hub_inst|sld_shadow_jsm:shadow_jsm|state[0] ; sld_hub:auto_hub|sld_jtag_hub:\jtag_hub_gen:sld_jtag_hub_inst|jtag_ir_reg[1]                                                       ; altera_reserved_tck ; altera_reserved_tck ; 0.000        ; 0.069      ; 1.732      ;
; 1.468  ; sld_hub:auto_hub|sld_jtag_hub:\jtag_hub_gen:sld_jtag_hub_inst|sld_shadow_jsm:shadow_jsm|state[0] ; sld_hub:auto_hub|sld_jtag_hub:\jtag_hub_gen:sld_jtag_hub_inst|jtag_ir_reg[0]                                                       ; altera_reserved_tck ; altera_reserved_tck ; 0.000        ; 0.069      ; 1.732      ;
; 1.468  ; sld_hub:auto_hub|sld_jtag_hub:\jtag_hub_gen:sld_jtag_hub_inst|sld_shadow_jsm:shadow_jsm|state[0] ; sld_hub:auto_hub|sld_jtag_hub:\jtag_hub_gen:sld_jtag_hub_inst|virtual_dr_scan_reg                                                  ; altera_reserved_tck ; altera_reserved_tck ; 0.000        ; 0.069      ; 1.732      ;
; 1.468  ; sld_hub:auto_hub|sld_jtag_hub:\jtag_hub_gen:sld_jtag_hub_inst|sld_shadow_jsm:shadow_jsm|state[0] ; sld_hub:auto_hub|sld_jtag_hub:\jtag_hub_gen:sld_jtag_hub_inst|virtual_ir_scan_reg                                                  ; altera_reserved_tck ; altera_reserved_tck ; 0.000        ; 0.069      ; 1.732      ;
; 1.546  ; sld_hub:auto_hub|sld_jtag_hub:\jtag_hub_gen:sld_jtag_hub_inst|clr_reg                            ; sld_hub:auto_hub|sld_jtag_hub:\jtag_hub_gen:sld_jtag_hub_inst|hub_mode_reg[1]                                                      ; altera_reserved_tck ; altera_reserved_tck ; 0.000        ; 0.071      ; 1.812      ;
; 1.546  ; sld_hub:auto_hub|sld_jtag_hub:\jtag_hub_gen:sld_jtag_hub_inst|clr_reg                            ; sld_hub:auto_hub|sld_jtag_hub:\jtag_hub_gen:sld_jtag_hub_inst|irsr_reg[5]                                                          ; altera_reserved_tck ; altera_reserved_tck ; 0.000        ; 0.071      ; 1.812      ;
; 1.581  ; sld_hub:auto_hub|sld_jtag_hub:\jtag_hub_gen:sld_jtag_hub_inst|irf_reg[2][3]                      ; rom1:inst2|altsyncram:altsyncram_component|altsyncram_qlb1:auto_generated|sld_mod_ram_rom:mgl_prim2|ram_rom_data_shift_cntr_reg[0] ; altera_reserved_tck ; altera_reserved_tck ; 0.000        ; 0.058      ; 1.834      ;
; 1.581  ; sld_hub:auto_hub|sld_jtag_hub:\jtag_hub_gen:sld_jtag_hub_inst|irf_reg[2][3]                      ; rom1:inst2|altsyncram:altsyncram_component|altsyncram_qlb1:auto_generated|sld_mod_ram_rom:mgl_prim2|ram_rom_data_shift_cntr_reg[2] ; altera_reserved_tck ; altera_reserved_tck ; 0.000        ; 0.058      ; 1.834      ;
; 1.581  ; sld_hub:auto_hub|sld_jtag_hub:\jtag_hub_gen:sld_jtag_hub_inst|irf_reg[2][3]                      ; rom1:inst2|altsyncram:altsyncram_component|altsyncram_qlb1:auto_generated|sld_mod_ram_rom:mgl_prim2|ram_rom_data_shift_cntr_reg[3] ; altera_reserved_tck ; altera_reserved_tck ; 0.000        ; 0.058      ; 1.834      ;
; 1.581  ; sld_hub:auto_hub|sld_jtag_hub:\jtag_hub_gen:sld_jtag_hub_inst|irf_reg[2][3]                      ; rom1:inst2|altsyncram:altsyncram_component|altsyncram_qlb1:auto_generated|sld_mod_ram_rom:mgl_prim2|ram_rom_data_shift_cntr_reg[4] ; altera_reserved_tck ; altera_reserved_tck ; 0.000        ; 0.058      ; 1.834      ;
; 1.581  ; sld_hub:auto_hub|sld_jtag_hub:\jtag_hub_gen:sld_jtag_hub_inst|irf_reg[2][3]                      ; rom1:inst2|altsyncram:altsyncram_component|altsyncram_qlb1:auto_generated|sld_mod_ram_rom:mgl_prim2|ram_rom_data_shift_cntr_reg[1] ; altera_reserved_tck ; altera_reserved_tck ; 0.000        ; 0.058      ; 1.834      ;
; 1.589  ; sld_hub:auto_hub|sld_jtag_hub:\jtag_hub_gen:sld_jtag_hub_inst|irf_reg[1][3]                      ; ram:inst15|altsyncram:altsyncram_component|altsyncram_oqj1:auto_generated|sld_mod_ram_rom:mgl_prim2|ram_rom_data_shift_cntr_reg[1] ; altera_reserved_tck ; altera_reserved_tck ; 0.000        ; 0.093      ; 1.877      ;
; 1.589  ; sld_hub:auto_hub|sld_jtag_hub:\jtag_hub_gen:sld_jtag_hub_inst|irf_reg[1][3]                      ; ram:inst15|altsyncram:altsyncram_component|altsyncram_oqj1:auto_generated|sld_mod_ram_rom:mgl_prim2|ram_rom_data_shift_cntr_reg[0] ; altera_reserved_tck ; altera_reserved_tck ; 0.000        ; 0.093      ; 1.877      ;
; 1.589  ; sld_hub:auto_hub|sld_jtag_hub:\jtag_hub_gen:sld_jtag_hub_inst|irf_reg[1][3]                      ; ram:inst15|altsyncram:altsyncram_component|altsyncram_oqj1:auto_generated|sld_mod_ram_rom:mgl_prim2|ram_rom_data_shift_cntr_reg[2] ; altera_reserved_tck ; altera_reserved_tck ; 0.000        ; 0.093      ; 1.877      ;
; 1.739  ; sld_hub:auto_hub|sld_jtag_hub:\jtag_hub_gen:sld_jtag_hub_inst|clr_reg                            ; sld_hub:auto_hub|sld_jtag_hub:\jtag_hub_gen:sld_jtag_hub_inst|node_ena[1]~reg0                                                     ; altera_reserved_tck ; altera_reserved_tck ; 0.000        ; 0.070      ; 2.004      ;
; 1.739  ; sld_hub:auto_hub|sld_jtag_hub:\jtag_hub_gen:sld_jtag_hub_inst|clr_reg                            ; sld_hub:auto_hub|sld_jtag_hub:\jtag_hub_gen:sld_jtag_hub_inst|node_ena[2]~reg0                                                     ; altera_reserved_tck ; altera_reserved_tck ; 0.000        ; 0.070      ; 2.004      ;
; 1.743  ; sld_hub:auto_hub|sld_jtag_hub:\jtag_hub_gen:sld_jtag_hub_inst|clr_reg                            ; rom1:inst2|altsyncram:altsyncram_component|altsyncram_qlb1:auto_generated|sld_mod_ram_rom:mgl_prim2|is_in_use_reg                  ; altera_reserved_tck ; altera_reserved_tck ; 0.000        ; 0.063      ; 2.001      ;
; 1.743  ; sld_hub:auto_hub|sld_jtag_hub:\jtag_hub_gen:sld_jtag_hub_inst|clr_reg                            ; rom1:inst2|altsyncram:altsyncram_component|altsyncram_qlb1:auto_generated|sld_mod_ram_rom:mgl_prim2|bypass_reg_out                 ; altera_reserved_tck ; altera_reserved_tck ; 0.000        ; 0.063      ; 2.001      ;
; 1.755  ; sld_hub:auto_hub|sld_jtag_hub:\jtag_hub_gen:sld_jtag_hub_inst|virtual_ir_scan_reg                ; sld_hub:auto_hub|sld_jtag_hub:\jtag_hub_gen:sld_jtag_hub_inst|hub_mode_reg[2]                                                      ; altera_reserved_tck ; altera_reserved_tck ; 0.000        ; 0.087      ; 2.037      ;
; 1.772  ; sld_hub:auto_hub|sld_jtag_hub:\jtag_hub_gen:sld_jtag_hub_inst|clr_reg                            ; ram:inst15|altsyncram:altsyncram_component|altsyncram_oqj1:auto_generated|sld_mod_ram_rom:mgl_prim2|is_in_use_reg                  ; altera_reserved_tck ; altera_reserved_tck ; 0.000        ; 0.070      ; 2.037      ;
; 1.772  ; sld_hub:auto_hub|sld_jtag_hub:\jtag_hub_gen:sld_jtag_hub_inst|clr_reg                            ; ram:inst15|altsyncram:altsyncram_component|altsyncram_oqj1:auto_generated|sld_mod_ram_rom:mgl_prim2|bypass_reg_out                 ; altera_reserved_tck ; altera_reserved_tck ; 0.000        ; 0.070      ; 2.037      ;
; 1.783  ; sld_hub:auto_hub|sld_jtag_hub:\jtag_hub_gen:sld_jtag_hub_inst|clr_reg                            ; sld_hub:auto_hub|sld_jtag_hub:\jtag_hub_gen:sld_jtag_hub_inst|shadow_irf_reg[1][2]                                                 ; altera_reserved_tck ; altera_reserved_tck ; 0.000        ; 0.067      ; 2.045      ;
; 1.783  ; sld_hub:auto_hub|sld_jtag_hub:\jtag_hub_gen:sld_jtag_hub_inst|clr_reg                            ; sld_hub:auto_hub|sld_jtag_hub:\jtag_hub_gen:sld_jtag_hub_inst|irf_reg[1][2]                                                        ; altera_reserved_tck ; altera_reserved_tck ; 0.000        ; 0.067      ; 2.045      ;
; 1.783  ; sld_hub:auto_hub|sld_jtag_hub:\jtag_hub_gen:sld_jtag_hub_inst|clr_reg                            ; sld_hub:auto_hub|sld_jtag_hub:\jtag_hub_gen:sld_jtag_hub_inst|shadow_irf_reg[1][1]                                                 ; altera_reserved_tck ; altera_reserved_tck ; 0.000        ; 0.067      ; 2.045      ;
; 1.783  ; sld_hub:auto_hub|sld_jtag_hub:\jtag_hub_gen:sld_jtag_hub_inst|clr_reg                            ; sld_hub:auto_hub|sld_jtag_hub:\jtag_hub_gen:sld_jtag_hub_inst|irf_reg[1][1]                                                        ; altera_reserved_tck ; altera_reserved_tck ; 0.000        ; 0.067      ; 2.045      ;
; 1.783  ; sld_hub:auto_hub|sld_jtag_hub:\jtag_hub_gen:sld_jtag_hub_inst|clr_reg                            ; sld_hub:auto_hub|sld_jtag_hub:\jtag_hub_gen:sld_jtag_hub_inst|shadow_irf_reg[1][0]                                                 ; altera_reserved_tck ; altera_reserved_tck ; 0.000        ; 0.067      ; 2.045      ;
; 1.783  ; sld_hub:auto_hub|sld_jtag_hub:\jtag_hub_gen:sld_jtag_hub_inst|clr_reg                            ; sld_hub:auto_hub|sld_jtag_hub:\jtag_hub_gen:sld_jtag_hub_inst|irf_reg[1][0]                                                        ; altera_reserved_tck ; altera_reserved_tck ; 0.000        ; 0.067      ; 2.045      ;
; 1.783  ; sld_hub:auto_hub|sld_jtag_hub:\jtag_hub_gen:sld_jtag_hub_inst|clr_reg                            ; sld_hub:auto_hub|sld_jtag_hub:\jtag_hub_gen:sld_jtag_hub_inst|shadow_irf_reg[1][4]                                                 ; altera_reserved_tck ; altera_reserved_tck ; 0.000        ; 0.067      ; 2.045      ;
; 1.783  ; sld_hub:auto_hub|sld_jtag_hub:\jtag_hub_gen:sld_jtag_hub_inst|clr_reg                            ; sld_hub:auto_hub|sld_jtag_hub:\jtag_hub_gen:sld_jtag_hub_inst|irf_reg[1][4]                                                        ; altera_reserved_tck ; altera_reserved_tck ; 0.000        ; 0.067      ; 2.045      ;
; 1.783  ; sld_hub:auto_hub|sld_jtag_hub:\jtag_hub_gen:sld_jtag_hub_inst|clr_reg                            ; sld_hub:auto_hub|sld_jtag_hub:\jtag_hub_gen:sld_jtag_hub_inst|shadow_irf_reg[1][3]                                                 ; altera_reserved_tck ; altera_reserved_tck ; 0.000        ; 0.067      ; 2.045      ;
; 1.783  ; sld_hub:auto_hub|sld_jtag_hub:\jtag_hub_gen:sld_jtag_hub_inst|clr_reg                            ; sld_hub:auto_hub|sld_jtag_hub:\jtag_hub_gen:sld_jtag_hub_inst|irf_reg[1][3]                                                        ; altera_reserved_tck ; altera_reserved_tck ; 0.000        ; 0.067      ; 2.045      ;
; 1.788  ; sld_hub:auto_hub|sld_jtag_hub:\jtag_hub_gen:sld_jtag_hub_inst|irf_reg[2][0]                      ; rom1:inst2|altsyncram:altsyncram_component|altsyncram_qlb1:auto_generated|sld_mod_ram_rom:mgl_prim2|ram_rom_addr_reg[1]            ; altera_reserved_tck ; altera_reserved_tck ; 0.000        ; 0.060      ; 2.043      ;
; 1.788  ; sld_hub:auto_hub|sld_jtag_hub:\jtag_hub_gen:sld_jtag_hub_inst|irf_reg[2][0]                      ; rom1:inst2|altsyncram:altsyncram_component|altsyncram_qlb1:auto_generated|sld_mod_ram_rom:mgl_prim2|ram_rom_addr_reg[0]            ; altera_reserved_tck ; altera_reserved_tck ; 0.000        ; 0.060      ; 2.043      ;
; 1.788  ; sld_hub:auto_hub|sld_jtag_hub:\jtag_hub_gen:sld_jtag_hub_inst|irf_reg[2][0]                      ; rom1:inst2|altsyncram:altsyncram_component|altsyncram_qlb1:auto_generated|sld_mod_ram_rom:mgl_prim2|ram_rom_addr_reg[7]            ; altera_reserved_tck ; altera_reserved_tck ; 0.000        ; 0.060      ; 2.043      ;
; 1.788  ; sld_hub:auto_hub|sld_jtag_hub:\jtag_hub_gen:sld_jtag_hub_inst|irf_reg[2][0]                      ; rom1:inst2|altsyncram:altsyncram_component|altsyncram_qlb1:auto_generated|sld_mod_ram_rom:mgl_prim2|ram_rom_addr_reg[6]            ; altera_reserved_tck ; altera_reserved_tck ; 0.000        ; 0.060      ; 2.043      ;
; 1.788  ; sld_hub:auto_hub|sld_jtag_hub:\jtag_hub_gen:sld_jtag_hub_inst|irf_reg[2][0]                      ; rom1:inst2|altsyncram:altsyncram_component|altsyncram_qlb1:auto_generated|sld_mod_ram_rom:mgl_prim2|ram_rom_addr_reg[5]            ; altera_reserved_tck ; altera_reserved_tck ; 0.000        ; 0.060      ; 2.043      ;
; 1.788  ; sld_hub:auto_hub|sld_jtag_hub:\jtag_hub_gen:sld_jtag_hub_inst|irf_reg[2][0]                      ; rom1:inst2|altsyncram:altsyncram_component|altsyncram_qlb1:auto_generated|sld_mod_ram_rom:mgl_prim2|ram_rom_addr_reg[4]            ; altera_reserved_tck ; altera_reserved_tck ; 0.000        ; 0.060      ; 2.043      ;
; 1.788  ; sld_hub:auto_hub|sld_jtag_hub:\jtag_hub_gen:sld_jtag_hub_inst|irf_reg[2][0]                      ; rom1:inst2|altsyncram:altsyncram_component|altsyncram_qlb1:auto_generated|sld_mod_ram_rom:mgl_prim2|ram_rom_addr_reg[3]            ; altera_reserved_tck ; altera_reserved_tck ; 0.000        ; 0.060      ; 2.043      ;
; 1.788  ; sld_hub:auto_hub|sld_jtag_hub:\jtag_hub_gen:sld_jtag_hub_inst|irf_reg[2][0]                      ; rom1:inst2|altsyncram:altsyncram_component|altsyncram_qlb1:auto_generated|sld_mod_ram_rom:mgl_prim2|ram_rom_addr_reg[2]            ; altera_reserved_tck ; altera_reserved_tck ; 0.000        ; 0.060      ; 2.043      ;
; 1.976  ; sld_hub:auto_hub|sld_jtag_hub:\jtag_hub_gen:sld_jtag_hub_inst|irf_reg[1][4]                      ; ram:inst15|altsyncram:altsyncram_component|altsyncram_oqj1:auto_generated|sld_mod_ram_rom:mgl_prim2|ir_loaded_address_reg[2]       ; altera_reserved_tck ; altera_reserved_tck ; 0.000        ; 0.092      ; 2.263      ;
; 1.976  ; sld_hub:auto_hub|sld_jtag_hub:\jtag_hub_gen:sld_jtag_hub_inst|irf_reg[1][4]                      ; ram:inst15|altsyncram:altsyncram_component|altsyncram_oqj1:auto_generated|sld_mod_ram_rom:mgl_prim2|ir_loaded_address_reg[3]       ; altera_reserved_tck ; altera_reserved_tck ; 0.000        ; 0.092      ; 2.263      ;
; 1.976  ; sld_hub:auto_hub|sld_jtag_hub:\jtag_hub_gen:sld_jtag_hub_inst|irf_reg[1][4]                      ; ram:inst15|altsyncram:altsyncram_component|altsyncram_oqj1:auto_generated|sld_mod_ram_rom:mgl_prim2|ir_loaded_address_reg[0]       ; altera_reserved_tck ; altera_reserved_tck ; 0.000        ; 0.092      ; 2.263      ;
; 1.976  ; sld_hub:auto_hub|sld_jtag_hub:\jtag_hub_gen:sld_jtag_hub_inst|irf_reg[1][4]                      ; ram:inst15|altsyncram:altsyncram_component|altsyncram_oqj1:auto_generated|sld_mod_ram_rom:mgl_prim2|ir_loaded_address_reg[1]       ; altera_reserved_tck ; altera_reserved_tck ; 0.000        ; 0.092      ; 2.263      ;
; 2.072  ; sld_hub:auto_hub|sld_jtag_hub:\jtag_hub_gen:sld_jtag_hub_inst|irf_reg[1][0]                      ; ram:inst15|altsyncram:altsyncram_component|altsyncram_oqj1:auto_generated|sld_mod_ram_rom:mgl_prim2|ir_loaded_address_reg[2]       ; altera_reserved_tck ; altera_reserved_tck ; 0.000        ; 0.092      ; 2.359      ;
; 2.072  ; sld_hub:auto_hub|sld_jtag_hub:\jtag_hub_gen:sld_jtag_hub_inst|irf_reg[1][0]                      ; ram:inst15|altsyncram:altsyncram_component|altsyncram_oqj1:auto_generated|sld_mod_ram_rom:mgl_prim2|ir_loaded_address_reg[3]       ; altera_reserved_tck ; altera_reserved_tck ; 0.000        ; 0.092      ; 2.359      ;
; 2.072  ; sld_hub:auto_hub|sld_jtag_hub:\jtag_hub_gen:sld_jtag_hub_inst|irf_reg[1][0]                      ; ram:inst15|altsyncram:altsyncram_component|altsyncram_oqj1:auto_generated|sld_mod_ram_rom:mgl_prim2|ir_loaded_address_reg[0]       ; altera_reserved_tck ; altera_reserved_tck ; 0.000        ; 0.092      ; 2.359      ;
; 2.072  ; sld_hub:auto_hub|sld_jtag_hub:\jtag_hub_gen:sld_jtag_hub_inst|irf_reg[1][0]                      ; ram:inst15|altsyncram:altsyncram_component|altsyncram_oqj1:auto_generated|sld_mod_ram_rom:mgl_prim2|ir_loaded_address_reg[1]       ; altera_reserved_tck ; altera_reserved_tck ; 0.000        ; 0.092      ; 2.359      ;
; 2.190  ; sld_hub:auto_hub|sld_jtag_hub:\jtag_hub_gen:sld_jtag_hub_inst|irf_reg[2][0]                      ; rom1:inst2|altsyncram:altsyncram_component|altsyncram_qlb1:auto_generated|sld_mod_ram_rom:mgl_prim2|ir_loaded_address_reg[2]       ; altera_reserved_tck ; altera_reserved_tck ; 0.000        ; 0.052      ; 2.437      ;
; 2.190  ; sld_hub:auto_hub|sld_jtag_hub:\jtag_hub_gen:sld_jtag_hub_inst|irf_reg[2][0]                      ; rom1:inst2|altsyncram:altsyncram_component|altsyncram_qlb1:auto_generated|sld_mod_ram_rom:mgl_prim2|ir_loaded_address_reg[3]       ; altera_reserved_tck ; altera_reserved_tck ; 0.000        ; 0.052      ; 2.437      ;
; 2.190  ; sld_hub:auto_hub|sld_jtag_hub:\jtag_hub_gen:sld_jtag_hub_inst|irf_reg[2][0]                      ; rom1:inst2|altsyncram:altsyncram_component|altsyncram_qlb1:auto_generated|sld_mod_ram_rom:mgl_prim2|ir_loaded_address_reg[0]       ; altera_reserved_tck ; altera_reserved_tck ; 0.000        ; 0.052      ; 2.437      ;
; 2.190  ; sld_hub:auto_hub|sld_jtag_hub:\jtag_hub_gen:sld_jtag_hub_inst|irf_reg[2][0]                      ; rom1:inst2|altsyncram:altsyncram_component|altsyncram_qlb1:auto_generated|sld_mod_ram_rom:mgl_prim2|ir_loaded_address_reg[1]       ; altera_reserved_tck ; altera_reserved_tck ; 0.000        ; 0.052      ; 2.437      ;
; 2.757  ; sld_hub:auto_hub|sld_jtag_hub:\jtag_hub_gen:sld_jtag_hub_inst|irf_reg[2][4]                      ; rom1:inst2|altsyncram:altsyncram_component|altsyncram_qlb1:auto_generated|sld_mod_ram_rom:mgl_prim2|ir_loaded_address_reg[2]       ; altera_reserved_tck ; altera_reserved_tck ; 0.000        ; 0.052      ; 3.004      ;
; 2.757  ; sld_hub:auto_hub|sld_jtag_hub:\jtag_hub_gen:sld_jtag_hub_inst|irf_reg[2][4]                      ; rom1:inst2|altsyncram:altsyncram_component|altsyncram_qlb1:auto_generated|sld_mod_ram_rom:mgl_prim2|ir_loaded_address_reg[3]       ; altera_reserved_tck ; altera_reserved_tck ; 0.000        ; 0.052      ; 3.004      ;
; 2.757  ; sld_hub:auto_hub|sld_jtag_hub:\jtag_hub_gen:sld_jtag_hub_inst|irf_reg[2][4]                      ; rom1:inst2|altsyncram:altsyncram_component|altsyncram_qlb1:auto_generated|sld_mod_ram_rom:mgl_prim2|ir_loaded_address_reg[0]       ; altera_reserved_tck ; altera_reserved_tck ; 0.000        ; 0.052      ; 3.004      ;
; 2.757  ; sld_hub:auto_hub|sld_jtag_hub:\jtag_hub_gen:sld_jtag_hub_inst|irf_reg[2][4]                      ; rom1:inst2|altsyncram:altsyncram_component|altsyncram_qlb1:auto_generated|sld_mod_ram_rom:mgl_prim2|ir_loaded_address_reg[1]       ; altera_reserved_tck ; altera_reserved_tck ; 0.000        ; 0.052      ; 3.004      ;
; 51.950 ; sld_hub:auto_hub|sld_jtag_hub:\jtag_hub_gen:sld_jtag_hub_inst|sld_shadow_jsm:shadow_jsm|state[8] ; sld_hub:auto_hub|sld_jtag_hub:\jtag_hub_gen:sld_jtag_hub_inst|tdo                                                                  ; altera_reserved_tck ; altera_reserved_tck ; -50.000      ; 0.500      ; 2.645      ;
+--------+--------------------------------------------------------------------------------------------------+------------------------------------------------------------------------------------------------------------------------------------+---------------------+---------------------+--------------+------------+------------+


+-----------------------------------------------------------------------------------------------------------------------------------------------------------------------------------------------------------------------------------------------------------------------+
; Slow 1200mV 0C Model Minimum Pulse Width: 'altera_reserved_tck'                                                                                                                                                                                                       ;
+--------+--------------+----------------+------------------+---------------------+------------+------------------------------------------------------------------------------------------------------------------------------------------------------------------------+
; Slack  ; Actual Width ; Required Width ; Type             ; Clock               ; Clock Edge ; Target                                                                                                                                                                 ;
+--------+--------------+----------------+------------------+---------------------+------------+------------------------------------------------------------------------------------------------------------------------------------------------------------------------+
; 49.292 ; 49.522       ; 0.230          ; Low Pulse Width  ; altera_reserved_tck ; Rise       ; ram:inst15|altsyncram:altsyncram_component|altsyncram_oqj1:auto_generated|altsyncram_m3a2:altsyncram1|ram_block3a0~portb_address_reg0                                  ;
; 49.292 ; 49.522       ; 0.230          ; Low Pulse Width  ; altera_reserved_tck ; Rise       ; ram:inst15|altsyncram:altsyncram_component|altsyncram_oqj1:auto_generated|altsyncram_m3a2:altsyncram1|ram_block3a0~portb_we_reg                                        ;
; 49.292 ; 49.522       ; 0.230          ; Low Pulse Width  ; altera_reserved_tck ; Rise       ; rom1:inst2|altsyncram:altsyncram_component|altsyncram_qlb1:auto_generated|altsyncram_67d2:altsyncram1|ram_block3a0~portb_address_reg0                                  ;
; 49.292 ; 49.522       ; 0.230          ; Low Pulse Width  ; altera_reserved_tck ; Rise       ; rom1:inst2|altsyncram:altsyncram_component|altsyncram_qlb1:auto_generated|altsyncram_67d2:altsyncram1|ram_block3a0~portb_we_reg                                        ;
; 49.294 ; 49.524       ; 0.230          ; Low Pulse Width  ; altera_reserved_tck ; Rise       ; rom1:inst2|altsyncram:altsyncram_component|altsyncram_qlb1:auto_generated|altsyncram_67d2:altsyncram1|ram_block3a18~portb_address_reg0                                 ;
; 49.294 ; 49.524       ; 0.230          ; Low Pulse Width  ; altera_reserved_tck ; Rise       ; rom1:inst2|altsyncram:altsyncram_component|altsyncram_qlb1:auto_generated|altsyncram_67d2:altsyncram1|ram_block3a18~portb_we_reg                                       ;
; 49.295 ; 49.525       ; 0.230          ; Low Pulse Width  ; altera_reserved_tck ; Rise       ; ram:inst15|altsyncram:altsyncram_component|altsyncram_oqj1:auto_generated|altsyncram_m3a2:altsyncram1|ram_block3a0~portb_datain_reg0                                   ;
; 49.295 ; 49.525       ; 0.230          ; Low Pulse Width  ; altera_reserved_tck ; Rise       ; rom1:inst2|altsyncram:altsyncram_component|altsyncram_qlb1:auto_generated|altsyncram_67d2:altsyncram1|ram_block3a0~portb_datain_reg0                                   ;
; 49.297 ; 49.527       ; 0.230          ; Low Pulse Width  ; altera_reserved_tck ; Rise       ; rom1:inst2|altsyncram:altsyncram_component|altsyncram_qlb1:auto_generated|altsyncram_67d2:altsyncram1|ram_block3a18~portb_datain_reg0                                  ;
; 49.383 ; 49.599       ; 0.216          ; High Pulse Width ; altera_reserved_tck ; Fall       ; sld_hub:auto_hub|sld_jtag_hub:\jtag_hub_gen:sld_jtag_hub_inst|tdo                                                                                                      ;
; 49.426 ; 49.610       ; 0.184          ; Low Pulse Width  ; altera_reserved_tck ; Rise       ; ram:inst15|altsyncram:altsyncram_component|altsyncram_oqj1:auto_generated|sld_mod_ram_rom:mgl_prim2|ram_rom_addr_reg[0]                                                ;
; 49.426 ; 49.610       ; 0.184          ; Low Pulse Width  ; altera_reserved_tck ; Rise       ; ram:inst15|altsyncram:altsyncram_component|altsyncram_oqj1:auto_generated|sld_mod_ram_rom:mgl_prim2|ram_rom_addr_reg[1]                                                ;
; 49.426 ; 49.610       ; 0.184          ; Low Pulse Width  ; altera_reserved_tck ; Rise       ; ram:inst15|altsyncram:altsyncram_component|altsyncram_oqj1:auto_generated|sld_mod_ram_rom:mgl_prim2|ram_rom_addr_reg[2]                                                ;
; 49.426 ; 49.610       ; 0.184          ; Low Pulse Width  ; altera_reserved_tck ; Rise       ; ram:inst15|altsyncram:altsyncram_component|altsyncram_oqj1:auto_generated|sld_mod_ram_rom:mgl_prim2|ram_rom_addr_reg[3]                                                ;
; 49.426 ; 49.610       ; 0.184          ; Low Pulse Width  ; altera_reserved_tck ; Rise       ; ram:inst15|altsyncram:altsyncram_component|altsyncram_oqj1:auto_generated|sld_mod_ram_rom:mgl_prim2|ram_rom_addr_reg[4]                                                ;
; 49.426 ; 49.610       ; 0.184          ; Low Pulse Width  ; altera_reserved_tck ; Rise       ; ram:inst15|altsyncram:altsyncram_component|altsyncram_oqj1:auto_generated|sld_mod_ram_rom:mgl_prim2|ram_rom_addr_reg[5]                                                ;
; 49.426 ; 49.610       ; 0.184          ; Low Pulse Width  ; altera_reserved_tck ; Rise       ; ram:inst15|altsyncram:altsyncram_component|altsyncram_oqj1:auto_generated|sld_mod_ram_rom:mgl_prim2|ram_rom_addr_reg[6]                                                ;
; 49.426 ; 49.610       ; 0.184          ; Low Pulse Width  ; altera_reserved_tck ; Rise       ; ram:inst15|altsyncram:altsyncram_component|altsyncram_oqj1:auto_generated|sld_mod_ram_rom:mgl_prim2|ram_rom_addr_reg[7]                                                ;
; 49.426 ; 49.610       ; 0.184          ; Low Pulse Width  ; altera_reserved_tck ; Rise       ; sld_hub:auto_hub|sld_jtag_hub:\jtag_hub_gen:sld_jtag_hub_inst|identity_contrib_shift_reg[0]                                                                            ;
; 49.426 ; 49.610       ; 0.184          ; Low Pulse Width  ; altera_reserved_tck ; Rise       ; sld_hub:auto_hub|sld_jtag_hub:\jtag_hub_gen:sld_jtag_hub_inst|identity_contrib_shift_reg[1]                                                                            ;
; 49.426 ; 49.610       ; 0.184          ; Low Pulse Width  ; altera_reserved_tck ; Rise       ; sld_hub:auto_hub|sld_jtag_hub:\jtag_hub_gen:sld_jtag_hub_inst|identity_contrib_shift_reg[2]                                                                            ;
; 49.426 ; 49.610       ; 0.184          ; Low Pulse Width  ; altera_reserved_tck ; Rise       ; sld_hub:auto_hub|sld_jtag_hub:\jtag_hub_gen:sld_jtag_hub_inst|identity_contrib_shift_reg[3]                                                                            ;
; 49.427 ; 49.611       ; 0.184          ; Low Pulse Width  ; altera_reserved_tck ; Rise       ; ram:inst15|altsyncram:altsyncram_component|altsyncram_oqj1:auto_generated|sld_mod_ram_rom:mgl_prim2|bypass_reg_out                                                     ;
; 49.427 ; 49.611       ; 0.184          ; Low Pulse Width  ; altera_reserved_tck ; Rise       ; ram:inst15|altsyncram:altsyncram_component|altsyncram_oqj1:auto_generated|sld_mod_ram_rom:mgl_prim2|is_in_use_reg                                                      ;
; 49.427 ; 49.611       ; 0.184          ; Low Pulse Width  ; altera_reserved_tck ; Rise       ; sld_hub:auto_hub|sld_jtag_hub:\jtag_hub_gen:sld_jtag_hub_inst|hub_mode_reg[0]                                                                                          ;
; 49.427 ; 49.611       ; 0.184          ; Low Pulse Width  ; altera_reserved_tck ; Rise       ; sld_hub:auto_hub|sld_jtag_hub:\jtag_hub_gen:sld_jtag_hub_inst|hub_mode_reg[1]                                                                                          ;
; 49.427 ; 49.611       ; 0.184          ; Low Pulse Width  ; altera_reserved_tck ; Rise       ; sld_hub:auto_hub|sld_jtag_hub:\jtag_hub_gen:sld_jtag_hub_inst|irf_reg[1][0]                                                                                            ;
; 49.427 ; 49.611       ; 0.184          ; Low Pulse Width  ; altera_reserved_tck ; Rise       ; sld_hub:auto_hub|sld_jtag_hub:\jtag_hub_gen:sld_jtag_hub_inst|irf_reg[1][1]                                                                                            ;
; 49.427 ; 49.611       ; 0.184          ; Low Pulse Width  ; altera_reserved_tck ; Rise       ; sld_hub:auto_hub|sld_jtag_hub:\jtag_hub_gen:sld_jtag_hub_inst|irf_reg[1][2]                                                                                            ;
; 49.427 ; 49.611       ; 0.184          ; Low Pulse Width  ; altera_reserved_tck ; Rise       ; sld_hub:auto_hub|sld_jtag_hub:\jtag_hub_gen:sld_jtag_hub_inst|irf_reg[1][3]                                                                                            ;
; 49.427 ; 49.611       ; 0.184          ; Low Pulse Width  ; altera_reserved_tck ; Rise       ; sld_hub:auto_hub|sld_jtag_hub:\jtag_hub_gen:sld_jtag_hub_inst|irf_reg[1][4]                                                                                            ;
; 49.427 ; 49.611       ; 0.184          ; Low Pulse Width  ; altera_reserved_tck ; Rise       ; sld_hub:auto_hub|sld_jtag_hub:\jtag_hub_gen:sld_jtag_hub_inst|irsr_reg[0]                                                                                              ;
; 49.427 ; 49.611       ; 0.184          ; Low Pulse Width  ; altera_reserved_tck ; Rise       ; sld_hub:auto_hub|sld_jtag_hub:\jtag_hub_gen:sld_jtag_hub_inst|irsr_reg[1]                                                                                              ;
; 49.427 ; 49.611       ; 0.184          ; Low Pulse Width  ; altera_reserved_tck ; Rise       ; sld_hub:auto_hub|sld_jtag_hub:\jtag_hub_gen:sld_jtag_hub_inst|irsr_reg[2]                                                                                              ;
; 49.427 ; 49.611       ; 0.184          ; Low Pulse Width  ; altera_reserved_tck ; Rise       ; sld_hub:auto_hub|sld_jtag_hub:\jtag_hub_gen:sld_jtag_hub_inst|irsr_reg[3]                                                                                              ;
; 49.427 ; 49.611       ; 0.184          ; Low Pulse Width  ; altera_reserved_tck ; Rise       ; sld_hub:auto_hub|sld_jtag_hub:\jtag_hub_gen:sld_jtag_hub_inst|irsr_reg[4]                                                                                              ;
; 49.427 ; 49.611       ; 0.184          ; Low Pulse Width  ; altera_reserved_tck ; Rise       ; sld_hub:auto_hub|sld_jtag_hub:\jtag_hub_gen:sld_jtag_hub_inst|irsr_reg[5]                                                                                              ;
; 49.427 ; 49.611       ; 0.184          ; Low Pulse Width  ; altera_reserved_tck ; Rise       ; sld_hub:auto_hub|sld_jtag_hub:\jtag_hub_gen:sld_jtag_hub_inst|irsr_reg[6]                                                                                              ;
; 49.427 ; 49.611       ; 0.184          ; Low Pulse Width  ; altera_reserved_tck ; Rise       ; sld_hub:auto_hub|sld_jtag_hub:\jtag_hub_gen:sld_jtag_hub_inst|node_ena[1]~reg0                                                                                         ;
; 49.427 ; 49.611       ; 0.184          ; Low Pulse Width  ; altera_reserved_tck ; Rise       ; sld_hub:auto_hub|sld_jtag_hub:\jtag_hub_gen:sld_jtag_hub_inst|node_ena[2]~reg0                                                                                         ;
; 49.427 ; 49.611       ; 0.184          ; Low Pulse Width  ; altera_reserved_tck ; Rise       ; sld_hub:auto_hub|sld_jtag_hub:\jtag_hub_gen:sld_jtag_hub_inst|shadow_irf_reg[1][0]                                                                                     ;
; 49.427 ; 49.611       ; 0.184          ; Low Pulse Width  ; altera_reserved_tck ; Rise       ; sld_hub:auto_hub|sld_jtag_hub:\jtag_hub_gen:sld_jtag_hub_inst|shadow_irf_reg[1][1]                                                                                     ;
; 49.427 ; 49.611       ; 0.184          ; Low Pulse Width  ; altera_reserved_tck ; Rise       ; sld_hub:auto_hub|sld_jtag_hub:\jtag_hub_gen:sld_jtag_hub_inst|shadow_irf_reg[1][2]                                                                                     ;
; 49.427 ; 49.611       ; 0.184          ; Low Pulse Width  ; altera_reserved_tck ; Rise       ; sld_hub:auto_hub|sld_jtag_hub:\jtag_hub_gen:sld_jtag_hub_inst|shadow_irf_reg[1][3]                                                                                     ;
; 49.427 ; 49.611       ; 0.184          ; Low Pulse Width  ; altera_reserved_tck ; Rise       ; sld_hub:auto_hub|sld_jtag_hub:\jtag_hub_gen:sld_jtag_hub_inst|shadow_irf_reg[1][4]                                                                                     ;
; 49.429 ; 49.613       ; 0.184          ; Low Pulse Width  ; altera_reserved_tck ; Rise       ; sld_hub:auto_hub|sld_jtag_hub:\jtag_hub_gen:sld_jtag_hub_inst|clr_reg                                                                                                  ;
; 49.429 ; 49.613       ; 0.184          ; Low Pulse Width  ; altera_reserved_tck ; Rise       ; sld_hub:auto_hub|sld_jtag_hub:\jtag_hub_gen:sld_jtag_hub_inst|design_hash_reg[0]                                                                                       ;
; 49.429 ; 49.613       ; 0.184          ; Low Pulse Width  ; altera_reserved_tck ; Rise       ; sld_hub:auto_hub|sld_jtag_hub:\jtag_hub_gen:sld_jtag_hub_inst|design_hash_reg[1]                                                                                       ;
; 49.429 ; 49.613       ; 0.184          ; Low Pulse Width  ; altera_reserved_tck ; Rise       ; sld_hub:auto_hub|sld_jtag_hub:\jtag_hub_gen:sld_jtag_hub_inst|design_hash_reg[2]                                                                                       ;
; 49.429 ; 49.613       ; 0.184          ; Low Pulse Width  ; altera_reserved_tck ; Rise       ; sld_hub:auto_hub|sld_jtag_hub:\jtag_hub_gen:sld_jtag_hub_inst|design_hash_reg[3]                                                                                       ;
; 49.429 ; 49.613       ; 0.184          ; Low Pulse Width  ; altera_reserved_tck ; Rise       ; sld_hub:auto_hub|sld_jtag_hub:\jtag_hub_gen:sld_jtag_hub_inst|hub_mode_reg[2]                                                                                          ;
; 49.429 ; 49.613       ; 0.184          ; Low Pulse Width  ; altera_reserved_tck ; Rise       ; sld_hub:auto_hub|sld_jtag_hub:\jtag_hub_gen:sld_jtag_hub_inst|identity_contrib_update_reg[0]                                                                           ;
; 49.429 ; 49.613       ; 0.184          ; Low Pulse Width  ; altera_reserved_tck ; Rise       ; sld_hub:auto_hub|sld_jtag_hub:\jtag_hub_gen:sld_jtag_hub_inst|identity_contrib_update_reg[1]                                                                           ;
; 49.429 ; 49.613       ; 0.184          ; Low Pulse Width  ; altera_reserved_tck ; Rise       ; sld_hub:auto_hub|sld_jtag_hub:\jtag_hub_gen:sld_jtag_hub_inst|identity_contrib_update_reg[2]                                                                           ;
; 49.429 ; 49.613       ; 0.184          ; Low Pulse Width  ; altera_reserved_tck ; Rise       ; sld_hub:auto_hub|sld_jtag_hub:\jtag_hub_gen:sld_jtag_hub_inst|identity_contrib_update_reg[3]                                                                           ;
; 49.429 ; 49.613       ; 0.184          ; Low Pulse Width  ; altera_reserved_tck ; Rise       ; sld_hub:auto_hub|sld_jtag_hub:\jtag_hub_gen:sld_jtag_hub_inst|irf_reg[2][0]                                                                                            ;
; 49.429 ; 49.613       ; 0.184          ; Low Pulse Width  ; altera_reserved_tck ; Rise       ; sld_hub:auto_hub|sld_jtag_hub:\jtag_hub_gen:sld_jtag_hub_inst|irf_reg[2][1]                                                                                            ;
; 49.429 ; 49.613       ; 0.184          ; Low Pulse Width  ; altera_reserved_tck ; Rise       ; sld_hub:auto_hub|sld_jtag_hub:\jtag_hub_gen:sld_jtag_hub_inst|irf_reg[2][2]                                                                                            ;
; 49.429 ; 49.613       ; 0.184          ; Low Pulse Width  ; altera_reserved_tck ; Rise       ; sld_hub:auto_hub|sld_jtag_hub:\jtag_hub_gen:sld_jtag_hub_inst|irf_reg[2][3]                                                                                            ;
; 49.429 ; 49.613       ; 0.184          ; Low Pulse Width  ; altera_reserved_tck ; Rise       ; sld_hub:auto_hub|sld_jtag_hub:\jtag_hub_gen:sld_jtag_hub_inst|irf_reg[2][4]                                                                                            ;
; 49.429 ; 49.613       ; 0.184          ; Low Pulse Width  ; altera_reserved_tck ; Rise       ; sld_hub:auto_hub|sld_jtag_hub:\jtag_hub_gen:sld_jtag_hub_inst|mixer_addr_reg[0]                                                                                        ;
; 49.429 ; 49.613       ; 0.184          ; Low Pulse Width  ; altera_reserved_tck ; Rise       ; sld_hub:auto_hub|sld_jtag_hub:\jtag_hub_gen:sld_jtag_hub_inst|mixer_addr_reg[1]                                                                                        ;
; 49.429 ; 49.613       ; 0.184          ; Low Pulse Width  ; altera_reserved_tck ; Rise       ; sld_hub:auto_hub|sld_jtag_hub:\jtag_hub_gen:sld_jtag_hub_inst|mixer_addr_reg[2]                                                                                        ;
; 49.429 ; 49.613       ; 0.184          ; Low Pulse Width  ; altera_reserved_tck ; Rise       ; sld_hub:auto_hub|sld_jtag_hub:\jtag_hub_gen:sld_jtag_hub_inst|mixer_addr_reg[3]                                                                                        ;
; 49.429 ; 49.613       ; 0.184          ; Low Pulse Width  ; altera_reserved_tck ; Rise       ; sld_hub:auto_hub|sld_jtag_hub:\jtag_hub_gen:sld_jtag_hub_inst|mixer_addr_reg[4]                                                                                        ;
; 49.429 ; 49.613       ; 0.184          ; Low Pulse Width  ; altera_reserved_tck ; Rise       ; sld_hub:auto_hub|sld_jtag_hub:\jtag_hub_gen:sld_jtag_hub_inst|shadow_irf_reg[2][0]                                                                                     ;
; 49.429 ; 49.613       ; 0.184          ; Low Pulse Width  ; altera_reserved_tck ; Rise       ; sld_hub:auto_hub|sld_jtag_hub:\jtag_hub_gen:sld_jtag_hub_inst|shadow_irf_reg[2][1]                                                                                     ;
; 49.429 ; 49.613       ; 0.184          ; Low Pulse Width  ; altera_reserved_tck ; Rise       ; sld_hub:auto_hub|sld_jtag_hub:\jtag_hub_gen:sld_jtag_hub_inst|shadow_irf_reg[2][2]                                                                                     ;
; 49.429 ; 49.613       ; 0.184          ; Low Pulse Width  ; altera_reserved_tck ; Rise       ; sld_hub:auto_hub|sld_jtag_hub:\jtag_hub_gen:sld_jtag_hub_inst|shadow_irf_reg[2][3]                                                                                     ;
; 49.429 ; 49.613       ; 0.184          ; Low Pulse Width  ; altera_reserved_tck ; Rise       ; sld_hub:auto_hub|sld_jtag_hub:\jtag_hub_gen:sld_jtag_hub_inst|shadow_irf_reg[2][4]                                                                                     ;
; 49.429 ; 49.613       ; 0.184          ; Low Pulse Width  ; altera_reserved_tck ; Rise       ; sld_hub:auto_hub|sld_jtag_hub:\jtag_hub_gen:sld_jtag_hub_inst|sld_rom_sr:hub_info_reg|WORD_SR[0]                                                                       ;
; 49.429 ; 49.613       ; 0.184          ; Low Pulse Width  ; altera_reserved_tck ; Rise       ; sld_hub:auto_hub|sld_jtag_hub:\jtag_hub_gen:sld_jtag_hub_inst|sld_rom_sr:hub_info_reg|WORD_SR[1]                                                                       ;
; 49.429 ; 49.613       ; 0.184          ; Low Pulse Width  ; altera_reserved_tck ; Rise       ; sld_hub:auto_hub|sld_jtag_hub:\jtag_hub_gen:sld_jtag_hub_inst|sld_shadow_jsm:shadow_jsm|tms_cnt[0]                                                                     ;
; 49.429 ; 49.613       ; 0.184          ; Low Pulse Width  ; altera_reserved_tck ; Rise       ; sld_hub:auto_hub|sld_jtag_hub:\jtag_hub_gen:sld_jtag_hub_inst|sld_shadow_jsm:shadow_jsm|tms_cnt[1]                                                                     ;
; 49.429 ; 49.613       ; 0.184          ; Low Pulse Width  ; altera_reserved_tck ; Rise       ; sld_hub:auto_hub|sld_jtag_hub:\jtag_hub_gen:sld_jtag_hub_inst|sld_shadow_jsm:shadow_jsm|tms_cnt[2]                                                                     ;
; 49.429 ; 49.613       ; 0.184          ; Low Pulse Width  ; altera_reserved_tck ; Rise       ; sld_hub:auto_hub|sld_jtag_hub:\jtag_hub_gen:sld_jtag_hub_inst|tdo_bypass_reg                                                                                           ;
; 49.430 ; 49.614       ; 0.184          ; Low Pulse Width  ; altera_reserved_tck ; Rise       ; ram:inst15|altsyncram:altsyncram_component|altsyncram_oqj1:auto_generated|sld_mod_ram_rom:mgl_prim2|ir_loaded_address_reg[0]                                           ;
; 49.430 ; 49.614       ; 0.184          ; Low Pulse Width  ; altera_reserved_tck ; Rise       ; ram:inst15|altsyncram:altsyncram_component|altsyncram_oqj1:auto_generated|sld_mod_ram_rom:mgl_prim2|ir_loaded_address_reg[1]                                           ;
; 49.430 ; 49.614       ; 0.184          ; Low Pulse Width  ; altera_reserved_tck ; Rise       ; ram:inst15|altsyncram:altsyncram_component|altsyncram_oqj1:auto_generated|sld_mod_ram_rom:mgl_prim2|ir_loaded_address_reg[2]                                           ;
; 49.430 ; 49.614       ; 0.184          ; Low Pulse Width  ; altera_reserved_tck ; Rise       ; ram:inst15|altsyncram:altsyncram_component|altsyncram_oqj1:auto_generated|sld_mod_ram_rom:mgl_prim2|ir_loaded_address_reg[3]                                           ;
; 49.430 ; 49.614       ; 0.184          ; Low Pulse Width  ; altera_reserved_tck ; Rise       ; ram:inst15|altsyncram:altsyncram_component|altsyncram_oqj1:auto_generated|sld_mod_ram_rom:mgl_prim2|ram_rom_data_reg[0]                                                ;
; 49.430 ; 49.614       ; 0.184          ; Low Pulse Width  ; altera_reserved_tck ; Rise       ; ram:inst15|altsyncram:altsyncram_component|altsyncram_oqj1:auto_generated|sld_mod_ram_rom:mgl_prim2|ram_rom_data_reg[1]                                                ;
; 49.430 ; 49.614       ; 0.184          ; Low Pulse Width  ; altera_reserved_tck ; Rise       ; ram:inst15|altsyncram:altsyncram_component|altsyncram_oqj1:auto_generated|sld_mod_ram_rom:mgl_prim2|ram_rom_data_reg[2]                                                ;
; 49.430 ; 49.614       ; 0.184          ; Low Pulse Width  ; altera_reserved_tck ; Rise       ; ram:inst15|altsyncram:altsyncram_component|altsyncram_oqj1:auto_generated|sld_mod_ram_rom:mgl_prim2|ram_rom_data_reg[3]                                                ;
; 49.430 ; 49.614       ; 0.184          ; Low Pulse Width  ; altera_reserved_tck ; Rise       ; ram:inst15|altsyncram:altsyncram_component|altsyncram_oqj1:auto_generated|sld_mod_ram_rom:mgl_prim2|ram_rom_data_reg[4]                                                ;
; 49.430 ; 49.614       ; 0.184          ; Low Pulse Width  ; altera_reserved_tck ; Rise       ; ram:inst15|altsyncram:altsyncram_component|altsyncram_oqj1:auto_generated|sld_mod_ram_rom:mgl_prim2|ram_rom_data_reg[5]                                                ;
; 49.430 ; 49.614       ; 0.184          ; Low Pulse Width  ; altera_reserved_tck ; Rise       ; ram:inst15|altsyncram:altsyncram_component|altsyncram_oqj1:auto_generated|sld_mod_ram_rom:mgl_prim2|ram_rom_data_reg[6]                                                ;
; 49.430 ; 49.614       ; 0.184          ; Low Pulse Width  ; altera_reserved_tck ; Rise       ; ram:inst15|altsyncram:altsyncram_component|altsyncram_oqj1:auto_generated|sld_mod_ram_rom:mgl_prim2|ram_rom_data_reg[7]                                                ;
; 49.430 ; 49.614       ; 0.184          ; Low Pulse Width  ; altera_reserved_tck ; Rise       ; ram:inst15|altsyncram:altsyncram_component|altsyncram_oqj1:auto_generated|sld_mod_ram_rom:mgl_prim2|ram_rom_data_shift_cntr_reg[0]                                     ;
; 49.430 ; 49.614       ; 0.184          ; Low Pulse Width  ; altera_reserved_tck ; Rise       ; ram:inst15|altsyncram:altsyncram_component|altsyncram_oqj1:auto_generated|sld_mod_ram_rom:mgl_prim2|ram_rom_data_shift_cntr_reg[1]                                     ;
; 49.430 ; 49.614       ; 0.184          ; Low Pulse Width  ; altera_reserved_tck ; Rise       ; ram:inst15|altsyncram:altsyncram_component|altsyncram_oqj1:auto_generated|sld_mod_ram_rom:mgl_prim2|ram_rom_data_shift_cntr_reg[2]                                     ;
; 49.430 ; 49.614       ; 0.184          ; Low Pulse Width  ; altera_reserved_tck ; Rise       ; ram:inst15|altsyncram:altsyncram_component|altsyncram_oqj1:auto_generated|sld_mod_ram_rom:mgl_prim2|sld_rom_sr:\ram_rom_logic_gen:name_gen:info_rom_sr|WORD_SR[0]      ;
; 49.430 ; 49.614       ; 0.184          ; Low Pulse Width  ; altera_reserved_tck ; Rise       ; ram:inst15|altsyncram:altsyncram_component|altsyncram_oqj1:auto_generated|sld_mod_ram_rom:mgl_prim2|sld_rom_sr:\ram_rom_logic_gen:name_gen:info_rom_sr|WORD_SR[1]      ;
; 49.430 ; 49.614       ; 0.184          ; Low Pulse Width  ; altera_reserved_tck ; Rise       ; ram:inst15|altsyncram:altsyncram_component|altsyncram_oqj1:auto_generated|sld_mod_ram_rom:mgl_prim2|sld_rom_sr:\ram_rom_logic_gen:name_gen:info_rom_sr|WORD_SR[2]      ;
; 49.430 ; 49.614       ; 0.184          ; Low Pulse Width  ; altera_reserved_tck ; Rise       ; ram:inst15|altsyncram:altsyncram_component|altsyncram_oqj1:auto_generated|sld_mod_ram_rom:mgl_prim2|sld_rom_sr:\ram_rom_logic_gen:name_gen:info_rom_sr|WORD_SR[3]      ;
; 49.430 ; 49.614       ; 0.184          ; Low Pulse Width  ; altera_reserved_tck ; Rise       ; ram:inst15|altsyncram:altsyncram_component|altsyncram_oqj1:auto_generated|sld_mod_ram_rom:mgl_prim2|sld_rom_sr:\ram_rom_logic_gen:name_gen:info_rom_sr|word_counter[0] ;
; 49.430 ; 49.614       ; 0.184          ; Low Pulse Width  ; altera_reserved_tck ; Rise       ; ram:inst15|altsyncram:altsyncram_component|altsyncram_oqj1:auto_generated|sld_mod_ram_rom:mgl_prim2|sld_rom_sr:\ram_rom_logic_gen:name_gen:info_rom_sr|word_counter[1] ;
; 49.430 ; 49.614       ; 0.184          ; Low Pulse Width  ; altera_reserved_tck ; Rise       ; ram:inst15|altsyncram:altsyncram_component|altsyncram_oqj1:auto_generated|sld_mod_ram_rom:mgl_prim2|sld_rom_sr:\ram_rom_logic_gen:name_gen:info_rom_sr|word_counter[2] ;
; 49.430 ; 49.614       ; 0.184          ; Low Pulse Width  ; altera_reserved_tck ; Rise       ; ram:inst15|altsyncram:altsyncram_component|altsyncram_oqj1:auto_generated|sld_mod_ram_rom:mgl_prim2|sld_rom_sr:\ram_rom_logic_gen:name_gen:info_rom_sr|word_counter[3] ;
; 49.430 ; 49.614       ; 0.184          ; Low Pulse Width  ; altera_reserved_tck ; Rise       ; ram:inst15|altsyncram:altsyncram_component|altsyncram_oqj1:auto_generated|sld_mod_ram_rom:mgl_prim2|sld_rom_sr:\ram_rom_logic_gen:name_gen:info_rom_sr|word_counter[4] ;
+--------+--------------+----------------+------------------+---------------------+------------+------------------------------------------------------------------------------------------------------------------------------------------------------------------------+


+----------------------------------------------------------------------------------------------+
; Setup Times                                                                                  ;
+---------------------+---------------------+-------+-------+------------+---------------------+
; Data Port           ; Clock Port          ; Rise  ; Fall  ; Clock Edge ; Clock Reference     ;
+---------------------+---------------------+-------+-------+------------+---------------------+
; altera_reserved_tdi ; altera_reserved_tck ; 3.070 ; 3.730 ; Rise       ; altera_reserved_tck ;
; altera_reserved_tms ; altera_reserved_tck ; 8.023 ; 8.151 ; Rise       ; altera_reserved_tck ;
+---------------------+---------------------+-------+-------+------------+---------------------+


+------------------------------------------------------------------------------------------------+
; Hold Times                                                                                     ;
+---------------------+---------------------+--------+--------+------------+---------------------+
; Data Port           ; Clock Port          ; Rise   ; Fall   ; Clock Edge ; Clock Reference     ;
+---------------------+---------------------+--------+--------+------------+---------------------+
; altera_reserved_tdi ; altera_reserved_tck ; 0.396  ; 0.094  ; Rise       ; altera_reserved_tck ;
; altera_reserved_tms ; altera_reserved_tck ; -1.285 ; -1.464 ; Rise       ; altera_reserved_tck ;
+---------------------+---------------------+--------+--------+------------+---------------------+


+------------------------------------------------------------------------------------------------+
; Clock to Output Times                                                                          ;
+---------------------+---------------------+--------+--------+------------+---------------------+
; Data Port           ; Clock Port          ; Rise   ; Fall   ; Clock Edge ; Clock Reference     ;
+---------------------+---------------------+--------+--------+------------+---------------------+
; altera_reserved_tdo ; altera_reserved_tck ; 12.863 ; 13.096 ; Fall       ; altera_reserved_tck ;
+---------------------+---------------------+--------+--------+------------+---------------------+


+------------------------------------------------------------------------------------------------+
; Minimum Clock to Output Times                                                                  ;
+---------------------+---------------------+--------+--------+------------+---------------------+
; Data Port           ; Clock Port          ; Rise   ; Fall   ; Clock Edge ; Clock Reference     ;
+---------------------+---------------------+--------+--------+------------+---------------------+
; altera_reserved_tdo ; altera_reserved_tck ; 10.530 ; 10.778 ; Fall       ; altera_reserved_tck ;
+---------------------+---------------------+--------+--------+------------+---------------------+


---------------------------------------------
; Slow 1200mV 0C Model Metastability Report ;
---------------------------------------------
No synchronizer chains to report.


+----------------------------------------------+
; Fast 1200mV 0C Model Setup Summary           ;
+---------------------+--------+---------------+
; Clock               ; Slack  ; End Point TNS ;
+---------------------+--------+---------------+
; altera_reserved_tck ; 48.022 ; 0.000         ;
+---------------------+--------+---------------+


+---------------------------------------------+
; Fast 1200mV 0C Model Hold Summary           ;
+---------------------+-------+---------------+
; Clock               ; Slack ; End Point TNS ;
+---------------------+-------+---------------+
; altera_reserved_tck ; 0.182 ; 0.000         ;
+---------------------+-------+---------------+


+----------------------------------------------+
; Fast 1200mV 0C Model Recovery Summary        ;
+---------------------+--------+---------------+
; Clock               ; Slack  ; End Point TNS ;
+---------------------+--------+---------------+
; altera_reserved_tck ; 48.833 ; 0.000         ;
+---------------------+--------+---------------+


+---------------------------------------------+
; Fast 1200mV 0C Model Removal Summary        ;
+---------------------+-------+---------------+
; Clock               ; Slack ; End Point TNS ;
+---------------------+-------+---------------+
; altera_reserved_tck ; 0.566 ; 0.000         ;
+---------------------+-------+---------------+


+--------------------------------------------------+
; Fast 1200mV 0C Model Minimum Pulse Width Summary ;
+---------------------+--------+-------------------+
; Clock               ; Slack  ; End Point TNS     ;
+---------------------+--------+-------------------+
; altera_reserved_tck ; 49.454 ; 0.000             ;
+---------------------+--------+-------------------+


+--------------------------------------------------------------------------------------------------------------------------------------------------------------------------------------------------------------------------------------------------------------------------------------------------------------------------------------------------------------------------------------------+
; Fast 1200mV 0C Model Setup: 'altera_reserved_tck'                                                                                                                                                                                                                                                                                                                                          ;
+--------+-------------------------------------------------------------------------------------------------------------------------------------------------------------------+--------------------------------------------------------------------------------------------------------------------------+---------------------+---------------------+--------------+------------+------------+
; Slack  ; From Node                                                                                                                                                         ; To Node                                                                                                                  ; Launch Clock        ; Latch Clock         ; Relationship ; Clock Skew ; Data Delay ;
+--------+-------------------------------------------------------------------------------------------------------------------------------------------------------------------+--------------------------------------------------------------------------------------------------------------------------+---------------------+---------------------+--------------+------------+------------+
; 48.022 ; sld_hub:auto_hub|sld_jtag_hub:\jtag_hub_gen:sld_jtag_hub_inst|irf_reg[2][1]                                                                                       ; sld_hub:auto_hub|sld_jtag_hub:\jtag_hub_gen:sld_jtag_hub_inst|tdo                                                        ; altera_reserved_tck ; altera_reserved_tck ; 50.000       ; 0.273      ; 2.258      ;
; 48.072 ; rom1:inst2|altsyncram:altsyncram_component|altsyncram_qlb1:auto_generated|sld_mod_ram_rom:mgl_prim2|ram_rom_data_reg[0]                                           ; sld_hub:auto_hub|sld_jtag_hub:\jtag_hub_gen:sld_jtag_hub_inst|tdo                                                        ; altera_reserved_tck ; altera_reserved_tck ; 50.000       ; 0.276      ; 2.211      ;
; 48.098 ; sld_hub:auto_hub|sld_jtag_hub:\jtag_hub_gen:sld_jtag_hub_inst|irf_reg[1][2]                                                                                       ; sld_hub:auto_hub|sld_jtag_hub:\jtag_hub_gen:sld_jtag_hub_inst|tdo                                                        ; altera_reserved_tck ; altera_reserved_tck ; 50.000       ; 0.279      ; 2.188      ;
; 48.140 ; ram:inst15|altsyncram:altsyncram_component|altsyncram_oqj1:auto_generated|sld_mod_ram_rom:mgl_prim2|sld_rom_sr:\ram_rom_logic_gen:name_gen:info_rom_sr|WORD_SR[0] ; sld_hub:auto_hub|sld_jtag_hub:\jtag_hub_gen:sld_jtag_hub_inst|tdo                                                        ; altera_reserved_tck ; altera_reserved_tck ; 50.000       ; 0.282      ; 2.149      ;
; 48.221 ; sld_hub:auto_hub|sld_jtag_hub:\jtag_hub_gen:sld_jtag_hub_inst|irf_reg[2][2]                                                                                       ; sld_hub:auto_hub|sld_jtag_hub:\jtag_hub_gen:sld_jtag_hub_inst|tdo                                                        ; altera_reserved_tck ; altera_reserved_tck ; 50.000       ; 0.273      ; 2.059      ;
; 48.247 ; ram:inst15|altsyncram:altsyncram_component|altsyncram_oqj1:auto_generated|sld_mod_ram_rom:mgl_prim2|ram_rom_data_reg[0]                                           ; sld_hub:auto_hub|sld_jtag_hub:\jtag_hub_gen:sld_jtag_hub_inst|tdo                                                        ; altera_reserved_tck ; altera_reserved_tck ; 50.000       ; 0.267      ; 2.027      ;
; 48.265 ; sld_hub:auto_hub|sld_jtag_hub:\jtag_hub_gen:sld_jtag_hub_inst|irf_reg[1][1]                                                                                       ; sld_hub:auto_hub|sld_jtag_hub:\jtag_hub_gen:sld_jtag_hub_inst|tdo                                                        ; altera_reserved_tck ; altera_reserved_tck ; 50.000       ; 0.279      ; 2.021      ;
; 48.364 ; sld_hub:auto_hub|sld_jtag_hub:\jtag_hub_gen:sld_jtag_hub_inst|irsr_reg[6]                                                                                         ; sld_hub:auto_hub|sld_jtag_hub:\jtag_hub_gen:sld_jtag_hub_inst|tdo                                                        ; altera_reserved_tck ; altera_reserved_tck ; 50.000       ; 0.281      ; 1.924      ;
; 48.401 ; sld_hub:auto_hub|sld_jtag_hub:\jtag_hub_gen:sld_jtag_hub_inst|sld_shadow_jsm:shadow_jsm|state[3]                                                                  ; sld_hub:auto_hub|sld_jtag_hub:\jtag_hub_gen:sld_jtag_hub_inst|tdo                                                        ; altera_reserved_tck ; altera_reserved_tck ; 50.000       ; 0.284      ; 1.890      ;
; 48.470 ; rom1:inst2|altsyncram:altsyncram_component|altsyncram_qlb1:auto_generated|sld_mod_ram_rom:mgl_prim2|bypass_reg_out                                                ; sld_hub:auto_hub|sld_jtag_hub:\jtag_hub_gen:sld_jtag_hub_inst|tdo                                                        ; altera_reserved_tck ; altera_reserved_tck ; 50.000       ; 0.280      ; 1.817      ;
; 48.664 ; sld_hub:auto_hub|sld_jtag_hub:\jtag_hub_gen:sld_jtag_hub_inst|irf_reg[1][0]                                                                                       ; sld_hub:auto_hub|sld_jtag_hub:\jtag_hub_gen:sld_jtag_hub_inst|tdo                                                        ; altera_reserved_tck ; altera_reserved_tck ; 50.000       ; 0.279      ; 1.622      ;
; 48.676 ; ram:inst15|altsyncram:altsyncram_component|altsyncram_oqj1:auto_generated|sld_mod_ram_rom:mgl_prim2|bypass_reg_out                                                ; sld_hub:auto_hub|sld_jtag_hub:\jtag_hub_gen:sld_jtag_hub_inst|tdo                                                        ; altera_reserved_tck ; altera_reserved_tck ; 50.000       ; 0.276      ; 1.607      ;
; 48.684 ; sld_hub:auto_hub|sld_jtag_hub:\jtag_hub_gen:sld_jtag_hub_inst|irsr_reg[5]                                                                                         ; sld_hub:auto_hub|sld_jtag_hub:\jtag_hub_gen:sld_jtag_hub_inst|tdo                                                        ; altera_reserved_tck ; altera_reserved_tck ; 50.000       ; 0.274      ; 1.597      ;
; 48.722 ; sld_hub:auto_hub|sld_jtag_hub:\jtag_hub_gen:sld_jtag_hub_inst|sld_shadow_jsm:shadow_jsm|state[4]                                                                  ; sld_hub:auto_hub|sld_jtag_hub:\jtag_hub_gen:sld_jtag_hub_inst|tdo                                                        ; altera_reserved_tck ; altera_reserved_tck ; 50.000       ; 0.280      ; 1.565      ;
; 48.723 ; sld_hub:auto_hub|sld_jtag_hub:\jtag_hub_gen:sld_jtag_hub_inst|irf_reg[2][0]                                                                                       ; sld_hub:auto_hub|sld_jtag_hub:\jtag_hub_gen:sld_jtag_hub_inst|tdo                                                        ; altera_reserved_tck ; altera_reserved_tck ; 50.000       ; 0.273      ; 1.557      ;
; 48.841 ; sld_hub:auto_hub|sld_jtag_hub:\jtag_hub_gen:sld_jtag_hub_inst|virtual_ir_scan_reg                                                                                 ; sld_hub:auto_hub|sld_jtag_hub:\jtag_hub_gen:sld_jtag_hub_inst|tdo                                                        ; altera_reserved_tck ; altera_reserved_tck ; 50.000       ; 0.287      ; 1.453      ;
; 48.861 ; rom1:inst2|altsyncram:altsyncram_component|altsyncram_qlb1:auto_generated|sld_mod_ram_rom:mgl_prim2|sld_rom_sr:\ram_rom_logic_gen:name_gen:info_rom_sr|WORD_SR[0] ; sld_hub:auto_hub|sld_jtag_hub:\jtag_hub_gen:sld_jtag_hub_inst|tdo                                                        ; altera_reserved_tck ; altera_reserved_tck ; 50.000       ; 0.279      ; 1.425      ;
; 48.957 ; sld_hub:auto_hub|sld_jtag_hub:\jtag_hub_gen:sld_jtag_hub_inst|irsr_reg[2]                                                                                         ; sld_hub:auto_hub|sld_jtag_hub:\jtag_hub_gen:sld_jtag_hub_inst|tdo                                                        ; altera_reserved_tck ; altera_reserved_tck ; 50.000       ; 0.281      ; 1.331      ;
; 48.959 ; sld_hub:auto_hub|sld_jtag_hub:\jtag_hub_gen:sld_jtag_hub_inst|hub_minor_ver_reg[0]                                                                                ; sld_hub:auto_hub|sld_jtag_hub:\jtag_hub_gen:sld_jtag_hub_inst|tdo                                                        ; altera_reserved_tck ; altera_reserved_tck ; 50.000       ; 0.271      ; 1.319      ;
; 49.015 ; sld_hub:auto_hub|sld_jtag_hub:\jtag_hub_gen:sld_jtag_hub_inst|irsr_reg[1]                                                                                         ; sld_hub:auto_hub|sld_jtag_hub:\jtag_hub_gen:sld_jtag_hub_inst|tdo                                                        ; altera_reserved_tck ; altera_reserved_tck ; 50.000       ; 0.281      ; 1.273      ;
; 49.052 ; sld_hub:auto_hub|sld_jtag_hub:\jtag_hub_gen:sld_jtag_hub_inst|irsr_reg[0]                                                                                         ; sld_hub:auto_hub|sld_jtag_hub:\jtag_hub_gen:sld_jtag_hub_inst|tdo                                                        ; altera_reserved_tck ; altera_reserved_tck ; 50.000       ; 0.281      ; 1.236      ;
; 49.054 ; sld_hub:auto_hub|sld_jtag_hub:\jtag_hub_gen:sld_jtag_hub_inst|tdo_bypass_reg                                                                                      ; sld_hub:auto_hub|sld_jtag_hub:\jtag_hub_gen:sld_jtag_hub_inst|tdo                                                        ; altera_reserved_tck ; altera_reserved_tck ; 50.000       ; 0.277      ; 1.230      ;
; 49.111 ; sld_hub:auto_hub|sld_jtag_hub:\jtag_hub_gen:sld_jtag_hub_inst|sld_rom_sr:hub_info_reg|WORD_SR[0]                                                                  ; sld_hub:auto_hub|sld_jtag_hub:\jtag_hub_gen:sld_jtag_hub_inst|tdo                                                        ; altera_reserved_tck ; altera_reserved_tck ; 50.000       ; 0.280      ; 1.176      ;
; 49.139 ; sld_hub:auto_hub|sld_jtag_hub:\jtag_hub_gen:sld_jtag_hub_inst|design_hash_reg[0]                                                                                  ; sld_hub:auto_hub|sld_jtag_hub:\jtag_hub_gen:sld_jtag_hub_inst|tdo                                                        ; altera_reserved_tck ; altera_reserved_tck ; 50.000       ; 0.275      ; 1.143      ;
; 97.311 ; sld_hub:auto_hub|sld_jtag_hub:\jtag_hub_gen:sld_jtag_hub_inst|node_ena[2]~reg0                                                                                    ; rom1:inst2|altsyncram:altsyncram_component|altsyncram_qlb1:auto_generated|sld_mod_ram_rom:mgl_prim2|ram_rom_data_reg[15] ; altera_reserved_tck ; altera_reserved_tck ; 100.000      ; -0.036     ; 2.660      ;
; 97.311 ; sld_hub:auto_hub|sld_jtag_hub:\jtag_hub_gen:sld_jtag_hub_inst|node_ena[2]~reg0                                                                                    ; rom1:inst2|altsyncram:altsyncram_component|altsyncram_qlb1:auto_generated|sld_mod_ram_rom:mgl_prim2|ram_rom_data_reg[14] ; altera_reserved_tck ; altera_reserved_tck ; 100.000      ; -0.036     ; 2.660      ;
; 97.311 ; sld_hub:auto_hub|sld_jtag_hub:\jtag_hub_gen:sld_jtag_hub_inst|node_ena[2]~reg0                                                                                    ; rom1:inst2|altsyncram:altsyncram_component|altsyncram_qlb1:auto_generated|sld_mod_ram_rom:mgl_prim2|ram_rom_data_reg[13] ; altera_reserved_tck ; altera_reserved_tck ; 100.000      ; -0.036     ; 2.660      ;
; 97.311 ; sld_hub:auto_hub|sld_jtag_hub:\jtag_hub_gen:sld_jtag_hub_inst|node_ena[2]~reg0                                                                                    ; rom1:inst2|altsyncram:altsyncram_component|altsyncram_qlb1:auto_generated|sld_mod_ram_rom:mgl_prim2|ram_rom_data_reg[12] ; altera_reserved_tck ; altera_reserved_tck ; 100.000      ; -0.036     ; 2.660      ;
; 97.311 ; sld_hub:auto_hub|sld_jtag_hub:\jtag_hub_gen:sld_jtag_hub_inst|node_ena[2]~reg0                                                                                    ; rom1:inst2|altsyncram:altsyncram_component|altsyncram_qlb1:auto_generated|sld_mod_ram_rom:mgl_prim2|ram_rom_data_reg[11] ; altera_reserved_tck ; altera_reserved_tck ; 100.000      ; -0.036     ; 2.660      ;
; 97.311 ; sld_hub:auto_hub|sld_jtag_hub:\jtag_hub_gen:sld_jtag_hub_inst|node_ena[2]~reg0                                                                                    ; rom1:inst2|altsyncram:altsyncram_component|altsyncram_qlb1:auto_generated|sld_mod_ram_rom:mgl_prim2|ram_rom_data_reg[10] ; altera_reserved_tck ; altera_reserved_tck ; 100.000      ; -0.036     ; 2.660      ;
; 97.311 ; sld_hub:auto_hub|sld_jtag_hub:\jtag_hub_gen:sld_jtag_hub_inst|node_ena[2]~reg0                                                                                    ; rom1:inst2|altsyncram:altsyncram_component|altsyncram_qlb1:auto_generated|sld_mod_ram_rom:mgl_prim2|ram_rom_data_reg[9]  ; altera_reserved_tck ; altera_reserved_tck ; 100.000      ; -0.036     ; 2.660      ;
; 97.311 ; sld_hub:auto_hub|sld_jtag_hub:\jtag_hub_gen:sld_jtag_hub_inst|node_ena[2]~reg0                                                                                    ; rom1:inst2|altsyncram:altsyncram_component|altsyncram_qlb1:auto_generated|sld_mod_ram_rom:mgl_prim2|ram_rom_data_reg[8]  ; altera_reserved_tck ; altera_reserved_tck ; 100.000      ; -0.036     ; 2.660      ;
; 97.311 ; sld_hub:auto_hub|sld_jtag_hub:\jtag_hub_gen:sld_jtag_hub_inst|node_ena[2]~reg0                                                                                    ; rom1:inst2|altsyncram:altsyncram_component|altsyncram_qlb1:auto_generated|sld_mod_ram_rom:mgl_prim2|ram_rom_data_reg[7]  ; altera_reserved_tck ; altera_reserved_tck ; 100.000      ; -0.036     ; 2.660      ;
; 97.311 ; sld_hub:auto_hub|sld_jtag_hub:\jtag_hub_gen:sld_jtag_hub_inst|node_ena[2]~reg0                                                                                    ; rom1:inst2|altsyncram:altsyncram_component|altsyncram_qlb1:auto_generated|sld_mod_ram_rom:mgl_prim2|ram_rom_data_reg[6]  ; altera_reserved_tck ; altera_reserved_tck ; 100.000      ; -0.036     ; 2.660      ;
; 97.311 ; sld_hub:auto_hub|sld_jtag_hub:\jtag_hub_gen:sld_jtag_hub_inst|node_ena[2]~reg0                                                                                    ; rom1:inst2|altsyncram:altsyncram_component|altsyncram_qlb1:auto_generated|sld_mod_ram_rom:mgl_prim2|ram_rom_data_reg[5]  ; altera_reserved_tck ; altera_reserved_tck ; 100.000      ; -0.036     ; 2.660      ;
; 97.311 ; sld_hub:auto_hub|sld_jtag_hub:\jtag_hub_gen:sld_jtag_hub_inst|node_ena[2]~reg0                                                                                    ; rom1:inst2|altsyncram:altsyncram_component|altsyncram_qlb1:auto_generated|sld_mod_ram_rom:mgl_prim2|ram_rom_data_reg[4]  ; altera_reserved_tck ; altera_reserved_tck ; 100.000      ; -0.036     ; 2.660      ;
; 97.311 ; sld_hub:auto_hub|sld_jtag_hub:\jtag_hub_gen:sld_jtag_hub_inst|node_ena[2]~reg0                                                                                    ; rom1:inst2|altsyncram:altsyncram_component|altsyncram_qlb1:auto_generated|sld_mod_ram_rom:mgl_prim2|ram_rom_data_reg[3]  ; altera_reserved_tck ; altera_reserved_tck ; 100.000      ; -0.036     ; 2.660      ;
; 97.311 ; sld_hub:auto_hub|sld_jtag_hub:\jtag_hub_gen:sld_jtag_hub_inst|node_ena[2]~reg0                                                                                    ; rom1:inst2|altsyncram:altsyncram_component|altsyncram_qlb1:auto_generated|sld_mod_ram_rom:mgl_prim2|ram_rom_data_reg[2]  ; altera_reserved_tck ; altera_reserved_tck ; 100.000      ; -0.036     ; 2.660      ;
; 97.311 ; sld_hub:auto_hub|sld_jtag_hub:\jtag_hub_gen:sld_jtag_hub_inst|node_ena[2]~reg0                                                                                    ; rom1:inst2|altsyncram:altsyncram_component|altsyncram_qlb1:auto_generated|sld_mod_ram_rom:mgl_prim2|ram_rom_data_reg[1]  ; altera_reserved_tck ; altera_reserved_tck ; 100.000      ; -0.036     ; 2.660      ;
; 97.311 ; sld_hub:auto_hub|sld_jtag_hub:\jtag_hub_gen:sld_jtag_hub_inst|node_ena[2]~reg0                                                                                    ; rom1:inst2|altsyncram:altsyncram_component|altsyncram_qlb1:auto_generated|sld_mod_ram_rom:mgl_prim2|ram_rom_data_reg[0]  ; altera_reserved_tck ; altera_reserved_tck ; 100.000      ; -0.036     ; 2.660      ;
; 97.312 ; sld_hub:auto_hub|sld_jtag_hub:\jtag_hub_gen:sld_jtag_hub_inst|irsr_reg[6]                                                                                         ; sld_hub:auto_hub|sld_jtag_hub:\jtag_hub_gen:sld_jtag_hub_inst|irf_reg[2][1]                                              ; altera_reserved_tck ; altera_reserved_tck ; 100.000      ; -0.029     ; 2.666      ;
; 97.312 ; sld_hub:auto_hub|sld_jtag_hub:\jtag_hub_gen:sld_jtag_hub_inst|irsr_reg[6]                                                                                         ; sld_hub:auto_hub|sld_jtag_hub:\jtag_hub_gen:sld_jtag_hub_inst|irf_reg[2][2]                                              ; altera_reserved_tck ; altera_reserved_tck ; 100.000      ; -0.029     ; 2.666      ;
; 97.312 ; sld_hub:auto_hub|sld_jtag_hub:\jtag_hub_gen:sld_jtag_hub_inst|irsr_reg[6]                                                                                         ; sld_hub:auto_hub|sld_jtag_hub:\jtag_hub_gen:sld_jtag_hub_inst|irf_reg[2][0]                                              ; altera_reserved_tck ; altera_reserved_tck ; 100.000      ; -0.029     ; 2.666      ;
; 97.312 ; sld_hub:auto_hub|sld_jtag_hub:\jtag_hub_gen:sld_jtag_hub_inst|irsr_reg[6]                                                                                         ; sld_hub:auto_hub|sld_jtag_hub:\jtag_hub_gen:sld_jtag_hub_inst|irf_reg[2][4]                                              ; altera_reserved_tck ; altera_reserved_tck ; 100.000      ; -0.029     ; 2.666      ;
; 97.312 ; sld_hub:auto_hub|sld_jtag_hub:\jtag_hub_gen:sld_jtag_hub_inst|irsr_reg[6]                                                                                         ; sld_hub:auto_hub|sld_jtag_hub:\jtag_hub_gen:sld_jtag_hub_inst|irf_reg[2][3]                                              ; altera_reserved_tck ; altera_reserved_tck ; 100.000      ; -0.029     ; 2.666      ;
; 97.368 ; sld_hub:auto_hub|sld_jtag_hub:\jtag_hub_gen:sld_jtag_hub_inst|irsr_reg[6]                                                                                         ; sld_hub:auto_hub|sld_jtag_hub:\jtag_hub_gen:sld_jtag_hub_inst|irf_reg[1][2]                                              ; altera_reserved_tck ; altera_reserved_tck ; 100.000      ; -0.042     ; 2.597      ;
; 97.368 ; sld_hub:auto_hub|sld_jtag_hub:\jtag_hub_gen:sld_jtag_hub_inst|irsr_reg[6]                                                                                         ; sld_hub:auto_hub|sld_jtag_hub:\jtag_hub_gen:sld_jtag_hub_inst|irf_reg[1][1]                                              ; altera_reserved_tck ; altera_reserved_tck ; 100.000      ; -0.042     ; 2.597      ;
; 97.368 ; sld_hub:auto_hub|sld_jtag_hub:\jtag_hub_gen:sld_jtag_hub_inst|irsr_reg[6]                                                                                         ; sld_hub:auto_hub|sld_jtag_hub:\jtag_hub_gen:sld_jtag_hub_inst|irf_reg[1][0]                                              ; altera_reserved_tck ; altera_reserved_tck ; 100.000      ; -0.042     ; 2.597      ;
; 97.368 ; sld_hub:auto_hub|sld_jtag_hub:\jtag_hub_gen:sld_jtag_hub_inst|irsr_reg[6]                                                                                         ; sld_hub:auto_hub|sld_jtag_hub:\jtag_hub_gen:sld_jtag_hub_inst|irf_reg[1][4]                                              ; altera_reserved_tck ; altera_reserved_tck ; 100.000      ; -0.042     ; 2.597      ;
; 97.368 ; sld_hub:auto_hub|sld_jtag_hub:\jtag_hub_gen:sld_jtag_hub_inst|irsr_reg[6]                                                                                         ; sld_hub:auto_hub|sld_jtag_hub:\jtag_hub_gen:sld_jtag_hub_inst|irf_reg[1][3]                                              ; altera_reserved_tck ; altera_reserved_tck ; 100.000      ; -0.042     ; 2.597      ;
; 97.457 ; sld_hub:auto_hub|sld_jtag_hub:\jtag_hub_gen:sld_jtag_hub_inst|irf_reg[2][1]                                                                                       ; rom1:inst2|altsyncram:altsyncram_component|altsyncram_qlb1:auto_generated|sld_mod_ram_rom:mgl_prim2|ram_rom_data_reg[15] ; altera_reserved_tck ; altera_reserved_tck ; 100.000      ; -0.039     ; 2.511      ;
; 97.457 ; sld_hub:auto_hub|sld_jtag_hub:\jtag_hub_gen:sld_jtag_hub_inst|irf_reg[2][1]                                                                                       ; rom1:inst2|altsyncram:altsyncram_component|altsyncram_qlb1:auto_generated|sld_mod_ram_rom:mgl_prim2|ram_rom_data_reg[14] ; altera_reserved_tck ; altera_reserved_tck ; 100.000      ; -0.039     ; 2.511      ;
; 97.457 ; sld_hub:auto_hub|sld_jtag_hub:\jtag_hub_gen:sld_jtag_hub_inst|irf_reg[2][1]                                                                                       ; rom1:inst2|altsyncram:altsyncram_component|altsyncram_qlb1:auto_generated|sld_mod_ram_rom:mgl_prim2|ram_rom_data_reg[13] ; altera_reserved_tck ; altera_reserved_tck ; 100.000      ; -0.039     ; 2.511      ;
; 97.457 ; sld_hub:auto_hub|sld_jtag_hub:\jtag_hub_gen:sld_jtag_hub_inst|irf_reg[2][1]                                                                                       ; rom1:inst2|altsyncram:altsyncram_component|altsyncram_qlb1:auto_generated|sld_mod_ram_rom:mgl_prim2|ram_rom_data_reg[12] ; altera_reserved_tck ; altera_reserved_tck ; 100.000      ; -0.039     ; 2.511      ;
; 97.457 ; sld_hub:auto_hub|sld_jtag_hub:\jtag_hub_gen:sld_jtag_hub_inst|irf_reg[2][1]                                                                                       ; rom1:inst2|altsyncram:altsyncram_component|altsyncram_qlb1:auto_generated|sld_mod_ram_rom:mgl_prim2|ram_rom_data_reg[11] ; altera_reserved_tck ; altera_reserved_tck ; 100.000      ; -0.039     ; 2.511      ;
; 97.457 ; sld_hub:auto_hub|sld_jtag_hub:\jtag_hub_gen:sld_jtag_hub_inst|irf_reg[2][1]                                                                                       ; rom1:inst2|altsyncram:altsyncram_component|altsyncram_qlb1:auto_generated|sld_mod_ram_rom:mgl_prim2|ram_rom_data_reg[10] ; altera_reserved_tck ; altera_reserved_tck ; 100.000      ; -0.039     ; 2.511      ;
; 97.457 ; sld_hub:auto_hub|sld_jtag_hub:\jtag_hub_gen:sld_jtag_hub_inst|irf_reg[2][1]                                                                                       ; rom1:inst2|altsyncram:altsyncram_component|altsyncram_qlb1:auto_generated|sld_mod_ram_rom:mgl_prim2|ram_rom_data_reg[9]  ; altera_reserved_tck ; altera_reserved_tck ; 100.000      ; -0.039     ; 2.511      ;
; 97.457 ; sld_hub:auto_hub|sld_jtag_hub:\jtag_hub_gen:sld_jtag_hub_inst|irf_reg[2][1]                                                                                       ; rom1:inst2|altsyncram:altsyncram_component|altsyncram_qlb1:auto_generated|sld_mod_ram_rom:mgl_prim2|ram_rom_data_reg[8]  ; altera_reserved_tck ; altera_reserved_tck ; 100.000      ; -0.039     ; 2.511      ;
; 97.457 ; sld_hub:auto_hub|sld_jtag_hub:\jtag_hub_gen:sld_jtag_hub_inst|irf_reg[2][1]                                                                                       ; rom1:inst2|altsyncram:altsyncram_component|altsyncram_qlb1:auto_generated|sld_mod_ram_rom:mgl_prim2|ram_rom_data_reg[7]  ; altera_reserved_tck ; altera_reserved_tck ; 100.000      ; -0.039     ; 2.511      ;
; 97.457 ; sld_hub:auto_hub|sld_jtag_hub:\jtag_hub_gen:sld_jtag_hub_inst|irf_reg[2][1]                                                                                       ; rom1:inst2|altsyncram:altsyncram_component|altsyncram_qlb1:auto_generated|sld_mod_ram_rom:mgl_prim2|ram_rom_data_reg[6]  ; altera_reserved_tck ; altera_reserved_tck ; 100.000      ; -0.039     ; 2.511      ;
; 97.457 ; sld_hub:auto_hub|sld_jtag_hub:\jtag_hub_gen:sld_jtag_hub_inst|irf_reg[2][1]                                                                                       ; rom1:inst2|altsyncram:altsyncram_component|altsyncram_qlb1:auto_generated|sld_mod_ram_rom:mgl_prim2|ram_rom_data_reg[5]  ; altera_reserved_tck ; altera_reserved_tck ; 100.000      ; -0.039     ; 2.511      ;
; 97.457 ; sld_hub:auto_hub|sld_jtag_hub:\jtag_hub_gen:sld_jtag_hub_inst|irf_reg[2][1]                                                                                       ; rom1:inst2|altsyncram:altsyncram_component|altsyncram_qlb1:auto_generated|sld_mod_ram_rom:mgl_prim2|ram_rom_data_reg[4]  ; altera_reserved_tck ; altera_reserved_tck ; 100.000      ; -0.039     ; 2.511      ;
; 97.457 ; sld_hub:auto_hub|sld_jtag_hub:\jtag_hub_gen:sld_jtag_hub_inst|irf_reg[2][1]                                                                                       ; rom1:inst2|altsyncram:altsyncram_component|altsyncram_qlb1:auto_generated|sld_mod_ram_rom:mgl_prim2|ram_rom_data_reg[3]  ; altera_reserved_tck ; altera_reserved_tck ; 100.000      ; -0.039     ; 2.511      ;
; 97.457 ; sld_hub:auto_hub|sld_jtag_hub:\jtag_hub_gen:sld_jtag_hub_inst|irf_reg[2][1]                                                                                       ; rom1:inst2|altsyncram:altsyncram_component|altsyncram_qlb1:auto_generated|sld_mod_ram_rom:mgl_prim2|ram_rom_data_reg[2]  ; altera_reserved_tck ; altera_reserved_tck ; 100.000      ; -0.039     ; 2.511      ;
; 97.457 ; sld_hub:auto_hub|sld_jtag_hub:\jtag_hub_gen:sld_jtag_hub_inst|irf_reg[2][1]                                                                                       ; rom1:inst2|altsyncram:altsyncram_component|altsyncram_qlb1:auto_generated|sld_mod_ram_rom:mgl_prim2|ram_rom_data_reg[1]  ; altera_reserved_tck ; altera_reserved_tck ; 100.000      ; -0.039     ; 2.511      ;
; 97.457 ; sld_hub:auto_hub|sld_jtag_hub:\jtag_hub_gen:sld_jtag_hub_inst|irf_reg[2][1]                                                                                       ; rom1:inst2|altsyncram:altsyncram_component|altsyncram_qlb1:auto_generated|sld_mod_ram_rom:mgl_prim2|ram_rom_data_reg[0]  ; altera_reserved_tck ; altera_reserved_tck ; 100.000      ; -0.039     ; 2.511      ;
; 97.500 ; sld_hub:auto_hub|sld_jtag_hub:\jtag_hub_gen:sld_jtag_hub_inst|irf_reg[2][3]                                                                                       ; rom1:inst2|altsyncram:altsyncram_component|altsyncram_qlb1:auto_generated|sld_mod_ram_rom:mgl_prim2|ram_rom_data_reg[15] ; altera_reserved_tck ; altera_reserved_tck ; 100.000      ; -0.039     ; 2.468      ;
; 97.500 ; sld_hub:auto_hub|sld_jtag_hub:\jtag_hub_gen:sld_jtag_hub_inst|irf_reg[2][3]                                                                                       ; rom1:inst2|altsyncram:altsyncram_component|altsyncram_qlb1:auto_generated|sld_mod_ram_rom:mgl_prim2|ram_rom_data_reg[14] ; altera_reserved_tck ; altera_reserved_tck ; 100.000      ; -0.039     ; 2.468      ;
; 97.500 ; sld_hub:auto_hub|sld_jtag_hub:\jtag_hub_gen:sld_jtag_hub_inst|irf_reg[2][3]                                                                                       ; rom1:inst2|altsyncram:altsyncram_component|altsyncram_qlb1:auto_generated|sld_mod_ram_rom:mgl_prim2|ram_rom_data_reg[13] ; altera_reserved_tck ; altera_reserved_tck ; 100.000      ; -0.039     ; 2.468      ;
; 97.500 ; sld_hub:auto_hub|sld_jtag_hub:\jtag_hub_gen:sld_jtag_hub_inst|irf_reg[2][3]                                                                                       ; rom1:inst2|altsyncram:altsyncram_component|altsyncram_qlb1:auto_generated|sld_mod_ram_rom:mgl_prim2|ram_rom_data_reg[12] ; altera_reserved_tck ; altera_reserved_tck ; 100.000      ; -0.039     ; 2.468      ;
; 97.500 ; sld_hub:auto_hub|sld_jtag_hub:\jtag_hub_gen:sld_jtag_hub_inst|irf_reg[2][3]                                                                                       ; rom1:inst2|altsyncram:altsyncram_component|altsyncram_qlb1:auto_generated|sld_mod_ram_rom:mgl_prim2|ram_rom_data_reg[11] ; altera_reserved_tck ; altera_reserved_tck ; 100.000      ; -0.039     ; 2.468      ;
; 97.500 ; sld_hub:auto_hub|sld_jtag_hub:\jtag_hub_gen:sld_jtag_hub_inst|irf_reg[2][3]                                                                                       ; rom1:inst2|altsyncram:altsyncram_component|altsyncram_qlb1:auto_generated|sld_mod_ram_rom:mgl_prim2|ram_rom_data_reg[10] ; altera_reserved_tck ; altera_reserved_tck ; 100.000      ; -0.039     ; 2.468      ;
; 97.500 ; sld_hub:auto_hub|sld_jtag_hub:\jtag_hub_gen:sld_jtag_hub_inst|irf_reg[2][3]                                                                                       ; rom1:inst2|altsyncram:altsyncram_component|altsyncram_qlb1:auto_generated|sld_mod_ram_rom:mgl_prim2|ram_rom_data_reg[9]  ; altera_reserved_tck ; altera_reserved_tck ; 100.000      ; -0.039     ; 2.468      ;
; 97.500 ; sld_hub:auto_hub|sld_jtag_hub:\jtag_hub_gen:sld_jtag_hub_inst|irf_reg[2][3]                                                                                       ; rom1:inst2|altsyncram:altsyncram_component|altsyncram_qlb1:auto_generated|sld_mod_ram_rom:mgl_prim2|ram_rom_data_reg[8]  ; altera_reserved_tck ; altera_reserved_tck ; 100.000      ; -0.039     ; 2.468      ;
; 97.500 ; sld_hub:auto_hub|sld_jtag_hub:\jtag_hub_gen:sld_jtag_hub_inst|irf_reg[2][3]                                                                                       ; rom1:inst2|altsyncram:altsyncram_component|altsyncram_qlb1:auto_generated|sld_mod_ram_rom:mgl_prim2|ram_rom_data_reg[7]  ; altera_reserved_tck ; altera_reserved_tck ; 100.000      ; -0.039     ; 2.468      ;
; 97.500 ; sld_hub:auto_hub|sld_jtag_hub:\jtag_hub_gen:sld_jtag_hub_inst|irf_reg[2][3]                                                                                       ; rom1:inst2|altsyncram:altsyncram_component|altsyncram_qlb1:auto_generated|sld_mod_ram_rom:mgl_prim2|ram_rom_data_reg[6]  ; altera_reserved_tck ; altera_reserved_tck ; 100.000      ; -0.039     ; 2.468      ;
; 97.500 ; sld_hub:auto_hub|sld_jtag_hub:\jtag_hub_gen:sld_jtag_hub_inst|irf_reg[2][3]                                                                                       ; rom1:inst2|altsyncram:altsyncram_component|altsyncram_qlb1:auto_generated|sld_mod_ram_rom:mgl_prim2|ram_rom_data_reg[5]  ; altera_reserved_tck ; altera_reserved_tck ; 100.000      ; -0.039     ; 2.468      ;
; 97.500 ; sld_hub:auto_hub|sld_jtag_hub:\jtag_hub_gen:sld_jtag_hub_inst|irf_reg[2][3]                                                                                       ; rom1:inst2|altsyncram:altsyncram_component|altsyncram_qlb1:auto_generated|sld_mod_ram_rom:mgl_prim2|ram_rom_data_reg[4]  ; altera_reserved_tck ; altera_reserved_tck ; 100.000      ; -0.039     ; 2.468      ;
; 97.500 ; sld_hub:auto_hub|sld_jtag_hub:\jtag_hub_gen:sld_jtag_hub_inst|irf_reg[2][3]                                                                                       ; rom1:inst2|altsyncram:altsyncram_component|altsyncram_qlb1:auto_generated|sld_mod_ram_rom:mgl_prim2|ram_rom_data_reg[3]  ; altera_reserved_tck ; altera_reserved_tck ; 100.000      ; -0.039     ; 2.468      ;
; 97.500 ; sld_hub:auto_hub|sld_jtag_hub:\jtag_hub_gen:sld_jtag_hub_inst|irf_reg[2][3]                                                                                       ; rom1:inst2|altsyncram:altsyncram_component|altsyncram_qlb1:auto_generated|sld_mod_ram_rom:mgl_prim2|ram_rom_data_reg[2]  ; altera_reserved_tck ; altera_reserved_tck ; 100.000      ; -0.039     ; 2.468      ;
; 97.500 ; sld_hub:auto_hub|sld_jtag_hub:\jtag_hub_gen:sld_jtag_hub_inst|irf_reg[2][3]                                                                                       ; rom1:inst2|altsyncram:altsyncram_component|altsyncram_qlb1:auto_generated|sld_mod_ram_rom:mgl_prim2|ram_rom_data_reg[1]  ; altera_reserved_tck ; altera_reserved_tck ; 100.000      ; -0.039     ; 2.468      ;
; 97.500 ; sld_hub:auto_hub|sld_jtag_hub:\jtag_hub_gen:sld_jtag_hub_inst|irf_reg[2][3]                                                                                       ; rom1:inst2|altsyncram:altsyncram_component|altsyncram_qlb1:auto_generated|sld_mod_ram_rom:mgl_prim2|ram_rom_data_reg[0]  ; altera_reserved_tck ; altera_reserved_tck ; 100.000      ; -0.039     ; 2.468      ;
; 97.524 ; sld_hub:auto_hub|sld_jtag_hub:\jtag_hub_gen:sld_jtag_hub_inst|virtual_ir_scan_reg                                                                                 ; rom1:inst2|altsyncram:altsyncram_component|altsyncram_qlb1:auto_generated|sld_mod_ram_rom:mgl_prim2|ram_rom_data_reg[15] ; altera_reserved_tck ; altera_reserved_tck ; 100.000      ; -0.025     ; 2.458      ;
; 97.524 ; sld_hub:auto_hub|sld_jtag_hub:\jtag_hub_gen:sld_jtag_hub_inst|virtual_ir_scan_reg                                                                                 ; rom1:inst2|altsyncram:altsyncram_component|altsyncram_qlb1:auto_generated|sld_mod_ram_rom:mgl_prim2|ram_rom_data_reg[14] ; altera_reserved_tck ; altera_reserved_tck ; 100.000      ; -0.025     ; 2.458      ;
; 97.524 ; sld_hub:auto_hub|sld_jtag_hub:\jtag_hub_gen:sld_jtag_hub_inst|virtual_ir_scan_reg                                                                                 ; rom1:inst2|altsyncram:altsyncram_component|altsyncram_qlb1:auto_generated|sld_mod_ram_rom:mgl_prim2|ram_rom_data_reg[13] ; altera_reserved_tck ; altera_reserved_tck ; 100.000      ; -0.025     ; 2.458      ;
; 97.524 ; sld_hub:auto_hub|sld_jtag_hub:\jtag_hub_gen:sld_jtag_hub_inst|virtual_ir_scan_reg                                                                                 ; rom1:inst2|altsyncram:altsyncram_component|altsyncram_qlb1:auto_generated|sld_mod_ram_rom:mgl_prim2|ram_rom_data_reg[12] ; altera_reserved_tck ; altera_reserved_tck ; 100.000      ; -0.025     ; 2.458      ;
; 97.524 ; sld_hub:auto_hub|sld_jtag_hub:\jtag_hub_gen:sld_jtag_hub_inst|virtual_ir_scan_reg                                                                                 ; rom1:inst2|altsyncram:altsyncram_component|altsyncram_qlb1:auto_generated|sld_mod_ram_rom:mgl_prim2|ram_rom_data_reg[11] ; altera_reserved_tck ; altera_reserved_tck ; 100.000      ; -0.025     ; 2.458      ;
; 97.524 ; sld_hub:auto_hub|sld_jtag_hub:\jtag_hub_gen:sld_jtag_hub_inst|virtual_ir_scan_reg                                                                                 ; rom1:inst2|altsyncram:altsyncram_component|altsyncram_qlb1:auto_generated|sld_mod_ram_rom:mgl_prim2|ram_rom_data_reg[10] ; altera_reserved_tck ; altera_reserved_tck ; 100.000      ; -0.025     ; 2.458      ;
; 97.524 ; sld_hub:auto_hub|sld_jtag_hub:\jtag_hub_gen:sld_jtag_hub_inst|virtual_ir_scan_reg                                                                                 ; rom1:inst2|altsyncram:altsyncram_component|altsyncram_qlb1:auto_generated|sld_mod_ram_rom:mgl_prim2|ram_rom_data_reg[9]  ; altera_reserved_tck ; altera_reserved_tck ; 100.000      ; -0.025     ; 2.458      ;
; 97.524 ; sld_hub:auto_hub|sld_jtag_hub:\jtag_hub_gen:sld_jtag_hub_inst|virtual_ir_scan_reg                                                                                 ; rom1:inst2|altsyncram:altsyncram_component|altsyncram_qlb1:auto_generated|sld_mod_ram_rom:mgl_prim2|ram_rom_data_reg[8]  ; altera_reserved_tck ; altera_reserved_tck ; 100.000      ; -0.025     ; 2.458      ;
; 97.524 ; sld_hub:auto_hub|sld_jtag_hub:\jtag_hub_gen:sld_jtag_hub_inst|virtual_ir_scan_reg                                                                                 ; rom1:inst2|altsyncram:altsyncram_component|altsyncram_qlb1:auto_generated|sld_mod_ram_rom:mgl_prim2|ram_rom_data_reg[7]  ; altera_reserved_tck ; altera_reserved_tck ; 100.000      ; -0.025     ; 2.458      ;
; 97.524 ; sld_hub:auto_hub|sld_jtag_hub:\jtag_hub_gen:sld_jtag_hub_inst|virtual_ir_scan_reg                                                                                 ; rom1:inst2|altsyncram:altsyncram_component|altsyncram_qlb1:auto_generated|sld_mod_ram_rom:mgl_prim2|ram_rom_data_reg[6]  ; altera_reserved_tck ; altera_reserved_tck ; 100.000      ; -0.025     ; 2.458      ;
; 97.524 ; sld_hub:auto_hub|sld_jtag_hub:\jtag_hub_gen:sld_jtag_hub_inst|virtual_ir_scan_reg                                                                                 ; rom1:inst2|altsyncram:altsyncram_component|altsyncram_qlb1:auto_generated|sld_mod_ram_rom:mgl_prim2|ram_rom_data_reg[5]  ; altera_reserved_tck ; altera_reserved_tck ; 100.000      ; -0.025     ; 2.458      ;
; 97.524 ; sld_hub:auto_hub|sld_jtag_hub:\jtag_hub_gen:sld_jtag_hub_inst|virtual_ir_scan_reg                                                                                 ; rom1:inst2|altsyncram:altsyncram_component|altsyncram_qlb1:auto_generated|sld_mod_ram_rom:mgl_prim2|ram_rom_data_reg[4]  ; altera_reserved_tck ; altera_reserved_tck ; 100.000      ; -0.025     ; 2.458      ;
; 97.524 ; sld_hub:auto_hub|sld_jtag_hub:\jtag_hub_gen:sld_jtag_hub_inst|virtual_ir_scan_reg                                                                                 ; rom1:inst2|altsyncram:altsyncram_component|altsyncram_qlb1:auto_generated|sld_mod_ram_rom:mgl_prim2|ram_rom_data_reg[3]  ; altera_reserved_tck ; altera_reserved_tck ; 100.000      ; -0.025     ; 2.458      ;
; 97.524 ; sld_hub:auto_hub|sld_jtag_hub:\jtag_hub_gen:sld_jtag_hub_inst|virtual_ir_scan_reg                                                                                 ; rom1:inst2|altsyncram:altsyncram_component|altsyncram_qlb1:auto_generated|sld_mod_ram_rom:mgl_prim2|ram_rom_data_reg[2]  ; altera_reserved_tck ; altera_reserved_tck ; 100.000      ; -0.025     ; 2.458      ;
; 97.524 ; sld_hub:auto_hub|sld_jtag_hub:\jtag_hub_gen:sld_jtag_hub_inst|virtual_ir_scan_reg                                                                                 ; rom1:inst2|altsyncram:altsyncram_component|altsyncram_qlb1:auto_generated|sld_mod_ram_rom:mgl_prim2|ram_rom_data_reg[1]  ; altera_reserved_tck ; altera_reserved_tck ; 100.000      ; -0.025     ; 2.458      ;
; 97.524 ; sld_hub:auto_hub|sld_jtag_hub:\jtag_hub_gen:sld_jtag_hub_inst|virtual_ir_scan_reg                                                                                 ; rom1:inst2|altsyncram:altsyncram_component|altsyncram_qlb1:auto_generated|sld_mod_ram_rom:mgl_prim2|ram_rom_data_reg[0]  ; altera_reserved_tck ; altera_reserved_tck ; 100.000      ; -0.025     ; 2.458      ;
; 97.541 ; sld_hub:auto_hub|sld_jtag_hub:\jtag_hub_gen:sld_jtag_hub_inst|virtual_ir_scan_reg                                                                                 ; rom1:inst2|altsyncram:altsyncram_component|altsyncram_qlb1:auto_generated|sld_mod_ram_rom:mgl_prim2|ram_rom_addr_reg[1]  ; altera_reserved_tck ; altera_reserved_tck ; 100.000      ; -0.029     ; 2.437      ;
; 97.541 ; sld_hub:auto_hub|sld_jtag_hub:\jtag_hub_gen:sld_jtag_hub_inst|virtual_ir_scan_reg                                                                                 ; rom1:inst2|altsyncram:altsyncram_component|altsyncram_qlb1:auto_generated|sld_mod_ram_rom:mgl_prim2|ram_rom_addr_reg[0]  ; altera_reserved_tck ; altera_reserved_tck ; 100.000      ; -0.029     ; 2.437      ;
+--------+-------------------------------------------------------------------------------------------------------------------------------------------------------------------+--------------------------------------------------------------------------------------------------------------------------+---------------------+---------------------+--------------+------------+------------+


+------------------------------------------------------------------------------------------------------------------------------------------------------------------------------------------------------------------------------------------------------------------------------------------------------------------------------------------------------------------------------------------------------------------------------------+
; Fast 1200mV 0C Model Hold: 'altera_reserved_tck'                                                                                                                                                                                                                                                                                                                                                                                   ;
+-------+-------------------------------------------------------------------------------------------------------------------------------------------------------------------+-------------------------------------------------------------------------------------------------------------------------------------------------------------------+---------------------+---------------------+--------------+------------+------------+
; Slack ; From Node                                                                                                                                                         ; To Node                                                                                                                                                           ; Launch Clock        ; Latch Clock         ; Relationship ; Clock Skew ; Data Delay ;
+-------+-------------------------------------------------------------------------------------------------------------------------------------------------------------------+-------------------------------------------------------------------------------------------------------------------------------------------------------------------+---------------------+---------------------+--------------+------------+------------+
; 0.182 ; ram:inst15|altsyncram:altsyncram_component|altsyncram_oqj1:auto_generated|sld_mod_ram_rom:mgl_prim2|ram_rom_data_reg[0]                                           ; ram:inst15|altsyncram:altsyncram_component|altsyncram_oqj1:auto_generated|altsyncram_m3a2:altsyncram1|ram_block3a0~portb_datain_reg0                              ; altera_reserved_tck ; altera_reserved_tck ; 0.000        ; 0.188      ; 0.474      ;
; 0.182 ; ram:inst15|altsyncram:altsyncram_component|altsyncram_oqj1:auto_generated|sld_mod_ram_rom:mgl_prim2|ram_rom_data_reg[7]                                           ; ram:inst15|altsyncram:altsyncram_component|altsyncram_oqj1:auto_generated|altsyncram_m3a2:altsyncram1|ram_block3a0~portb_datain_reg0                              ; altera_reserved_tck ; altera_reserved_tck ; 0.000        ; 0.188      ; 0.474      ;
; 0.186 ; rom1:inst2|altsyncram:altsyncram_component|altsyncram_qlb1:auto_generated|sld_mod_ram_rom:mgl_prim2|ram_rom_data_reg[21]                                          ; rom1:inst2|altsyncram:altsyncram_component|altsyncram_qlb1:auto_generated|altsyncram_67d2:altsyncram1|ram_block3a18~portb_datain_reg0                             ; altera_reserved_tck ; altera_reserved_tck ; 0.000        ; 0.181      ; 0.471      ;
; 0.187 ; sld_hub:auto_hub|sld_jtag_hub:\jtag_hub_gen:sld_jtag_hub_inst|hub_mode_reg[1]                                                                                     ; sld_hub:auto_hub|sld_jtag_hub:\jtag_hub_gen:sld_jtag_hub_inst|hub_mode_reg[1]                                                                                     ; altera_reserved_tck ; altera_reserved_tck ; 0.000        ; 0.036      ; 0.307      ;
; 0.187 ; sld_hub:auto_hub|sld_jtag_hub:\jtag_hub_gen:sld_jtag_hub_inst|irsr_reg[5]                                                                                         ; sld_hub:auto_hub|sld_jtag_hub:\jtag_hub_gen:sld_jtag_hub_inst|irsr_reg[5]                                                                                         ; altera_reserved_tck ; altera_reserved_tck ; 0.000        ; 0.036      ; 0.307      ;
; 0.187 ; ram:inst15|altsyncram:altsyncram_component|altsyncram_oqj1:auto_generated|sld_mod_ram_rom:mgl_prim2|ram_rom_data_shift_cntr_reg[1]                                ; ram:inst15|altsyncram:altsyncram_component|altsyncram_oqj1:auto_generated|sld_mod_ram_rom:mgl_prim2|ram_rom_data_shift_cntr_reg[1]                                ; altera_reserved_tck ; altera_reserved_tck ; 0.000        ; 0.036      ; 0.307      ;
; 0.187 ; ram:inst15|altsyncram:altsyncram_component|altsyncram_oqj1:auto_generated|sld_mod_ram_rom:mgl_prim2|ram_rom_data_shift_cntr_reg[0]                                ; ram:inst15|altsyncram:altsyncram_component|altsyncram_oqj1:auto_generated|sld_mod_ram_rom:mgl_prim2|ram_rom_data_shift_cntr_reg[0]                                ; altera_reserved_tck ; altera_reserved_tck ; 0.000        ; 0.036      ; 0.307      ;
; 0.187 ; ram:inst15|altsyncram:altsyncram_component|altsyncram_oqj1:auto_generated|sld_mod_ram_rom:mgl_prim2|ram_rom_data_shift_cntr_reg[2]                                ; ram:inst15|altsyncram:altsyncram_component|altsyncram_oqj1:auto_generated|sld_mod_ram_rom:mgl_prim2|ram_rom_data_shift_cntr_reg[2]                                ; altera_reserved_tck ; altera_reserved_tck ; 0.000        ; 0.036      ; 0.307      ;
; 0.187 ; ram:inst15|altsyncram:altsyncram_component|altsyncram_oqj1:auto_generated|sld_mod_ram_rom:mgl_prim2|is_in_use_reg                                                 ; ram:inst15|altsyncram:altsyncram_component|altsyncram_oqj1:auto_generated|sld_mod_ram_rom:mgl_prim2|is_in_use_reg                                                 ; altera_reserved_tck ; altera_reserved_tck ; 0.000        ; 0.036      ; 0.307      ;
; 0.187 ; ram:inst15|altsyncram:altsyncram_component|altsyncram_oqj1:auto_generated|sld_mod_ram_rom:mgl_prim2|bypass_reg_out                                                ; ram:inst15|altsyncram:altsyncram_component|altsyncram_oqj1:auto_generated|sld_mod_ram_rom:mgl_prim2|bypass_reg_out                                                ; altera_reserved_tck ; altera_reserved_tck ; 0.000        ; 0.036      ; 0.307      ;
; 0.187 ; ram:inst15|altsyncram:altsyncram_component|altsyncram_oqj1:auto_generated|sld_mod_ram_rom:mgl_prim2|ram_rom_data_reg[6]                                           ; ram:inst15|altsyncram:altsyncram_component|altsyncram_oqj1:auto_generated|altsyncram_m3a2:altsyncram1|ram_block3a0~portb_datain_reg0                              ; altera_reserved_tck ; altera_reserved_tck ; 0.000        ; 0.188      ; 0.479      ;
; 0.187 ; sld_hub:auto_hub|sld_jtag_hub:\jtag_hub_gen:sld_jtag_hub_inst|sld_shadow_jsm:shadow_jsm|tms_cnt[1]                                                                ; sld_hub:auto_hub|sld_jtag_hub:\jtag_hub_gen:sld_jtag_hub_inst|sld_shadow_jsm:shadow_jsm|tms_cnt[1]                                                                ; altera_reserved_tck ; altera_reserved_tck ; 0.000        ; 0.036      ; 0.307      ;
; 0.187 ; sld_hub:auto_hub|sld_jtag_hub:\jtag_hub_gen:sld_jtag_hub_inst|sld_shadow_jsm:shadow_jsm|tms_cnt[2]                                                                ; sld_hub:auto_hub|sld_jtag_hub:\jtag_hub_gen:sld_jtag_hub_inst|sld_shadow_jsm:shadow_jsm|tms_cnt[2]                                                                ; altera_reserved_tck ; altera_reserved_tck ; 0.000        ; 0.036      ; 0.307      ;
; 0.187 ; sld_hub:auto_hub|sld_jtag_hub:\jtag_hub_gen:sld_jtag_hub_inst|sld_shadow_jsm:shadow_jsm|state[4]                                                                  ; sld_hub:auto_hub|sld_jtag_hub:\jtag_hub_gen:sld_jtag_hub_inst|sld_shadow_jsm:shadow_jsm|state[4]                                                                  ; altera_reserved_tck ; altera_reserved_tck ; 0.000        ; 0.036      ; 0.307      ;
; 0.187 ; sld_hub:auto_hub|sld_jtag_hub:\jtag_hub_gen:sld_jtag_hub_inst|hub_mode_reg[2]                                                                                     ; sld_hub:auto_hub|sld_jtag_hub:\jtag_hub_gen:sld_jtag_hub_inst|hub_mode_reg[2]                                                                                     ; altera_reserved_tck ; altera_reserved_tck ; 0.000        ; 0.036      ; 0.307      ;
; 0.187 ; sld_hub:auto_hub|sld_jtag_hub:\jtag_hub_gen:sld_jtag_hub_inst|irsr_reg[6]                                                                                         ; sld_hub:auto_hub|sld_jtag_hub:\jtag_hub_gen:sld_jtag_hub_inst|irsr_reg[6]                                                                                         ; altera_reserved_tck ; altera_reserved_tck ; 0.000        ; 0.036      ; 0.307      ;
; 0.187 ; sld_hub:auto_hub|sld_jtag_hub:\jtag_hub_gen:sld_jtag_hub_inst|hub_mode_reg[0]                                                                                     ; sld_hub:auto_hub|sld_jtag_hub:\jtag_hub_gen:sld_jtag_hub_inst|hub_mode_reg[0]                                                                                     ; altera_reserved_tck ; altera_reserved_tck ; 0.000        ; 0.036      ; 0.307      ;
; 0.187 ; rom1:inst2|altsyncram:altsyncram_component|altsyncram_qlb1:auto_generated|sld_mod_ram_rom:mgl_prim2|ram_rom_data_shift_cntr_reg[0]                                ; rom1:inst2|altsyncram:altsyncram_component|altsyncram_qlb1:auto_generated|sld_mod_ram_rom:mgl_prim2|ram_rom_data_shift_cntr_reg[0]                                ; altera_reserved_tck ; altera_reserved_tck ; 0.000        ; 0.036      ; 0.307      ;
; 0.187 ; rom1:inst2|altsyncram:altsyncram_component|altsyncram_qlb1:auto_generated|sld_mod_ram_rom:mgl_prim2|ram_rom_data_shift_cntr_reg[2]                                ; rom1:inst2|altsyncram:altsyncram_component|altsyncram_qlb1:auto_generated|sld_mod_ram_rom:mgl_prim2|ram_rom_data_shift_cntr_reg[2]                                ; altera_reserved_tck ; altera_reserved_tck ; 0.000        ; 0.036      ; 0.307      ;
; 0.187 ; rom1:inst2|altsyncram:altsyncram_component|altsyncram_qlb1:auto_generated|sld_mod_ram_rom:mgl_prim2|ram_rom_data_shift_cntr_reg[3]                                ; rom1:inst2|altsyncram:altsyncram_component|altsyncram_qlb1:auto_generated|sld_mod_ram_rom:mgl_prim2|ram_rom_data_shift_cntr_reg[3]                                ; altera_reserved_tck ; altera_reserved_tck ; 0.000        ; 0.036      ; 0.307      ;
; 0.187 ; rom1:inst2|altsyncram:altsyncram_component|altsyncram_qlb1:auto_generated|sld_mod_ram_rom:mgl_prim2|ram_rom_data_shift_cntr_reg[4]                                ; rom1:inst2|altsyncram:altsyncram_component|altsyncram_qlb1:auto_generated|sld_mod_ram_rom:mgl_prim2|ram_rom_data_shift_cntr_reg[4]                                ; altera_reserved_tck ; altera_reserved_tck ; 0.000        ; 0.036      ; 0.307      ;
; 0.187 ; rom1:inst2|altsyncram:altsyncram_component|altsyncram_qlb1:auto_generated|sld_mod_ram_rom:mgl_prim2|ram_rom_data_shift_cntr_reg[1]                                ; rom1:inst2|altsyncram:altsyncram_component|altsyncram_qlb1:auto_generated|sld_mod_ram_rom:mgl_prim2|ram_rom_data_shift_cntr_reg[1]                                ; altera_reserved_tck ; altera_reserved_tck ; 0.000        ; 0.036      ; 0.307      ;
; 0.187 ; sld_hub:auto_hub|sld_jtag_hub:\jtag_hub_gen:sld_jtag_hub_inst|irsr_reg[4]                                                                                         ; sld_hub:auto_hub|sld_jtag_hub:\jtag_hub_gen:sld_jtag_hub_inst|irsr_reg[4]                                                                                         ; altera_reserved_tck ; altera_reserved_tck ; 0.000        ; 0.036      ; 0.307      ;
; 0.187 ; rom1:inst2|altsyncram:altsyncram_component|altsyncram_qlb1:auto_generated|sld_mod_ram_rom:mgl_prim2|is_in_use_reg                                                 ; rom1:inst2|altsyncram:altsyncram_component|altsyncram_qlb1:auto_generated|sld_mod_ram_rom:mgl_prim2|is_in_use_reg                                                 ; altera_reserved_tck ; altera_reserved_tck ; 0.000        ; 0.036      ; 0.307      ;
; 0.187 ; sld_hub:auto_hub|sld_jtag_hub:\jtag_hub_gen:sld_jtag_hub_inst|tdo_bypass_reg                                                                                      ; sld_hub:auto_hub|sld_jtag_hub:\jtag_hub_gen:sld_jtag_hub_inst|tdo_bypass_reg                                                                                      ; altera_reserved_tck ; altera_reserved_tck ; 0.000        ; 0.036      ; 0.307      ;
; 0.187 ; rom1:inst2|altsyncram:altsyncram_component|altsyncram_qlb1:auto_generated|sld_mod_ram_rom:mgl_prim2|bypass_reg_out                                                ; rom1:inst2|altsyncram:altsyncram_component|altsyncram_qlb1:auto_generated|sld_mod_ram_rom:mgl_prim2|bypass_reg_out                                                ; altera_reserved_tck ; altera_reserved_tck ; 0.000        ; 0.036      ; 0.307      ;
; 0.188 ; sld_hub:auto_hub|sld_jtag_hub:\jtag_hub_gen:sld_jtag_hub_inst|sld_shadow_jsm:shadow_jsm|state[6]                                                                  ; sld_hub:auto_hub|sld_jtag_hub:\jtag_hub_gen:sld_jtag_hub_inst|sld_shadow_jsm:shadow_jsm|state[6]                                                                  ; altera_reserved_tck ; altera_reserved_tck ; 0.000        ; 0.035      ; 0.307      ;
; 0.188 ; sld_hub:auto_hub|sld_jtag_hub:\jtag_hub_gen:sld_jtag_hub_inst|sld_shadow_jsm:shadow_jsm|state[0]                                                                  ; sld_hub:auto_hub|sld_jtag_hub:\jtag_hub_gen:sld_jtag_hub_inst|sld_shadow_jsm:shadow_jsm|state[0]                                                                  ; altera_reserved_tck ; altera_reserved_tck ; 0.000        ; 0.035      ; 0.307      ;
; 0.188 ; sld_hub:auto_hub|sld_jtag_hub:\jtag_hub_gen:sld_jtag_hub_inst|sld_shadow_jsm:shadow_jsm|state[1]                                                                  ; sld_hub:auto_hub|sld_jtag_hub:\jtag_hub_gen:sld_jtag_hub_inst|sld_shadow_jsm:shadow_jsm|state[1]                                                                  ; altera_reserved_tck ; altera_reserved_tck ; 0.000        ; 0.035      ; 0.307      ;
; 0.188 ; sld_hub:auto_hub|sld_jtag_hub:\jtag_hub_gen:sld_jtag_hub_inst|sld_shadow_jsm:shadow_jsm|state[11]                                                                 ; sld_hub:auto_hub|sld_jtag_hub:\jtag_hub_gen:sld_jtag_hub_inst|sld_shadow_jsm:shadow_jsm|state[11]                                                                 ; altera_reserved_tck ; altera_reserved_tck ; 0.000        ; 0.035      ; 0.307      ;
; 0.188 ; sld_hub:auto_hub|sld_jtag_hub:\jtag_hub_gen:sld_jtag_hub_inst|sld_shadow_jsm:shadow_jsm|state[13]                                                                 ; sld_hub:auto_hub|sld_jtag_hub:\jtag_hub_gen:sld_jtag_hub_inst|sld_shadow_jsm:shadow_jsm|state[13]                                                                 ; altera_reserved_tck ; altera_reserved_tck ; 0.000        ; 0.035      ; 0.307      ;
; 0.190 ; rom1:inst2|altsyncram:altsyncram_component|altsyncram_qlb1:auto_generated|sld_mod_ram_rom:mgl_prim2|ram_rom_data_reg[19]                                          ; rom1:inst2|altsyncram:altsyncram_component|altsyncram_qlb1:auto_generated|altsyncram_67d2:altsyncram1|ram_block3a18~portb_datain_reg0                             ; altera_reserved_tck ; altera_reserved_tck ; 0.000        ; 0.181      ; 0.475      ;
; 0.190 ; rom1:inst2|altsyncram:altsyncram_component|altsyncram_qlb1:auto_generated|sld_mod_ram_rom:mgl_prim2|ram_rom_data_reg[4]                                           ; rom1:inst2|altsyncram:altsyncram_component|altsyncram_qlb1:auto_generated|altsyncram_67d2:altsyncram1|ram_block3a0~portb_datain_reg0                              ; altera_reserved_tck ; altera_reserved_tck ; 0.000        ; 0.185      ; 0.479      ;
; 0.191 ; rom1:inst2|altsyncram:altsyncram_component|altsyncram_qlb1:auto_generated|sld_mod_ram_rom:mgl_prim2|ram_rom_data_reg[6]                                           ; rom1:inst2|altsyncram:altsyncram_component|altsyncram_qlb1:auto_generated|altsyncram_67d2:altsyncram1|ram_block3a0~portb_datain_reg0                              ; altera_reserved_tck ; altera_reserved_tck ; 0.000        ; 0.185      ; 0.480      ;
; 0.193 ; sld_hub:auto_hub|sld_jtag_hub:\jtag_hub_gen:sld_jtag_hub_inst|sld_shadow_jsm:shadow_jsm|tms_cnt[1]                                                                ; sld_hub:auto_hub|sld_jtag_hub:\jtag_hub_gen:sld_jtag_hub_inst|sld_shadow_jsm:shadow_jsm|tms_cnt[2]                                                                ; altera_reserved_tck ; altera_reserved_tck ; 0.000        ; 0.036      ; 0.313      ;
; 0.194 ; ram:inst15|altsyncram:altsyncram_component|altsyncram_oqj1:auto_generated|sld_mod_ram_rom:mgl_prim2|ram_rom_data_reg[4]                                           ; ram:inst15|altsyncram:altsyncram_component|altsyncram_oqj1:auto_generated|altsyncram_m3a2:altsyncram1|ram_block3a0~portb_datain_reg0                              ; altera_reserved_tck ; altera_reserved_tck ; 0.000        ; 0.188      ; 0.486      ;
; 0.194 ; sld_hub:auto_hub|sld_jtag_hub:\jtag_hub_gen:sld_jtag_hub_inst|sld_shadow_jsm:shadow_jsm|tms_cnt[0]                                                                ; sld_hub:auto_hub|sld_jtag_hub:\jtag_hub_gen:sld_jtag_hub_inst|sld_shadow_jsm:shadow_jsm|tms_cnt[0]                                                                ; altera_reserved_tck ; altera_reserved_tck ; 0.000        ; 0.036      ; 0.314      ;
; 0.194 ; sld_hub:auto_hub|sld_jtag_hub:\jtag_hub_gen:sld_jtag_hub_inst|hub_minor_ver_reg[3]                                                                                ; sld_hub:auto_hub|sld_jtag_hub:\jtag_hub_gen:sld_jtag_hub_inst|hub_minor_ver_reg[2]                                                                                ; altera_reserved_tck ; altera_reserved_tck ; 0.000        ; 0.036      ; 0.314      ;
; 0.194 ; sld_hub:auto_hub|sld_jtag_hub:\jtag_hub_gen:sld_jtag_hub_inst|hub_minor_ver_reg[2]                                                                                ; sld_hub:auto_hub|sld_jtag_hub:\jtag_hub_gen:sld_jtag_hub_inst|hub_minor_ver_reg[1]                                                                                ; altera_reserved_tck ; altera_reserved_tck ; 0.000        ; 0.036      ; 0.314      ;
; 0.195 ; sld_hub:auto_hub|sld_jtag_hub:\jtag_hub_gen:sld_jtag_hub_inst|shadow_irf_reg[2][0]                                                                                ; sld_hub:auto_hub|sld_jtag_hub:\jtag_hub_gen:sld_jtag_hub_inst|irf_reg[2][0]                                                                                       ; altera_reserved_tck ; altera_reserved_tck ; 0.000        ; 0.037      ; 0.316      ;
; 0.195 ; rom1:inst2|altsyncram:altsyncram_component|altsyncram_qlb1:auto_generated|sld_mod_ram_rom:mgl_prim2|sld_rom_sr:\ram_rom_logic_gen:name_gen:info_rom_sr|WORD_SR[1] ; rom1:inst2|altsyncram:altsyncram_component|altsyncram_qlb1:auto_generated|sld_mod_ram_rom:mgl_prim2|sld_rom_sr:\ram_rom_logic_gen:name_gen:info_rom_sr|WORD_SR[0] ; altera_reserved_tck ; altera_reserved_tck ; 0.000        ; 0.037      ; 0.316      ;
; 0.195 ; rom1:inst2|altsyncram:altsyncram_component|altsyncram_qlb1:auto_generated|sld_mod_ram_rom:mgl_prim2|ram_rom_data_reg[11]                                          ; rom1:inst2|altsyncram:altsyncram_component|altsyncram_qlb1:auto_generated|altsyncram_67d2:altsyncram1|ram_block3a0~portb_datain_reg0                              ; altera_reserved_tck ; altera_reserved_tck ; 0.000        ; 0.185      ; 0.484      ;
; 0.195 ; rom1:inst2|altsyncram:altsyncram_component|altsyncram_qlb1:auto_generated|sld_mod_ram_rom:mgl_prim2|ram_rom_data_reg[15]                                          ; rom1:inst2|altsyncram:altsyncram_component|altsyncram_qlb1:auto_generated|altsyncram_67d2:altsyncram1|ram_block3a0~portb_datain_reg0                              ; altera_reserved_tck ; altera_reserved_tck ; 0.000        ; 0.185      ; 0.484      ;
; 0.196 ; rom1:inst2|altsyncram:altsyncram_component|altsyncram_qlb1:auto_generated|sld_mod_ram_rom:mgl_prim2|ram_rom_addr_reg[1]                                           ; rom1:inst2|altsyncram:altsyncram_component|altsyncram_qlb1:auto_generated|altsyncram_67d2:altsyncram1|ram_block3a18~portb_address_reg0                            ; altera_reserved_tck ; altera_reserved_tck ; 0.000        ; 0.181      ; 0.481      ;
; 0.196 ; rom1:inst2|altsyncram:altsyncram_component|altsyncram_qlb1:auto_generated|sld_mod_ram_rom:mgl_prim2|ram_rom_data_reg[22]                                          ; rom1:inst2|altsyncram:altsyncram_component|altsyncram_qlb1:auto_generated|altsyncram_67d2:altsyncram1|ram_block3a18~portb_datain_reg0                             ; altera_reserved_tck ; altera_reserved_tck ; 0.000        ; 0.181      ; 0.481      ;
; 0.197 ; ram:inst15|altsyncram:altsyncram_component|altsyncram_oqj1:auto_generated|sld_mod_ram_rom:mgl_prim2|ram_rom_data_reg[5]                                           ; ram:inst15|altsyncram:altsyncram_component|altsyncram_oqj1:auto_generated|altsyncram_m3a2:altsyncram1|ram_block3a0~portb_datain_reg0                              ; altera_reserved_tck ; altera_reserved_tck ; 0.000        ; 0.188      ; 0.489      ;
; 0.197 ; sld_hub:auto_hub|sld_jtag_hub:\jtag_hub_gen:sld_jtag_hub_inst|jtag_ir_reg[7]                                                                                      ; sld_hub:auto_hub|sld_jtag_hub:\jtag_hub_gen:sld_jtag_hub_inst|jtag_ir_reg[6]                                                                                      ; altera_reserved_tck ; altera_reserved_tck ; 0.000        ; 0.036      ; 0.317      ;
; 0.197 ; rom1:inst2|altsyncram:altsyncram_component|altsyncram_qlb1:auto_generated|sld_mod_ram_rom:mgl_prim2|ram_rom_data_reg[18]                                          ; rom1:inst2|altsyncram:altsyncram_component|altsyncram_qlb1:auto_generated|altsyncram_67d2:altsyncram1|ram_block3a18~portb_datain_reg0                             ; altera_reserved_tck ; altera_reserved_tck ; 0.000        ; 0.181      ; 0.482      ;
; 0.197 ; rom1:inst2|altsyncram:altsyncram_component|altsyncram_qlb1:auto_generated|sld_mod_ram_rom:mgl_prim2|ram_rom_data_reg[1]                                           ; rom1:inst2|altsyncram:altsyncram_component|altsyncram_qlb1:auto_generated|altsyncram_67d2:altsyncram1|ram_block3a0~portb_datain_reg0                              ; altera_reserved_tck ; altera_reserved_tck ; 0.000        ; 0.185      ; 0.486      ;
; 0.197 ; rom1:inst2|altsyncram:altsyncram_component|altsyncram_qlb1:auto_generated|sld_mod_ram_rom:mgl_prim2|ram_rom_data_reg[12]                                          ; rom1:inst2|altsyncram:altsyncram_component|altsyncram_qlb1:auto_generated|altsyncram_67d2:altsyncram1|ram_block3a0~portb_datain_reg0                              ; altera_reserved_tck ; altera_reserved_tck ; 0.000        ; 0.185      ; 0.486      ;
; 0.197 ; rom1:inst2|altsyncram:altsyncram_component|altsyncram_qlb1:auto_generated|sld_mod_ram_rom:mgl_prim2|ram_rom_data_reg[13]                                          ; rom1:inst2|altsyncram:altsyncram_component|altsyncram_qlb1:auto_generated|altsyncram_67d2:altsyncram1|ram_block3a0~portb_datain_reg0                              ; altera_reserved_tck ; altera_reserved_tck ; 0.000        ; 0.185      ; 0.486      ;
; 0.198 ; sld_hub:auto_hub|sld_jtag_hub:\jtag_hub_gen:sld_jtag_hub_inst|jtag_ir_reg[4]                                                                                      ; sld_hub:auto_hub|sld_jtag_hub:\jtag_hub_gen:sld_jtag_hub_inst|jtag_ir_reg[3]                                                                                      ; altera_reserved_tck ; altera_reserved_tck ; 0.000        ; 0.036      ; 0.318      ;
; 0.198 ; sld_hub:auto_hub|sld_jtag_hub:\jtag_hub_gen:sld_jtag_hub_inst|jtag_ir_reg[2]                                                                                      ; sld_hub:auto_hub|sld_jtag_hub:\jtag_hub_gen:sld_jtag_hub_inst|jtag_ir_reg[1]                                                                                      ; altera_reserved_tck ; altera_reserved_tck ; 0.000        ; 0.036      ; 0.318      ;
; 0.198 ; rom1:inst2|altsyncram:altsyncram_component|altsyncram_qlb1:auto_generated|sld_mod_ram_rom:mgl_prim2|ram_rom_addr_reg[3]                                           ; rom1:inst2|altsyncram:altsyncram_component|altsyncram_qlb1:auto_generated|altsyncram_67d2:altsyncram1|ram_block3a18~portb_address_reg0                            ; altera_reserved_tck ; altera_reserved_tck ; 0.000        ; 0.181      ; 0.483      ;
; 0.198 ; rom1:inst2|altsyncram:altsyncram_component|altsyncram_qlb1:auto_generated|sld_mod_ram_rom:mgl_prim2|ram_rom_data_reg[23]                                          ; rom1:inst2|altsyncram:altsyncram_component|altsyncram_qlb1:auto_generated|altsyncram_67d2:altsyncram1|ram_block3a18~portb_datain_reg0                             ; altera_reserved_tck ; altera_reserved_tck ; 0.000        ; 0.181      ; 0.483      ;
; 0.199 ; ram:inst15|altsyncram:altsyncram_component|altsyncram_oqj1:auto_generated|sld_mod_ram_rom:mgl_prim2|ram_rom_data_reg[1]                                           ; ram:inst15|altsyncram:altsyncram_component|altsyncram_oqj1:auto_generated|altsyncram_m3a2:altsyncram1|ram_block3a0~portb_datain_reg0                              ; altera_reserved_tck ; altera_reserved_tck ; 0.000        ; 0.188      ; 0.491      ;
; 0.199 ; rom1:inst2|altsyncram:altsyncram_component|altsyncram_qlb1:auto_generated|sld_mod_ram_rom:mgl_prim2|ram_rom_data_reg[2]                                           ; rom1:inst2|altsyncram:altsyncram_component|altsyncram_qlb1:auto_generated|altsyncram_67d2:altsyncram1|ram_block3a0~portb_datain_reg0                              ; altera_reserved_tck ; altera_reserved_tck ; 0.000        ; 0.185      ; 0.488      ;
; 0.199 ; sld_hub:auto_hub|sld_jtag_hub:\jtag_hub_gen:sld_jtag_hub_inst|sld_shadow_jsm:shadow_jsm|tms_cnt[0]                                                                ; sld_hub:auto_hub|sld_jtag_hub:\jtag_hub_gen:sld_jtag_hub_inst|sld_shadow_jsm:shadow_jsm|tms_cnt[1]                                                                ; altera_reserved_tck ; altera_reserved_tck ; 0.000        ; 0.036      ; 0.319      ;
; 0.200 ; ram:inst15|altsyncram:altsyncram_component|altsyncram_oqj1:auto_generated|sld_mod_ram_rom:mgl_prim2|ram_rom_data_reg[2]                                           ; ram:inst15|altsyncram:altsyncram_component|altsyncram_oqj1:auto_generated|altsyncram_m3a2:altsyncram1|ram_block3a0~portb_datain_reg0                              ; altera_reserved_tck ; altera_reserved_tck ; 0.000        ; 0.188      ; 0.492      ;
; 0.200 ; sld_hub:auto_hub|sld_jtag_hub:\jtag_hub_gen:sld_jtag_hub_inst|sld_shadow_jsm:shadow_jsm|state[14]                                                                 ; sld_hub:auto_hub|sld_jtag_hub:\jtag_hub_gen:sld_jtag_hub_inst|sld_shadow_jsm:shadow_jsm|state[15]                                                                 ; altera_reserved_tck ; altera_reserved_tck ; 0.000        ; 0.035      ; 0.319      ;
; 0.200 ; rom1:inst2|altsyncram:altsyncram_component|altsyncram_qlb1:auto_generated|sld_mod_ram_rom:mgl_prim2|ram_rom_addr_reg[4]                                           ; rom1:inst2|altsyncram:altsyncram_component|altsyncram_qlb1:auto_generated|altsyncram_67d2:altsyncram1|ram_block3a18~portb_address_reg0                            ; altera_reserved_tck ; altera_reserved_tck ; 0.000        ; 0.181      ; 0.485      ;
; 0.200 ; sld_hub:auto_hub|sld_jtag_hub:\jtag_hub_gen:sld_jtag_hub_inst|sld_shadow_jsm:shadow_jsm|state[10]                                                                 ; sld_hub:auto_hub|sld_jtag_hub:\jtag_hub_gen:sld_jtag_hub_inst|sld_shadow_jsm:shadow_jsm|state[11]                                                                 ; altera_reserved_tck ; altera_reserved_tck ; 0.000        ; 0.035      ; 0.319      ;
; 0.201 ; ram:inst15|altsyncram:altsyncram_component|altsyncram_oqj1:auto_generated|sld_mod_ram_rom:mgl_prim2|ram_rom_data_reg[3]                                           ; ram:inst15|altsyncram:altsyncram_component|altsyncram_oqj1:auto_generated|altsyncram_m3a2:altsyncram1|ram_block3a0~portb_datain_reg0                              ; altera_reserved_tck ; altera_reserved_tck ; 0.000        ; 0.188      ; 0.493      ;
; 0.201 ; sld_hub:auto_hub|sld_jtag_hub:\jtag_hub_gen:sld_jtag_hub_inst|sld_shadow_jsm:shadow_jsm|state[9]                                                                  ; sld_hub:auto_hub|sld_jtag_hub:\jtag_hub_gen:sld_jtag_hub_inst|sld_shadow_jsm:shadow_jsm|state[10]                                                                 ; altera_reserved_tck ; altera_reserved_tck ; 0.000        ; 0.035      ; 0.320      ;
; 0.202 ; rom1:inst2|altsyncram:altsyncram_component|altsyncram_qlb1:auto_generated|sld_mod_ram_rom:mgl_prim2|ram_rom_addr_reg[5]                                           ; rom1:inst2|altsyncram:altsyncram_component|altsyncram_qlb1:auto_generated|altsyncram_67d2:altsyncram1|ram_block3a18~portb_address_reg0                            ; altera_reserved_tck ; altera_reserved_tck ; 0.000        ; 0.181      ; 0.487      ;
; 0.202 ; rom1:inst2|altsyncram:altsyncram_component|altsyncram_qlb1:auto_generated|sld_mod_ram_rom:mgl_prim2|ram_rom_data_reg[8]                                           ; rom1:inst2|altsyncram:altsyncram_component|altsyncram_qlb1:auto_generated|altsyncram_67d2:altsyncram1|ram_block3a0~portb_datain_reg0                              ; altera_reserved_tck ; altera_reserved_tck ; 0.000        ; 0.185      ; 0.491      ;
; 0.204 ; rom1:inst2|altsyncram:altsyncram_component|altsyncram_qlb1:auto_generated|sld_mod_ram_rom:mgl_prim2|ram_rom_data_reg[9]                                           ; rom1:inst2|altsyncram:altsyncram_component|altsyncram_qlb1:auto_generated|altsyncram_67d2:altsyncram1|ram_block3a0~portb_datain_reg0                              ; altera_reserved_tck ; altera_reserved_tck ; 0.000        ; 0.185      ; 0.493      ;
; 0.205 ; ram:inst15|altsyncram:altsyncram_component|altsyncram_oqj1:auto_generated|sld_mod_ram_rom:mgl_prim2|ram_rom_data_reg[7]                                           ; ram:inst15|altsyncram:altsyncram_component|altsyncram_oqj1:auto_generated|sld_mod_ram_rom:mgl_prim2|ram_rom_data_reg[6]                                           ; altera_reserved_tck ; altera_reserved_tck ; 0.000        ; 0.036      ; 0.325      ;
; 0.205 ; ram:inst15|altsyncram:altsyncram_component|altsyncram_oqj1:auto_generated|sld_mod_ram_rom:mgl_prim2|ram_rom_data_reg[2]                                           ; ram:inst15|altsyncram:altsyncram_component|altsyncram_oqj1:auto_generated|sld_mod_ram_rom:mgl_prim2|ram_rom_data_reg[1]                                           ; altera_reserved_tck ; altera_reserved_tck ; 0.000        ; 0.036      ; 0.325      ;
; 0.205 ; rom1:inst2|altsyncram:altsyncram_component|altsyncram_qlb1:auto_generated|sld_mod_ram_rom:mgl_prim2|ram_rom_data_reg[23]                                          ; rom1:inst2|altsyncram:altsyncram_component|altsyncram_qlb1:auto_generated|sld_mod_ram_rom:mgl_prim2|ram_rom_data_reg[22]                                          ; altera_reserved_tck ; altera_reserved_tck ; 0.000        ; 0.036      ; 0.325      ;
; 0.205 ; rom1:inst2|altsyncram:altsyncram_component|altsyncram_qlb1:auto_generated|sld_mod_ram_rom:mgl_prim2|ram_rom_addr_reg[0]                                           ; rom1:inst2|altsyncram:altsyncram_component|altsyncram_qlb1:auto_generated|altsyncram_67d2:altsyncram1|ram_block3a18~portb_address_reg0                            ; altera_reserved_tck ; altera_reserved_tck ; 0.000        ; 0.181      ; 0.490      ;
; 0.205 ; rom1:inst2|altsyncram:altsyncram_component|altsyncram_qlb1:auto_generated|sld_mod_ram_rom:mgl_prim2|ram_rom_data_reg[17]                                          ; rom1:inst2|altsyncram:altsyncram_component|altsyncram_qlb1:auto_generated|sld_mod_ram_rom:mgl_prim2|ram_rom_data_reg[16]                                          ; altera_reserved_tck ; altera_reserved_tck ; 0.000        ; 0.036      ; 0.325      ;
; 0.205 ; rom1:inst2|altsyncram:altsyncram_component|altsyncram_qlb1:auto_generated|sld_mod_ram_rom:mgl_prim2|ram_rom_data_reg[14]                                          ; rom1:inst2|altsyncram:altsyncram_component|altsyncram_qlb1:auto_generated|sld_mod_ram_rom:mgl_prim2|ram_rom_data_reg[13]                                          ; altera_reserved_tck ; altera_reserved_tck ; 0.000        ; 0.036      ; 0.325      ;
; 0.205 ; rom1:inst2|altsyncram:altsyncram_component|altsyncram_qlb1:auto_generated|sld_mod_ram_rom:mgl_prim2|ram_rom_data_reg[5]                                           ; rom1:inst2|altsyncram:altsyncram_component|altsyncram_qlb1:auto_generated|sld_mod_ram_rom:mgl_prim2|ram_rom_data_reg[4]                                           ; altera_reserved_tck ; altera_reserved_tck ; 0.000        ; 0.036      ; 0.325      ;
; 0.205 ; sld_hub:auto_hub|sld_jtag_hub:\jtag_hub_gen:sld_jtag_hub_inst|sld_shadow_jsm:shadow_jsm|state[9]                                                                  ; sld_hub:auto_hub|sld_jtag_hub:\jtag_hub_gen:sld_jtag_hub_inst|sld_shadow_jsm:shadow_jsm|state[0]                                                                  ; altera_reserved_tck ; altera_reserved_tck ; 0.000        ; 0.035      ; 0.324      ;
; 0.206 ; sld_hub:auto_hub|sld_jtag_hub:\jtag_hub_gen:sld_jtag_hub_inst|identity_contrib_shift_reg[1]                                                                       ; sld_hub:auto_hub|sld_jtag_hub:\jtag_hub_gen:sld_jtag_hub_inst|identity_contrib_shift_reg[0]                                                                       ; altera_reserved_tck ; altera_reserved_tck ; 0.000        ; 0.035      ; 0.325      ;
; 0.206 ; rom1:inst2|altsyncram:altsyncram_component|altsyncram_qlb1:auto_generated|sld_mod_ram_rom:mgl_prim2|ram_rom_data_reg[20]                                          ; rom1:inst2|altsyncram:altsyncram_component|altsyncram_qlb1:auto_generated|altsyncram_67d2:altsyncram1|ram_block3a18~portb_datain_reg0                             ; altera_reserved_tck ; altera_reserved_tck ; 0.000        ; 0.181      ; 0.491      ;
; 0.206 ; rom1:inst2|altsyncram:altsyncram_component|altsyncram_qlb1:auto_generated|sld_mod_ram_rom:mgl_prim2|ram_rom_data_reg[19]                                          ; rom1:inst2|altsyncram:altsyncram_component|altsyncram_qlb1:auto_generated|sld_mod_ram_rom:mgl_prim2|ram_rom_data_reg[18]                                          ; altera_reserved_tck ; altera_reserved_tck ; 0.000        ; 0.036      ; 0.326      ;
; 0.207 ; sld_hub:auto_hub|sld_jtag_hub:\jtag_hub_gen:sld_jtag_hub_inst|irf_reg[2][1]                                                                                       ; sld_hub:auto_hub|sld_jtag_hub:\jtag_hub_gen:sld_jtag_hub_inst|shadow_irf_reg[2][1]                                                                                ; altera_reserved_tck ; altera_reserved_tck ; 0.000        ; 0.037      ; 0.328      ;
; 0.207 ; rom1:inst2|altsyncram:altsyncram_component|altsyncram_qlb1:auto_generated|sld_mod_ram_rom:mgl_prim2|ram_rom_data_reg[3]                                           ; rom1:inst2|altsyncram:altsyncram_component|altsyncram_qlb1:auto_generated|sld_mod_ram_rom:mgl_prim2|ram_rom_data_reg[2]                                           ; altera_reserved_tck ; altera_reserved_tck ; 0.000        ; 0.036      ; 0.327      ;
; 0.208 ; sld_hub:auto_hub|sld_jtag_hub:\jtag_hub_gen:sld_jtag_hub_inst|identity_contrib_shift_reg[2]                                                                       ; sld_hub:auto_hub|sld_jtag_hub:\jtag_hub_gen:sld_jtag_hub_inst|identity_contrib_shift_reg[1]                                                                       ; altera_reserved_tck ; altera_reserved_tck ; 0.000        ; 0.035      ; 0.327      ;
; 0.208 ; rom1:inst2|altsyncram:altsyncram_component|altsyncram_qlb1:auto_generated|sld_mod_ram_rom:mgl_prim2|ram_rom_data_reg[5]                                           ; rom1:inst2|altsyncram:altsyncram_component|altsyncram_qlb1:auto_generated|altsyncram_67d2:altsyncram1|ram_block3a0~portb_datain_reg0                              ; altera_reserved_tck ; altera_reserved_tck ; 0.000        ; 0.185      ; 0.497      ;
; 0.209 ; sld_hub:auto_hub|sld_jtag_hub:\jtag_hub_gen:sld_jtag_hub_inst|sld_shadow_jsm:shadow_jsm|state[7]                                                                  ; sld_hub:auto_hub|sld_jtag_hub:\jtag_hub_gen:sld_jtag_hub_inst|sld_shadow_jsm:shadow_jsm|state[8]                                                                  ; altera_reserved_tck ; altera_reserved_tck ; 0.000        ; 0.035      ; 0.328      ;
; 0.210 ; ram:inst15|altsyncram:altsyncram_component|altsyncram_oqj1:auto_generated|sld_mod_ram_rom:mgl_prim2|ram_rom_data_shift_cntr_reg[0]                                ; ram:inst15|altsyncram:altsyncram_component|altsyncram_oqj1:auto_generated|sld_mod_ram_rom:mgl_prim2|ram_rom_data_shift_cntr_reg[1]                                ; altera_reserved_tck ; altera_reserved_tck ; 0.000        ; 0.036      ; 0.330      ;
; 0.210 ; rom1:inst2|altsyncram:altsyncram_component|altsyncram_qlb1:auto_generated|sld_mod_ram_rom:mgl_prim2|ram_rom_addr_reg[7]                                           ; rom1:inst2|altsyncram:altsyncram_component|altsyncram_qlb1:auto_generated|altsyncram_67d2:altsyncram1|ram_block3a18~portb_address_reg0                            ; altera_reserved_tck ; altera_reserved_tck ; 0.000        ; 0.181      ; 0.495      ;
; 0.211 ; rom1:inst2|altsyncram:altsyncram_component|altsyncram_qlb1:auto_generated|sld_mod_ram_rom:mgl_prim2|ram_rom_addr_reg[6]                                           ; rom1:inst2|altsyncram:altsyncram_component|altsyncram_qlb1:auto_generated|altsyncram_67d2:altsyncram1|ram_block3a18~portb_address_reg0                            ; altera_reserved_tck ; altera_reserved_tck ; 0.000        ; 0.181      ; 0.496      ;
; 0.212 ; sld_hub:auto_hub|sld_jtag_hub:\jtag_hub_gen:sld_jtag_hub_inst|sld_shadow_jsm:shadow_jsm|state[7]                                                                  ; sld_hub:auto_hub|sld_jtag_hub:\jtag_hub_gen:sld_jtag_hub_inst|reset_ena_reg                                                                                       ; altera_reserved_tck ; altera_reserved_tck ; 0.000        ; 0.035      ; 0.331      ;
; 0.213 ; rom1:inst2|altsyncram:altsyncram_component|altsyncram_qlb1:auto_generated|sld_mod_ram_rom:mgl_prim2|ram_rom_data_reg[14]                                          ; rom1:inst2|altsyncram:altsyncram_component|altsyncram_qlb1:auto_generated|altsyncram_67d2:altsyncram1|ram_block3a0~portb_datain_reg0                              ; altera_reserved_tck ; altera_reserved_tck ; 0.000        ; 0.185      ; 0.502      ;
; 0.214 ; rom1:inst2|altsyncram:altsyncram_component|altsyncram_qlb1:auto_generated|sld_mod_ram_rom:mgl_prim2|ram_rom_data_reg[3]                                           ; rom1:inst2|altsyncram:altsyncram_component|altsyncram_qlb1:auto_generated|altsyncram_67d2:altsyncram1|ram_block3a0~portb_datain_reg0                              ; altera_reserved_tck ; altera_reserved_tck ; 0.000        ; 0.185      ; 0.503      ;
; 0.214 ; rom1:inst2|altsyncram:altsyncram_component|altsyncram_qlb1:auto_generated|sld_mod_ram_rom:mgl_prim2|ram_rom_data_reg[10]                                          ; rom1:inst2|altsyncram:altsyncram_component|altsyncram_qlb1:auto_generated|altsyncram_67d2:altsyncram1|ram_block3a0~portb_datain_reg0                              ; altera_reserved_tck ; altera_reserved_tck ; 0.000        ; 0.185      ; 0.503      ;
; 0.216 ; rom1:inst2|altsyncram:altsyncram_component|altsyncram_qlb1:auto_generated|sld_mod_ram_rom:mgl_prim2|ram_rom_data_reg[7]                                           ; rom1:inst2|altsyncram:altsyncram_component|altsyncram_qlb1:auto_generated|altsyncram_67d2:altsyncram1|ram_block3a0~portb_datain_reg0                              ; altera_reserved_tck ; altera_reserved_tck ; 0.000        ; 0.185      ; 0.505      ;
; 0.236 ; rom1:inst2|altsyncram:altsyncram_component|altsyncram_qlb1:auto_generated|sld_mod_ram_rom:mgl_prim2|ram_rom_addr_reg[0]                                           ; rom1:inst2|altsyncram:altsyncram_component|altsyncram_qlb1:auto_generated|altsyncram_67d2:altsyncram1|ram_block3a0~portb_address_reg0                             ; altera_reserved_tck ; altera_reserved_tck ; 0.000        ; 0.186      ; 0.526      ;
; 0.247 ; ram:inst15|altsyncram:altsyncram_component|altsyncram_oqj1:auto_generated|sld_mod_ram_rom:mgl_prim2|ram_rom_addr_reg[0]                                           ; ram:inst15|altsyncram:altsyncram_component|altsyncram_oqj1:auto_generated|altsyncram_m3a2:altsyncram1|ram_block3a0~portb_address_reg0                             ; altera_reserved_tck ; altera_reserved_tck ; 0.000        ; 0.198      ; 0.549      ;
; 0.247 ; ram:inst15|altsyncram:altsyncram_component|altsyncram_oqj1:auto_generated|sld_mod_ram_rom:mgl_prim2|ram_rom_addr_reg[2]                                           ; ram:inst15|altsyncram:altsyncram_component|altsyncram_oqj1:auto_generated|altsyncram_m3a2:altsyncram1|ram_block3a0~portb_address_reg0                             ; altera_reserved_tck ; altera_reserved_tck ; 0.000        ; 0.198      ; 0.549      ;
; 0.252 ; ram:inst15|altsyncram:altsyncram_component|altsyncram_oqj1:auto_generated|sld_mod_ram_rom:mgl_prim2|ram_rom_addr_reg[1]                                           ; ram:inst15|altsyncram:altsyncram_component|altsyncram_oqj1:auto_generated|altsyncram_m3a2:altsyncram1|ram_block3a0~portb_address_reg0                             ; altera_reserved_tck ; altera_reserved_tck ; 0.000        ; 0.198      ; 0.554      ;
; 0.252 ; sld_hub:auto_hub|sld_jtag_hub:\jtag_hub_gen:sld_jtag_hub_inst|shadow_irf_reg[2][2]                                                                                ; sld_hub:auto_hub|sld_jtag_hub:\jtag_hub_gen:sld_jtag_hub_inst|irf_reg[2][2]                                                                                       ; altera_reserved_tck ; altera_reserved_tck ; 0.000        ; 0.037      ; 0.373      ;
; 0.253 ; sld_hub:auto_hub|sld_jtag_hub:\jtag_hub_gen:sld_jtag_hub_inst|hub_mode_reg[2]                                                                                     ; sld_hub:auto_hub|sld_jtag_hub:\jtag_hub_gen:sld_jtag_hub_inst|clr_reg                                                                                             ; altera_reserved_tck ; altera_reserved_tck ; 0.000        ; 0.036      ; 0.373      ;
; 0.253 ; sld_hub:auto_hub|sld_jtag_hub:\jtag_hub_gen:sld_jtag_hub_inst|shadow_irf_reg[2][4]                                                                                ; sld_hub:auto_hub|sld_jtag_hub:\jtag_hub_gen:sld_jtag_hub_inst|irf_reg[2][4]                                                                                       ; altera_reserved_tck ; altera_reserved_tck ; 0.000        ; 0.037      ; 0.374      ;
; 0.253 ; sld_hub:auto_hub|sld_jtag_hub:\jtag_hub_gen:sld_jtag_hub_inst|shadow_irf_reg[2][3]                                                                                ; sld_hub:auto_hub|sld_jtag_hub:\jtag_hub_gen:sld_jtag_hub_inst|irf_reg[2][3]                                                                                       ; altera_reserved_tck ; altera_reserved_tck ; 0.000        ; 0.037      ; 0.374      ;
; 0.254 ; sld_hub:auto_hub|sld_jtag_hub:\jtag_hub_gen:sld_jtag_hub_inst|sld_shadow_jsm:shadow_jsm|state[13]                                                                 ; sld_hub:auto_hub|sld_jtag_hub:\jtag_hub_gen:sld_jtag_hub_inst|sld_shadow_jsm:shadow_jsm|state[14]                                                                 ; altera_reserved_tck ; altera_reserved_tck ; 0.000        ; 0.035      ; 0.373      ;
+-------+-------------------------------------------------------------------------------------------------------------------------------------------------------------------+-------------------------------------------------------------------------------------------------------------------------------------------------------------------+---------------------+---------------------+--------------+------------+------------+


+-------------------------------------------------------------------------------------------------------------------------------------------------------------------------------------------------------------------------------------------------------------------------------------------------------------------------------------+
; Fast 1200mV 0C Model Recovery: 'altera_reserved_tck'                                                                                                                                                                                                                                                                                ;
+--------+--------------------------------------------------------------------------------------------------+------------------------------------------------------------------------------------------------------------------------------------+---------------------+---------------------+--------------+------------+------------+
; Slack  ; From Node                                                                                        ; To Node                                                                                                                            ; Launch Clock        ; Latch Clock         ; Relationship ; Clock Skew ; Data Delay ;
+--------+--------------------------------------------------------------------------------------------------+------------------------------------------------------------------------------------------------------------------------------------+---------------------+---------------------+--------------+------------+------------+
; 48.833 ; sld_hub:auto_hub|sld_jtag_hub:\jtag_hub_gen:sld_jtag_hub_inst|sld_shadow_jsm:shadow_jsm|state[8] ; sld_hub:auto_hub|sld_jtag_hub:\jtag_hub_gen:sld_jtag_hub_inst|tdo                                                                  ; altera_reserved_tck ; altera_reserved_tck ; 50.000       ; 0.284      ; 1.458      ;
; 98.316 ; sld_hub:auto_hub|sld_jtag_hub:\jtag_hub_gen:sld_jtag_hub_inst|irf_reg[2][4]                      ; rom1:inst2|altsyncram:altsyncram_component|altsyncram_qlb1:auto_generated|sld_mod_ram_rom:mgl_prim2|ir_loaded_address_reg[2]       ; altera_reserved_tck ; altera_reserved_tck ; 100.000      ; -0.051     ; 1.640      ;
; 98.316 ; sld_hub:auto_hub|sld_jtag_hub:\jtag_hub_gen:sld_jtag_hub_inst|irf_reg[2][4]                      ; rom1:inst2|altsyncram:altsyncram_component|altsyncram_qlb1:auto_generated|sld_mod_ram_rom:mgl_prim2|ir_loaded_address_reg[3]       ; altera_reserved_tck ; altera_reserved_tck ; 100.000      ; -0.051     ; 1.640      ;
; 98.316 ; sld_hub:auto_hub|sld_jtag_hub:\jtag_hub_gen:sld_jtag_hub_inst|irf_reg[2][4]                      ; rom1:inst2|altsyncram:altsyncram_component|altsyncram_qlb1:auto_generated|sld_mod_ram_rom:mgl_prim2|ir_loaded_address_reg[0]       ; altera_reserved_tck ; altera_reserved_tck ; 100.000      ; -0.051     ; 1.640      ;
; 98.316 ; sld_hub:auto_hub|sld_jtag_hub:\jtag_hub_gen:sld_jtag_hub_inst|irf_reg[2][4]                      ; rom1:inst2|altsyncram:altsyncram_component|altsyncram_qlb1:auto_generated|sld_mod_ram_rom:mgl_prim2|ir_loaded_address_reg[1]       ; altera_reserved_tck ; altera_reserved_tck ; 100.000      ; -0.051     ; 1.640      ;
; 98.654 ; sld_hub:auto_hub|sld_jtag_hub:\jtag_hub_gen:sld_jtag_hub_inst|irf_reg[2][0]                      ; rom1:inst2|altsyncram:altsyncram_component|altsyncram_qlb1:auto_generated|sld_mod_ram_rom:mgl_prim2|ir_loaded_address_reg[2]       ; altera_reserved_tck ; altera_reserved_tck ; 100.000      ; -0.051     ; 1.302      ;
; 98.654 ; sld_hub:auto_hub|sld_jtag_hub:\jtag_hub_gen:sld_jtag_hub_inst|irf_reg[2][0]                      ; rom1:inst2|altsyncram:altsyncram_component|altsyncram_qlb1:auto_generated|sld_mod_ram_rom:mgl_prim2|ir_loaded_address_reg[3]       ; altera_reserved_tck ; altera_reserved_tck ; 100.000      ; -0.051     ; 1.302      ;
; 98.654 ; sld_hub:auto_hub|sld_jtag_hub:\jtag_hub_gen:sld_jtag_hub_inst|irf_reg[2][0]                      ; rom1:inst2|altsyncram:altsyncram_component|altsyncram_qlb1:auto_generated|sld_mod_ram_rom:mgl_prim2|ir_loaded_address_reg[0]       ; altera_reserved_tck ; altera_reserved_tck ; 100.000      ; -0.051     ; 1.302      ;
; 98.654 ; sld_hub:auto_hub|sld_jtag_hub:\jtag_hub_gen:sld_jtag_hub_inst|irf_reg[2][0]                      ; rom1:inst2|altsyncram:altsyncram_component|altsyncram_qlb1:auto_generated|sld_mod_ram_rom:mgl_prim2|ir_loaded_address_reg[1]       ; altera_reserved_tck ; altera_reserved_tck ; 100.000      ; -0.051     ; 1.302      ;
; 98.697 ; sld_hub:auto_hub|sld_jtag_hub:\jtag_hub_gen:sld_jtag_hub_inst|irf_reg[1][0]                      ; ram:inst15|altsyncram:altsyncram_component|altsyncram_oqj1:auto_generated|sld_mod_ram_rom:mgl_prim2|ir_loaded_address_reg[2]       ; altera_reserved_tck ; altera_reserved_tck ; 100.000      ; -0.025     ; 1.285      ;
; 98.697 ; sld_hub:auto_hub|sld_jtag_hub:\jtag_hub_gen:sld_jtag_hub_inst|irf_reg[1][0]                      ; ram:inst15|altsyncram:altsyncram_component|altsyncram_oqj1:auto_generated|sld_mod_ram_rom:mgl_prim2|ir_loaded_address_reg[3]       ; altera_reserved_tck ; altera_reserved_tck ; 100.000      ; -0.025     ; 1.285      ;
; 98.697 ; sld_hub:auto_hub|sld_jtag_hub:\jtag_hub_gen:sld_jtag_hub_inst|irf_reg[1][0]                      ; ram:inst15|altsyncram:altsyncram_component|altsyncram_oqj1:auto_generated|sld_mod_ram_rom:mgl_prim2|ir_loaded_address_reg[0]       ; altera_reserved_tck ; altera_reserved_tck ; 100.000      ; -0.025     ; 1.285      ;
; 98.697 ; sld_hub:auto_hub|sld_jtag_hub:\jtag_hub_gen:sld_jtag_hub_inst|irf_reg[1][0]                      ; ram:inst15|altsyncram:altsyncram_component|altsyncram_oqj1:auto_generated|sld_mod_ram_rom:mgl_prim2|ir_loaded_address_reg[1]       ; altera_reserved_tck ; altera_reserved_tck ; 100.000      ; -0.025     ; 1.285      ;
; 98.804 ; sld_hub:auto_hub|sld_jtag_hub:\jtag_hub_gen:sld_jtag_hub_inst|irf_reg[1][4]                      ; ram:inst15|altsyncram:altsyncram_component|altsyncram_oqj1:auto_generated|sld_mod_ram_rom:mgl_prim2|ir_loaded_address_reg[2]       ; altera_reserved_tck ; altera_reserved_tck ; 100.000      ; -0.025     ; 1.178      ;
; 98.804 ; sld_hub:auto_hub|sld_jtag_hub:\jtag_hub_gen:sld_jtag_hub_inst|irf_reg[1][4]                      ; ram:inst15|altsyncram:altsyncram_component|altsyncram_oqj1:auto_generated|sld_mod_ram_rom:mgl_prim2|ir_loaded_address_reg[3]       ; altera_reserved_tck ; altera_reserved_tck ; 100.000      ; -0.025     ; 1.178      ;
; 98.804 ; sld_hub:auto_hub|sld_jtag_hub:\jtag_hub_gen:sld_jtag_hub_inst|irf_reg[1][4]                      ; ram:inst15|altsyncram:altsyncram_component|altsyncram_oqj1:auto_generated|sld_mod_ram_rom:mgl_prim2|ir_loaded_address_reg[0]       ; altera_reserved_tck ; altera_reserved_tck ; 100.000      ; -0.025     ; 1.178      ;
; 98.804 ; sld_hub:auto_hub|sld_jtag_hub:\jtag_hub_gen:sld_jtag_hub_inst|irf_reg[1][4]                      ; ram:inst15|altsyncram:altsyncram_component|altsyncram_oqj1:auto_generated|sld_mod_ram_rom:mgl_prim2|ir_loaded_address_reg[1]       ; altera_reserved_tck ; altera_reserved_tck ; 100.000      ; -0.025     ; 1.178      ;
; 98.862 ; sld_hub:auto_hub|sld_jtag_hub:\jtag_hub_gen:sld_jtag_hub_inst|clr_reg                            ; sld_hub:auto_hub|sld_jtag_hub:\jtag_hub_gen:sld_jtag_hub_inst|shadow_irf_reg[1][2]                                                 ; altera_reserved_tck ; altera_reserved_tck ; 100.000      ; -0.046     ; 1.099      ;
; 98.862 ; sld_hub:auto_hub|sld_jtag_hub:\jtag_hub_gen:sld_jtag_hub_inst|clr_reg                            ; sld_hub:auto_hub|sld_jtag_hub:\jtag_hub_gen:sld_jtag_hub_inst|irf_reg[1][2]                                                        ; altera_reserved_tck ; altera_reserved_tck ; 100.000      ; -0.046     ; 1.099      ;
; 98.862 ; sld_hub:auto_hub|sld_jtag_hub:\jtag_hub_gen:sld_jtag_hub_inst|clr_reg                            ; sld_hub:auto_hub|sld_jtag_hub:\jtag_hub_gen:sld_jtag_hub_inst|shadow_irf_reg[1][1]                                                 ; altera_reserved_tck ; altera_reserved_tck ; 100.000      ; -0.046     ; 1.099      ;
; 98.862 ; sld_hub:auto_hub|sld_jtag_hub:\jtag_hub_gen:sld_jtag_hub_inst|clr_reg                            ; sld_hub:auto_hub|sld_jtag_hub:\jtag_hub_gen:sld_jtag_hub_inst|irf_reg[1][1]                                                        ; altera_reserved_tck ; altera_reserved_tck ; 100.000      ; -0.046     ; 1.099      ;
; 98.862 ; sld_hub:auto_hub|sld_jtag_hub:\jtag_hub_gen:sld_jtag_hub_inst|clr_reg                            ; sld_hub:auto_hub|sld_jtag_hub:\jtag_hub_gen:sld_jtag_hub_inst|shadow_irf_reg[1][0]                                                 ; altera_reserved_tck ; altera_reserved_tck ; 100.000      ; -0.046     ; 1.099      ;
; 98.862 ; sld_hub:auto_hub|sld_jtag_hub:\jtag_hub_gen:sld_jtag_hub_inst|clr_reg                            ; sld_hub:auto_hub|sld_jtag_hub:\jtag_hub_gen:sld_jtag_hub_inst|irf_reg[1][0]                                                        ; altera_reserved_tck ; altera_reserved_tck ; 100.000      ; -0.046     ; 1.099      ;
; 98.862 ; sld_hub:auto_hub|sld_jtag_hub:\jtag_hub_gen:sld_jtag_hub_inst|clr_reg                            ; sld_hub:auto_hub|sld_jtag_hub:\jtag_hub_gen:sld_jtag_hub_inst|shadow_irf_reg[1][4]                                                 ; altera_reserved_tck ; altera_reserved_tck ; 100.000      ; -0.046     ; 1.099      ;
; 98.862 ; sld_hub:auto_hub|sld_jtag_hub:\jtag_hub_gen:sld_jtag_hub_inst|clr_reg                            ; sld_hub:auto_hub|sld_jtag_hub:\jtag_hub_gen:sld_jtag_hub_inst|irf_reg[1][4]                                                        ; altera_reserved_tck ; altera_reserved_tck ; 100.000      ; -0.046     ; 1.099      ;
; 98.862 ; sld_hub:auto_hub|sld_jtag_hub:\jtag_hub_gen:sld_jtag_hub_inst|clr_reg                            ; sld_hub:auto_hub|sld_jtag_hub:\jtag_hub_gen:sld_jtag_hub_inst|shadow_irf_reg[1][3]                                                 ; altera_reserved_tck ; altera_reserved_tck ; 100.000      ; -0.046     ; 1.099      ;
; 98.862 ; sld_hub:auto_hub|sld_jtag_hub:\jtag_hub_gen:sld_jtag_hub_inst|clr_reg                            ; sld_hub:auto_hub|sld_jtag_hub:\jtag_hub_gen:sld_jtag_hub_inst|irf_reg[1][3]                                                        ; altera_reserved_tck ; altera_reserved_tck ; 100.000      ; -0.046     ; 1.099      ;
; 98.866 ; sld_hub:auto_hub|sld_jtag_hub:\jtag_hub_gen:sld_jtag_hub_inst|virtual_ir_scan_reg                ; sld_hub:auto_hub|sld_jtag_hub:\jtag_hub_gen:sld_jtag_hub_inst|hub_mode_reg[2]                                                      ; altera_reserved_tck ; altera_reserved_tck ; 100.000      ; -0.026     ; 1.115      ;
; 98.873 ; sld_hub:auto_hub|sld_jtag_hub:\jtag_hub_gen:sld_jtag_hub_inst|clr_reg                            ; ram:inst15|altsyncram:altsyncram_component|altsyncram_oqj1:auto_generated|sld_mod_ram_rom:mgl_prim2|is_in_use_reg                  ; altera_reserved_tck ; altera_reserved_tck ; 100.000      ; -0.043     ; 1.091      ;
; 98.873 ; sld_hub:auto_hub|sld_jtag_hub:\jtag_hub_gen:sld_jtag_hub_inst|clr_reg                            ; ram:inst15|altsyncram:altsyncram_component|altsyncram_oqj1:auto_generated|sld_mod_ram_rom:mgl_prim2|bypass_reg_out                 ; altera_reserved_tck ; altera_reserved_tck ; 100.000      ; -0.043     ; 1.091      ;
; 98.879 ; sld_hub:auto_hub|sld_jtag_hub:\jtag_hub_gen:sld_jtag_hub_inst|irf_reg[2][0]                      ; rom1:inst2|altsyncram:altsyncram_component|altsyncram_qlb1:auto_generated|sld_mod_ram_rom:mgl_prim2|ram_rom_addr_reg[1]            ; altera_reserved_tck ; altera_reserved_tck ; 100.000      ; -0.043     ; 1.085      ;
; 98.879 ; sld_hub:auto_hub|sld_jtag_hub:\jtag_hub_gen:sld_jtag_hub_inst|irf_reg[2][0]                      ; rom1:inst2|altsyncram:altsyncram_component|altsyncram_qlb1:auto_generated|sld_mod_ram_rom:mgl_prim2|ram_rom_addr_reg[0]            ; altera_reserved_tck ; altera_reserved_tck ; 100.000      ; -0.043     ; 1.085      ;
; 98.879 ; sld_hub:auto_hub|sld_jtag_hub:\jtag_hub_gen:sld_jtag_hub_inst|irf_reg[2][0]                      ; rom1:inst2|altsyncram:altsyncram_component|altsyncram_qlb1:auto_generated|sld_mod_ram_rom:mgl_prim2|ram_rom_addr_reg[7]            ; altera_reserved_tck ; altera_reserved_tck ; 100.000      ; -0.043     ; 1.085      ;
; 98.879 ; sld_hub:auto_hub|sld_jtag_hub:\jtag_hub_gen:sld_jtag_hub_inst|irf_reg[2][0]                      ; rom1:inst2|altsyncram:altsyncram_component|altsyncram_qlb1:auto_generated|sld_mod_ram_rom:mgl_prim2|ram_rom_addr_reg[6]            ; altera_reserved_tck ; altera_reserved_tck ; 100.000      ; -0.043     ; 1.085      ;
; 98.879 ; sld_hub:auto_hub|sld_jtag_hub:\jtag_hub_gen:sld_jtag_hub_inst|irf_reg[2][0]                      ; rom1:inst2|altsyncram:altsyncram_component|altsyncram_qlb1:auto_generated|sld_mod_ram_rom:mgl_prim2|ram_rom_addr_reg[5]            ; altera_reserved_tck ; altera_reserved_tck ; 100.000      ; -0.043     ; 1.085      ;
; 98.879 ; sld_hub:auto_hub|sld_jtag_hub:\jtag_hub_gen:sld_jtag_hub_inst|irf_reg[2][0]                      ; rom1:inst2|altsyncram:altsyncram_component|altsyncram_qlb1:auto_generated|sld_mod_ram_rom:mgl_prim2|ram_rom_addr_reg[4]            ; altera_reserved_tck ; altera_reserved_tck ; 100.000      ; -0.043     ; 1.085      ;
; 98.879 ; sld_hub:auto_hub|sld_jtag_hub:\jtag_hub_gen:sld_jtag_hub_inst|irf_reg[2][0]                      ; rom1:inst2|altsyncram:altsyncram_component|altsyncram_qlb1:auto_generated|sld_mod_ram_rom:mgl_prim2|ram_rom_addr_reg[3]            ; altera_reserved_tck ; altera_reserved_tck ; 100.000      ; -0.043     ; 1.085      ;
; 98.879 ; sld_hub:auto_hub|sld_jtag_hub:\jtag_hub_gen:sld_jtag_hub_inst|irf_reg[2][0]                      ; rom1:inst2|altsyncram:altsyncram_component|altsyncram_qlb1:auto_generated|sld_mod_ram_rom:mgl_prim2|ram_rom_addr_reg[2]            ; altera_reserved_tck ; altera_reserved_tck ; 100.000      ; -0.043     ; 1.085      ;
; 98.894 ; sld_hub:auto_hub|sld_jtag_hub:\jtag_hub_gen:sld_jtag_hub_inst|clr_reg                            ; sld_hub:auto_hub|sld_jtag_hub:\jtag_hub_gen:sld_jtag_hub_inst|node_ena[1]~reg0                                                     ; altera_reserved_tck ; altera_reserved_tck ; 100.000      ; -0.043     ; 1.070      ;
; 98.894 ; sld_hub:auto_hub|sld_jtag_hub:\jtag_hub_gen:sld_jtag_hub_inst|clr_reg                            ; sld_hub:auto_hub|sld_jtag_hub:\jtag_hub_gen:sld_jtag_hub_inst|node_ena[2]~reg0                                                     ; altera_reserved_tck ; altera_reserved_tck ; 100.000      ; -0.043     ; 1.070      ;
; 98.904 ; sld_hub:auto_hub|sld_jtag_hub:\jtag_hub_gen:sld_jtag_hub_inst|clr_reg                            ; rom1:inst2|altsyncram:altsyncram_component|altsyncram_qlb1:auto_generated|sld_mod_ram_rom:mgl_prim2|is_in_use_reg                  ; altera_reserved_tck ; altera_reserved_tck ; 100.000      ; -0.039     ; 1.064      ;
; 98.904 ; sld_hub:auto_hub|sld_jtag_hub:\jtag_hub_gen:sld_jtag_hub_inst|clr_reg                            ; rom1:inst2|altsyncram:altsyncram_component|altsyncram_qlb1:auto_generated|sld_mod_ram_rom:mgl_prim2|bypass_reg_out                 ; altera_reserved_tck ; altera_reserved_tck ; 100.000      ; -0.039     ; 1.064      ;
; 98.976 ; sld_hub:auto_hub|sld_jtag_hub:\jtag_hub_gen:sld_jtag_hub_inst|irf_reg[1][3]                      ; ram:inst15|altsyncram:altsyncram_component|altsyncram_oqj1:auto_generated|sld_mod_ram_rom:mgl_prim2|ram_rom_data_shift_cntr_reg[1] ; altera_reserved_tck ; altera_reserved_tck ; 100.000      ; -0.024     ; 1.007      ;
; 98.976 ; sld_hub:auto_hub|sld_jtag_hub:\jtag_hub_gen:sld_jtag_hub_inst|irf_reg[1][3]                      ; ram:inst15|altsyncram:altsyncram_component|altsyncram_oqj1:auto_generated|sld_mod_ram_rom:mgl_prim2|ram_rom_data_shift_cntr_reg[0] ; altera_reserved_tck ; altera_reserved_tck ; 100.000      ; -0.024     ; 1.007      ;
; 98.976 ; sld_hub:auto_hub|sld_jtag_hub:\jtag_hub_gen:sld_jtag_hub_inst|irf_reg[1][3]                      ; ram:inst15|altsyncram:altsyncram_component|altsyncram_oqj1:auto_generated|sld_mod_ram_rom:mgl_prim2|ram_rom_data_shift_cntr_reg[2] ; altera_reserved_tck ; altera_reserved_tck ; 100.000      ; -0.024     ; 1.007      ;
; 98.991 ; sld_hub:auto_hub|sld_jtag_hub:\jtag_hub_gen:sld_jtag_hub_inst|irf_reg[2][3]                      ; rom1:inst2|altsyncram:altsyncram_component|altsyncram_qlb1:auto_generated|sld_mod_ram_rom:mgl_prim2|ram_rom_data_shift_cntr_reg[0] ; altera_reserved_tck ; altera_reserved_tck ; 100.000      ; -0.045     ; 0.971      ;
; 98.991 ; sld_hub:auto_hub|sld_jtag_hub:\jtag_hub_gen:sld_jtag_hub_inst|irf_reg[2][3]                      ; rom1:inst2|altsyncram:altsyncram_component|altsyncram_qlb1:auto_generated|sld_mod_ram_rom:mgl_prim2|ram_rom_data_shift_cntr_reg[2] ; altera_reserved_tck ; altera_reserved_tck ; 100.000      ; -0.045     ; 0.971      ;
; 98.991 ; sld_hub:auto_hub|sld_jtag_hub:\jtag_hub_gen:sld_jtag_hub_inst|irf_reg[2][3]                      ; rom1:inst2|altsyncram:altsyncram_component|altsyncram_qlb1:auto_generated|sld_mod_ram_rom:mgl_prim2|ram_rom_data_shift_cntr_reg[3] ; altera_reserved_tck ; altera_reserved_tck ; 100.000      ; -0.045     ; 0.971      ;
; 98.991 ; sld_hub:auto_hub|sld_jtag_hub:\jtag_hub_gen:sld_jtag_hub_inst|irf_reg[2][3]                      ; rom1:inst2|altsyncram:altsyncram_component|altsyncram_qlb1:auto_generated|sld_mod_ram_rom:mgl_prim2|ram_rom_data_shift_cntr_reg[4] ; altera_reserved_tck ; altera_reserved_tck ; 100.000      ; -0.045     ; 0.971      ;
; 98.991 ; sld_hub:auto_hub|sld_jtag_hub:\jtag_hub_gen:sld_jtag_hub_inst|irf_reg[2][3]                      ; rom1:inst2|altsyncram:altsyncram_component|altsyncram_qlb1:auto_generated|sld_mod_ram_rom:mgl_prim2|ram_rom_data_shift_cntr_reg[1] ; altera_reserved_tck ; altera_reserved_tck ; 100.000      ; -0.045     ; 0.971      ;
; 99.009 ; sld_hub:auto_hub|sld_jtag_hub:\jtag_hub_gen:sld_jtag_hub_inst|clr_reg                            ; sld_hub:auto_hub|sld_jtag_hub:\jtag_hub_gen:sld_jtag_hub_inst|hub_mode_reg[1]                                                      ; altera_reserved_tck ; altera_reserved_tck ; 100.000      ; -0.041     ; 0.957      ;
; 99.009 ; sld_hub:auto_hub|sld_jtag_hub:\jtag_hub_gen:sld_jtag_hub_inst|clr_reg                            ; sld_hub:auto_hub|sld_jtag_hub:\jtag_hub_gen:sld_jtag_hub_inst|irsr_reg[5]                                                          ; altera_reserved_tck ; altera_reserved_tck ; 100.000      ; -0.041     ; 0.957      ;
; 99.027 ; sld_hub:auto_hub|sld_jtag_hub:\jtag_hub_gen:sld_jtag_hub_inst|sld_shadow_jsm:shadow_jsm|state[0] ; sld_hub:auto_hub|sld_jtag_hub:\jtag_hub_gen:sld_jtag_hub_inst|jtag_ir_reg[9]                                                       ; altera_reserved_tck ; altera_reserved_tck ; 100.000      ; -0.039     ; 0.941      ;
; 99.027 ; sld_hub:auto_hub|sld_jtag_hub:\jtag_hub_gen:sld_jtag_hub_inst|sld_shadow_jsm:shadow_jsm|state[0] ; sld_hub:auto_hub|sld_jtag_hub:\jtag_hub_gen:sld_jtag_hub_inst|jtag_ir_reg[8]                                                       ; altera_reserved_tck ; altera_reserved_tck ; 100.000      ; -0.039     ; 0.941      ;
; 99.027 ; sld_hub:auto_hub|sld_jtag_hub:\jtag_hub_gen:sld_jtag_hub_inst|sld_shadow_jsm:shadow_jsm|state[0] ; sld_hub:auto_hub|sld_jtag_hub:\jtag_hub_gen:sld_jtag_hub_inst|jtag_ir_reg[7]                                                       ; altera_reserved_tck ; altera_reserved_tck ; 100.000      ; -0.039     ; 0.941      ;
; 99.027 ; sld_hub:auto_hub|sld_jtag_hub:\jtag_hub_gen:sld_jtag_hub_inst|sld_shadow_jsm:shadow_jsm|state[0] ; sld_hub:auto_hub|sld_jtag_hub:\jtag_hub_gen:sld_jtag_hub_inst|jtag_ir_reg[6]                                                       ; altera_reserved_tck ; altera_reserved_tck ; 100.000      ; -0.039     ; 0.941      ;
; 99.027 ; sld_hub:auto_hub|sld_jtag_hub:\jtag_hub_gen:sld_jtag_hub_inst|sld_shadow_jsm:shadow_jsm|state[0] ; sld_hub:auto_hub|sld_jtag_hub:\jtag_hub_gen:sld_jtag_hub_inst|jtag_ir_reg[5]                                                       ; altera_reserved_tck ; altera_reserved_tck ; 100.000      ; -0.039     ; 0.941      ;
; 99.027 ; sld_hub:auto_hub|sld_jtag_hub:\jtag_hub_gen:sld_jtag_hub_inst|sld_shadow_jsm:shadow_jsm|state[0] ; sld_hub:auto_hub|sld_jtag_hub:\jtag_hub_gen:sld_jtag_hub_inst|jtag_ir_reg[4]                                                       ; altera_reserved_tck ; altera_reserved_tck ; 100.000      ; -0.039     ; 0.941      ;
; 99.027 ; sld_hub:auto_hub|sld_jtag_hub:\jtag_hub_gen:sld_jtag_hub_inst|sld_shadow_jsm:shadow_jsm|state[0] ; sld_hub:auto_hub|sld_jtag_hub:\jtag_hub_gen:sld_jtag_hub_inst|jtag_ir_reg[3]                                                       ; altera_reserved_tck ; altera_reserved_tck ; 100.000      ; -0.039     ; 0.941      ;
; 99.027 ; sld_hub:auto_hub|sld_jtag_hub:\jtag_hub_gen:sld_jtag_hub_inst|sld_shadow_jsm:shadow_jsm|state[0] ; sld_hub:auto_hub|sld_jtag_hub:\jtag_hub_gen:sld_jtag_hub_inst|jtag_ir_reg[2]                                                       ; altera_reserved_tck ; altera_reserved_tck ; 100.000      ; -0.039     ; 0.941      ;
; 99.027 ; sld_hub:auto_hub|sld_jtag_hub:\jtag_hub_gen:sld_jtag_hub_inst|sld_shadow_jsm:shadow_jsm|state[0] ; sld_hub:auto_hub|sld_jtag_hub:\jtag_hub_gen:sld_jtag_hub_inst|jtag_ir_reg[1]                                                       ; altera_reserved_tck ; altera_reserved_tck ; 100.000      ; -0.039     ; 0.941      ;
; 99.027 ; sld_hub:auto_hub|sld_jtag_hub:\jtag_hub_gen:sld_jtag_hub_inst|sld_shadow_jsm:shadow_jsm|state[0] ; sld_hub:auto_hub|sld_jtag_hub:\jtag_hub_gen:sld_jtag_hub_inst|jtag_ir_reg[0]                                                       ; altera_reserved_tck ; altera_reserved_tck ; 100.000      ; -0.039     ; 0.941      ;
; 99.027 ; sld_hub:auto_hub|sld_jtag_hub:\jtag_hub_gen:sld_jtag_hub_inst|sld_shadow_jsm:shadow_jsm|state[0] ; sld_hub:auto_hub|sld_jtag_hub:\jtag_hub_gen:sld_jtag_hub_inst|virtual_dr_scan_reg                                                  ; altera_reserved_tck ; altera_reserved_tck ; 100.000      ; -0.039     ; 0.941      ;
; 99.027 ; sld_hub:auto_hub|sld_jtag_hub:\jtag_hub_gen:sld_jtag_hub_inst|sld_shadow_jsm:shadow_jsm|state[0] ; sld_hub:auto_hub|sld_jtag_hub:\jtag_hub_gen:sld_jtag_hub_inst|virtual_ir_scan_reg                                                  ; altera_reserved_tck ; altera_reserved_tck ; 100.000      ; -0.039     ; 0.941      ;
; 99.061 ; sld_hub:auto_hub|sld_jtag_hub:\jtag_hub_gen:sld_jtag_hub_inst|clr_reg                            ; sld_hub:auto_hub|sld_jtag_hub:\jtag_hub_gen:sld_jtag_hub_inst|irsr_reg[6]                                                          ; altera_reserved_tck ; altera_reserved_tck ; 100.000      ; -0.040     ; 0.906      ;
; 99.061 ; sld_hub:auto_hub|sld_jtag_hub:\jtag_hub_gen:sld_jtag_hub_inst|clr_reg                            ; sld_hub:auto_hub|sld_jtag_hub:\jtag_hub_gen:sld_jtag_hub_inst|hub_mode_reg[0]                                                      ; altera_reserved_tck ; altera_reserved_tck ; 100.000      ; -0.040     ; 0.906      ;
; 99.061 ; sld_hub:auto_hub|sld_jtag_hub:\jtag_hub_gen:sld_jtag_hub_inst|clr_reg                            ; sld_hub:auto_hub|sld_jtag_hub:\jtag_hub_gen:sld_jtag_hub_inst|irsr_reg[3]                                                          ; altera_reserved_tck ; altera_reserved_tck ; 100.000      ; -0.040     ; 0.906      ;
; 99.061 ; sld_hub:auto_hub|sld_jtag_hub:\jtag_hub_gen:sld_jtag_hub_inst|clr_reg                            ; sld_hub:auto_hub|sld_jtag_hub:\jtag_hub_gen:sld_jtag_hub_inst|irsr_reg[4]                                                          ; altera_reserved_tck ; altera_reserved_tck ; 100.000      ; -0.040     ; 0.906      ;
; 99.061 ; sld_hub:auto_hub|sld_jtag_hub:\jtag_hub_gen:sld_jtag_hub_inst|clr_reg                            ; sld_hub:auto_hub|sld_jtag_hub:\jtag_hub_gen:sld_jtag_hub_inst|irsr_reg[1]                                                          ; altera_reserved_tck ; altera_reserved_tck ; 100.000      ; -0.040     ; 0.906      ;
; 99.061 ; sld_hub:auto_hub|sld_jtag_hub:\jtag_hub_gen:sld_jtag_hub_inst|clr_reg                            ; sld_hub:auto_hub|sld_jtag_hub:\jtag_hub_gen:sld_jtag_hub_inst|irsr_reg[0]                                                          ; altera_reserved_tck ; altera_reserved_tck ; 100.000      ; -0.040     ; 0.906      ;
; 99.061 ; sld_hub:auto_hub|sld_jtag_hub:\jtag_hub_gen:sld_jtag_hub_inst|clr_reg                            ; sld_hub:auto_hub|sld_jtag_hub:\jtag_hub_gen:sld_jtag_hub_inst|irsr_reg[2]                                                          ; altera_reserved_tck ; altera_reserved_tck ; 100.000      ; -0.040     ; 0.906      ;
; 99.094 ; sld_hub:auto_hub|sld_jtag_hub:\jtag_hub_gen:sld_jtag_hub_inst|clr_reg                            ; sld_hub:auto_hub|sld_jtag_hub:\jtag_hub_gen:sld_jtag_hub_inst|shadow_irf_reg[2][1]                                                 ; altera_reserved_tck ; altera_reserved_tck ; 100.000      ; -0.033     ; 0.880      ;
; 99.094 ; sld_hub:auto_hub|sld_jtag_hub:\jtag_hub_gen:sld_jtag_hub_inst|clr_reg                            ; sld_hub:auto_hub|sld_jtag_hub:\jtag_hub_gen:sld_jtag_hub_inst|irf_reg[2][1]                                                        ; altera_reserved_tck ; altera_reserved_tck ; 100.000      ; -0.033     ; 0.880      ;
; 99.094 ; sld_hub:auto_hub|sld_jtag_hub:\jtag_hub_gen:sld_jtag_hub_inst|clr_reg                            ; sld_hub:auto_hub|sld_jtag_hub:\jtag_hub_gen:sld_jtag_hub_inst|shadow_irf_reg[2][2]                                                 ; altera_reserved_tck ; altera_reserved_tck ; 100.000      ; -0.033     ; 0.880      ;
; 99.094 ; sld_hub:auto_hub|sld_jtag_hub:\jtag_hub_gen:sld_jtag_hub_inst|clr_reg                            ; sld_hub:auto_hub|sld_jtag_hub:\jtag_hub_gen:sld_jtag_hub_inst|irf_reg[2][2]                                                        ; altera_reserved_tck ; altera_reserved_tck ; 100.000      ; -0.033     ; 0.880      ;
; 99.094 ; sld_hub:auto_hub|sld_jtag_hub:\jtag_hub_gen:sld_jtag_hub_inst|clr_reg                            ; sld_hub:auto_hub|sld_jtag_hub:\jtag_hub_gen:sld_jtag_hub_inst|shadow_irf_reg[2][0]                                                 ; altera_reserved_tck ; altera_reserved_tck ; 100.000      ; -0.033     ; 0.880      ;
; 99.094 ; sld_hub:auto_hub|sld_jtag_hub:\jtag_hub_gen:sld_jtag_hub_inst|clr_reg                            ; sld_hub:auto_hub|sld_jtag_hub:\jtag_hub_gen:sld_jtag_hub_inst|irf_reg[2][0]                                                        ; altera_reserved_tck ; altera_reserved_tck ; 100.000      ; -0.033     ; 0.880      ;
; 99.094 ; sld_hub:auto_hub|sld_jtag_hub:\jtag_hub_gen:sld_jtag_hub_inst|clr_reg                            ; sld_hub:auto_hub|sld_jtag_hub:\jtag_hub_gen:sld_jtag_hub_inst|shadow_irf_reg[2][4]                                                 ; altera_reserved_tck ; altera_reserved_tck ; 100.000      ; -0.033     ; 0.880      ;
; 99.094 ; sld_hub:auto_hub|sld_jtag_hub:\jtag_hub_gen:sld_jtag_hub_inst|clr_reg                            ; sld_hub:auto_hub|sld_jtag_hub:\jtag_hub_gen:sld_jtag_hub_inst|irf_reg[2][4]                                                        ; altera_reserved_tck ; altera_reserved_tck ; 100.000      ; -0.033     ; 0.880      ;
; 99.094 ; sld_hub:auto_hub|sld_jtag_hub:\jtag_hub_gen:sld_jtag_hub_inst|clr_reg                            ; sld_hub:auto_hub|sld_jtag_hub:\jtag_hub_gen:sld_jtag_hub_inst|shadow_irf_reg[2][3]                                                 ; altera_reserved_tck ; altera_reserved_tck ; 100.000      ; -0.033     ; 0.880      ;
; 99.094 ; sld_hub:auto_hub|sld_jtag_hub:\jtag_hub_gen:sld_jtag_hub_inst|clr_reg                            ; sld_hub:auto_hub|sld_jtag_hub:\jtag_hub_gen:sld_jtag_hub_inst|irf_reg[2][3]                                                        ; altera_reserved_tck ; altera_reserved_tck ; 100.000      ; -0.033     ; 0.880      ;
; 99.204 ; sld_hub:auto_hub|sld_jtag_hub:\jtag_hub_gen:sld_jtag_hub_inst|irf_reg[1][0]                      ; ram:inst15|altsyncram:altsyncram_component|altsyncram_oqj1:auto_generated|sld_mod_ram_rom:mgl_prim2|ram_rom_addr_reg[1]            ; altera_reserved_tck ; altera_reserved_tck ; 100.000      ; -0.037     ; 0.766      ;
; 99.204 ; sld_hub:auto_hub|sld_jtag_hub:\jtag_hub_gen:sld_jtag_hub_inst|irf_reg[1][0]                      ; ram:inst15|altsyncram:altsyncram_component|altsyncram_oqj1:auto_generated|sld_mod_ram_rom:mgl_prim2|ram_rom_addr_reg[0]            ; altera_reserved_tck ; altera_reserved_tck ; 100.000      ; -0.037     ; 0.766      ;
; 99.204 ; sld_hub:auto_hub|sld_jtag_hub:\jtag_hub_gen:sld_jtag_hub_inst|irf_reg[1][0]                      ; ram:inst15|altsyncram:altsyncram_component|altsyncram_oqj1:auto_generated|sld_mod_ram_rom:mgl_prim2|ram_rom_addr_reg[7]            ; altera_reserved_tck ; altera_reserved_tck ; 100.000      ; -0.037     ; 0.766      ;
; 99.204 ; sld_hub:auto_hub|sld_jtag_hub:\jtag_hub_gen:sld_jtag_hub_inst|irf_reg[1][0]                      ; ram:inst15|altsyncram:altsyncram_component|altsyncram_oqj1:auto_generated|sld_mod_ram_rom:mgl_prim2|ram_rom_addr_reg[6]            ; altera_reserved_tck ; altera_reserved_tck ; 100.000      ; -0.037     ; 0.766      ;
; 99.204 ; sld_hub:auto_hub|sld_jtag_hub:\jtag_hub_gen:sld_jtag_hub_inst|irf_reg[1][0]                      ; ram:inst15|altsyncram:altsyncram_component|altsyncram_oqj1:auto_generated|sld_mod_ram_rom:mgl_prim2|ram_rom_addr_reg[5]            ; altera_reserved_tck ; altera_reserved_tck ; 100.000      ; -0.037     ; 0.766      ;
; 99.204 ; sld_hub:auto_hub|sld_jtag_hub:\jtag_hub_gen:sld_jtag_hub_inst|irf_reg[1][0]                      ; ram:inst15|altsyncram:altsyncram_component|altsyncram_oqj1:auto_generated|sld_mod_ram_rom:mgl_prim2|ram_rom_addr_reg[4]            ; altera_reserved_tck ; altera_reserved_tck ; 100.000      ; -0.037     ; 0.766      ;
; 99.204 ; sld_hub:auto_hub|sld_jtag_hub:\jtag_hub_gen:sld_jtag_hub_inst|irf_reg[1][0]                      ; ram:inst15|altsyncram:altsyncram_component|altsyncram_oqj1:auto_generated|sld_mod_ram_rom:mgl_prim2|ram_rom_addr_reg[3]            ; altera_reserved_tck ; altera_reserved_tck ; 100.000      ; -0.037     ; 0.766      ;
; 99.204 ; sld_hub:auto_hub|sld_jtag_hub:\jtag_hub_gen:sld_jtag_hub_inst|irf_reg[1][0]                      ; ram:inst15|altsyncram:altsyncram_component|altsyncram_oqj1:auto_generated|sld_mod_ram_rom:mgl_prim2|ram_rom_addr_reg[2]            ; altera_reserved_tck ; altera_reserved_tck ; 100.000      ; -0.037     ; 0.766      ;
+--------+--------------------------------------------------------------------------------------------------+------------------------------------------------------------------------------------------------------------------------------------+---------------------+---------------------+--------------+------------+------------+


+-------------------------------------------------------------------------------------------------------------------------------------------------------------------------------------------------------------------------------------------------------------------------------------------------------------------------------------+
; Fast 1200mV 0C Model Removal: 'altera_reserved_tck'                                                                                                                                                                                                                                                                                 ;
+--------+--------------------------------------------------------------------------------------------------+------------------------------------------------------------------------------------------------------------------------------------+---------------------+---------------------+--------------+------------+------------+
; Slack  ; From Node                                                                                        ; To Node                                                                                                                            ; Launch Clock        ; Latch Clock         ; Relationship ; Clock Skew ; Data Delay ;
+--------+--------------------------------------------------------------------------------------------------+------------------------------------------------------------------------------------------------------------------------------------+---------------------+---------------------+--------------+------------+------------+
; 0.566  ; sld_hub:auto_hub|sld_jtag_hub:\jtag_hub_gen:sld_jtag_hub_inst|irf_reg[1][0]                      ; ram:inst15|altsyncram:altsyncram_component|altsyncram_oqj1:auto_generated|sld_mod_ram_rom:mgl_prim2|ram_rom_addr_reg[1]            ; altera_reserved_tck ; altera_reserved_tck ; 0.000        ; 0.034      ; 0.684      ;
; 0.566  ; sld_hub:auto_hub|sld_jtag_hub:\jtag_hub_gen:sld_jtag_hub_inst|irf_reg[1][0]                      ; ram:inst15|altsyncram:altsyncram_component|altsyncram_oqj1:auto_generated|sld_mod_ram_rom:mgl_prim2|ram_rom_addr_reg[0]            ; altera_reserved_tck ; altera_reserved_tck ; 0.000        ; 0.034      ; 0.684      ;
; 0.566  ; sld_hub:auto_hub|sld_jtag_hub:\jtag_hub_gen:sld_jtag_hub_inst|irf_reg[1][0]                      ; ram:inst15|altsyncram:altsyncram_component|altsyncram_oqj1:auto_generated|sld_mod_ram_rom:mgl_prim2|ram_rom_addr_reg[7]            ; altera_reserved_tck ; altera_reserved_tck ; 0.000        ; 0.034      ; 0.684      ;
; 0.566  ; sld_hub:auto_hub|sld_jtag_hub:\jtag_hub_gen:sld_jtag_hub_inst|irf_reg[1][0]                      ; ram:inst15|altsyncram:altsyncram_component|altsyncram_oqj1:auto_generated|sld_mod_ram_rom:mgl_prim2|ram_rom_addr_reg[6]            ; altera_reserved_tck ; altera_reserved_tck ; 0.000        ; 0.034      ; 0.684      ;
; 0.566  ; sld_hub:auto_hub|sld_jtag_hub:\jtag_hub_gen:sld_jtag_hub_inst|irf_reg[1][0]                      ; ram:inst15|altsyncram:altsyncram_component|altsyncram_oqj1:auto_generated|sld_mod_ram_rom:mgl_prim2|ram_rom_addr_reg[5]            ; altera_reserved_tck ; altera_reserved_tck ; 0.000        ; 0.034      ; 0.684      ;
; 0.566  ; sld_hub:auto_hub|sld_jtag_hub:\jtag_hub_gen:sld_jtag_hub_inst|irf_reg[1][0]                      ; ram:inst15|altsyncram:altsyncram_component|altsyncram_oqj1:auto_generated|sld_mod_ram_rom:mgl_prim2|ram_rom_addr_reg[4]            ; altera_reserved_tck ; altera_reserved_tck ; 0.000        ; 0.034      ; 0.684      ;
; 0.566  ; sld_hub:auto_hub|sld_jtag_hub:\jtag_hub_gen:sld_jtag_hub_inst|irf_reg[1][0]                      ; ram:inst15|altsyncram:altsyncram_component|altsyncram_oqj1:auto_generated|sld_mod_ram_rom:mgl_prim2|ram_rom_addr_reg[3]            ; altera_reserved_tck ; altera_reserved_tck ; 0.000        ; 0.034      ; 0.684      ;
; 0.566  ; sld_hub:auto_hub|sld_jtag_hub:\jtag_hub_gen:sld_jtag_hub_inst|irf_reg[1][0]                      ; ram:inst15|altsyncram:altsyncram_component|altsyncram_oqj1:auto_generated|sld_mod_ram_rom:mgl_prim2|ram_rom_addr_reg[2]            ; altera_reserved_tck ; altera_reserved_tck ; 0.000        ; 0.034      ; 0.684      ;
; 0.656  ; sld_hub:auto_hub|sld_jtag_hub:\jtag_hub_gen:sld_jtag_hub_inst|clr_reg                            ; sld_hub:auto_hub|sld_jtag_hub:\jtag_hub_gen:sld_jtag_hub_inst|shadow_irf_reg[2][1]                                                 ; altera_reserved_tck ; altera_reserved_tck ; 0.000        ; 0.040      ; 0.780      ;
; 0.656  ; sld_hub:auto_hub|sld_jtag_hub:\jtag_hub_gen:sld_jtag_hub_inst|clr_reg                            ; sld_hub:auto_hub|sld_jtag_hub:\jtag_hub_gen:sld_jtag_hub_inst|irf_reg[2][1]                                                        ; altera_reserved_tck ; altera_reserved_tck ; 0.000        ; 0.040      ; 0.780      ;
; 0.656  ; sld_hub:auto_hub|sld_jtag_hub:\jtag_hub_gen:sld_jtag_hub_inst|clr_reg                            ; sld_hub:auto_hub|sld_jtag_hub:\jtag_hub_gen:sld_jtag_hub_inst|shadow_irf_reg[2][2]                                                 ; altera_reserved_tck ; altera_reserved_tck ; 0.000        ; 0.040      ; 0.780      ;
; 0.656  ; sld_hub:auto_hub|sld_jtag_hub:\jtag_hub_gen:sld_jtag_hub_inst|clr_reg                            ; sld_hub:auto_hub|sld_jtag_hub:\jtag_hub_gen:sld_jtag_hub_inst|irf_reg[2][2]                                                        ; altera_reserved_tck ; altera_reserved_tck ; 0.000        ; 0.040      ; 0.780      ;
; 0.656  ; sld_hub:auto_hub|sld_jtag_hub:\jtag_hub_gen:sld_jtag_hub_inst|clr_reg                            ; sld_hub:auto_hub|sld_jtag_hub:\jtag_hub_gen:sld_jtag_hub_inst|shadow_irf_reg[2][0]                                                 ; altera_reserved_tck ; altera_reserved_tck ; 0.000        ; 0.040      ; 0.780      ;
; 0.656  ; sld_hub:auto_hub|sld_jtag_hub:\jtag_hub_gen:sld_jtag_hub_inst|clr_reg                            ; sld_hub:auto_hub|sld_jtag_hub:\jtag_hub_gen:sld_jtag_hub_inst|irf_reg[2][0]                                                        ; altera_reserved_tck ; altera_reserved_tck ; 0.000        ; 0.040      ; 0.780      ;
; 0.656  ; sld_hub:auto_hub|sld_jtag_hub:\jtag_hub_gen:sld_jtag_hub_inst|clr_reg                            ; sld_hub:auto_hub|sld_jtag_hub:\jtag_hub_gen:sld_jtag_hub_inst|shadow_irf_reg[2][4]                                                 ; altera_reserved_tck ; altera_reserved_tck ; 0.000        ; 0.040      ; 0.780      ;
; 0.656  ; sld_hub:auto_hub|sld_jtag_hub:\jtag_hub_gen:sld_jtag_hub_inst|clr_reg                            ; sld_hub:auto_hub|sld_jtag_hub:\jtag_hub_gen:sld_jtag_hub_inst|irf_reg[2][4]                                                        ; altera_reserved_tck ; altera_reserved_tck ; 0.000        ; 0.040      ; 0.780      ;
; 0.656  ; sld_hub:auto_hub|sld_jtag_hub:\jtag_hub_gen:sld_jtag_hub_inst|clr_reg                            ; sld_hub:auto_hub|sld_jtag_hub:\jtag_hub_gen:sld_jtag_hub_inst|shadow_irf_reg[2][3]                                                 ; altera_reserved_tck ; altera_reserved_tck ; 0.000        ; 0.040      ; 0.780      ;
; 0.656  ; sld_hub:auto_hub|sld_jtag_hub:\jtag_hub_gen:sld_jtag_hub_inst|clr_reg                            ; sld_hub:auto_hub|sld_jtag_hub:\jtag_hub_gen:sld_jtag_hub_inst|irf_reg[2][3]                                                        ; altera_reserved_tck ; altera_reserved_tck ; 0.000        ; 0.040      ; 0.780      ;
; 0.680  ; sld_hub:auto_hub|sld_jtag_hub:\jtag_hub_gen:sld_jtag_hub_inst|clr_reg                            ; sld_hub:auto_hub|sld_jtag_hub:\jtag_hub_gen:sld_jtag_hub_inst|irsr_reg[6]                                                          ; altera_reserved_tck ; altera_reserved_tck ; 0.000        ; 0.032      ; 0.796      ;
; 0.680  ; sld_hub:auto_hub|sld_jtag_hub:\jtag_hub_gen:sld_jtag_hub_inst|clr_reg                            ; sld_hub:auto_hub|sld_jtag_hub:\jtag_hub_gen:sld_jtag_hub_inst|hub_mode_reg[0]                                                      ; altera_reserved_tck ; altera_reserved_tck ; 0.000        ; 0.032      ; 0.796      ;
; 0.680  ; sld_hub:auto_hub|sld_jtag_hub:\jtag_hub_gen:sld_jtag_hub_inst|clr_reg                            ; sld_hub:auto_hub|sld_jtag_hub:\jtag_hub_gen:sld_jtag_hub_inst|irsr_reg[3]                                                          ; altera_reserved_tck ; altera_reserved_tck ; 0.000        ; 0.032      ; 0.796      ;
; 0.680  ; sld_hub:auto_hub|sld_jtag_hub:\jtag_hub_gen:sld_jtag_hub_inst|clr_reg                            ; sld_hub:auto_hub|sld_jtag_hub:\jtag_hub_gen:sld_jtag_hub_inst|irsr_reg[4]                                                          ; altera_reserved_tck ; altera_reserved_tck ; 0.000        ; 0.032      ; 0.796      ;
; 0.680  ; sld_hub:auto_hub|sld_jtag_hub:\jtag_hub_gen:sld_jtag_hub_inst|clr_reg                            ; sld_hub:auto_hub|sld_jtag_hub:\jtag_hub_gen:sld_jtag_hub_inst|irsr_reg[1]                                                          ; altera_reserved_tck ; altera_reserved_tck ; 0.000        ; 0.032      ; 0.796      ;
; 0.680  ; sld_hub:auto_hub|sld_jtag_hub:\jtag_hub_gen:sld_jtag_hub_inst|clr_reg                            ; sld_hub:auto_hub|sld_jtag_hub:\jtag_hub_gen:sld_jtag_hub_inst|irsr_reg[0]                                                          ; altera_reserved_tck ; altera_reserved_tck ; 0.000        ; 0.032      ; 0.796      ;
; 0.680  ; sld_hub:auto_hub|sld_jtag_hub:\jtag_hub_gen:sld_jtag_hub_inst|clr_reg                            ; sld_hub:auto_hub|sld_jtag_hub:\jtag_hub_gen:sld_jtag_hub_inst|irsr_reg[2]                                                          ; altera_reserved_tck ; altera_reserved_tck ; 0.000        ; 0.032      ; 0.796      ;
; 0.684  ; sld_hub:auto_hub|sld_jtag_hub:\jtag_hub_gen:sld_jtag_hub_inst|sld_shadow_jsm:shadow_jsm|state[0] ; sld_hub:auto_hub|sld_jtag_hub:\jtag_hub_gen:sld_jtag_hub_inst|jtag_ir_reg[9]                                                       ; altera_reserved_tck ; altera_reserved_tck ; 0.000        ; 0.032      ; 0.800      ;
; 0.684  ; sld_hub:auto_hub|sld_jtag_hub:\jtag_hub_gen:sld_jtag_hub_inst|sld_shadow_jsm:shadow_jsm|state[0] ; sld_hub:auto_hub|sld_jtag_hub:\jtag_hub_gen:sld_jtag_hub_inst|jtag_ir_reg[8]                                                       ; altera_reserved_tck ; altera_reserved_tck ; 0.000        ; 0.032      ; 0.800      ;
; 0.684  ; sld_hub:auto_hub|sld_jtag_hub:\jtag_hub_gen:sld_jtag_hub_inst|sld_shadow_jsm:shadow_jsm|state[0] ; sld_hub:auto_hub|sld_jtag_hub:\jtag_hub_gen:sld_jtag_hub_inst|jtag_ir_reg[7]                                                       ; altera_reserved_tck ; altera_reserved_tck ; 0.000        ; 0.032      ; 0.800      ;
; 0.684  ; sld_hub:auto_hub|sld_jtag_hub:\jtag_hub_gen:sld_jtag_hub_inst|sld_shadow_jsm:shadow_jsm|state[0] ; sld_hub:auto_hub|sld_jtag_hub:\jtag_hub_gen:sld_jtag_hub_inst|jtag_ir_reg[6]                                                       ; altera_reserved_tck ; altera_reserved_tck ; 0.000        ; 0.032      ; 0.800      ;
; 0.684  ; sld_hub:auto_hub|sld_jtag_hub:\jtag_hub_gen:sld_jtag_hub_inst|sld_shadow_jsm:shadow_jsm|state[0] ; sld_hub:auto_hub|sld_jtag_hub:\jtag_hub_gen:sld_jtag_hub_inst|jtag_ir_reg[5]                                                       ; altera_reserved_tck ; altera_reserved_tck ; 0.000        ; 0.032      ; 0.800      ;
; 0.684  ; sld_hub:auto_hub|sld_jtag_hub:\jtag_hub_gen:sld_jtag_hub_inst|sld_shadow_jsm:shadow_jsm|state[0] ; sld_hub:auto_hub|sld_jtag_hub:\jtag_hub_gen:sld_jtag_hub_inst|jtag_ir_reg[4]                                                       ; altera_reserved_tck ; altera_reserved_tck ; 0.000        ; 0.032      ; 0.800      ;
; 0.684  ; sld_hub:auto_hub|sld_jtag_hub:\jtag_hub_gen:sld_jtag_hub_inst|sld_shadow_jsm:shadow_jsm|state[0] ; sld_hub:auto_hub|sld_jtag_hub:\jtag_hub_gen:sld_jtag_hub_inst|jtag_ir_reg[3]                                                       ; altera_reserved_tck ; altera_reserved_tck ; 0.000        ; 0.032      ; 0.800      ;
; 0.684  ; sld_hub:auto_hub|sld_jtag_hub:\jtag_hub_gen:sld_jtag_hub_inst|sld_shadow_jsm:shadow_jsm|state[0] ; sld_hub:auto_hub|sld_jtag_hub:\jtag_hub_gen:sld_jtag_hub_inst|jtag_ir_reg[2]                                                       ; altera_reserved_tck ; altera_reserved_tck ; 0.000        ; 0.032      ; 0.800      ;
; 0.684  ; sld_hub:auto_hub|sld_jtag_hub:\jtag_hub_gen:sld_jtag_hub_inst|sld_shadow_jsm:shadow_jsm|state[0] ; sld_hub:auto_hub|sld_jtag_hub:\jtag_hub_gen:sld_jtag_hub_inst|jtag_ir_reg[1]                                                       ; altera_reserved_tck ; altera_reserved_tck ; 0.000        ; 0.032      ; 0.800      ;
; 0.684  ; sld_hub:auto_hub|sld_jtag_hub:\jtag_hub_gen:sld_jtag_hub_inst|sld_shadow_jsm:shadow_jsm|state[0] ; sld_hub:auto_hub|sld_jtag_hub:\jtag_hub_gen:sld_jtag_hub_inst|jtag_ir_reg[0]                                                       ; altera_reserved_tck ; altera_reserved_tck ; 0.000        ; 0.032      ; 0.800      ;
; 0.684  ; sld_hub:auto_hub|sld_jtag_hub:\jtag_hub_gen:sld_jtag_hub_inst|sld_shadow_jsm:shadow_jsm|state[0] ; sld_hub:auto_hub|sld_jtag_hub:\jtag_hub_gen:sld_jtag_hub_inst|virtual_dr_scan_reg                                                  ; altera_reserved_tck ; altera_reserved_tck ; 0.000        ; 0.032      ; 0.800      ;
; 0.684  ; sld_hub:auto_hub|sld_jtag_hub:\jtag_hub_gen:sld_jtag_hub_inst|sld_shadow_jsm:shadow_jsm|state[0] ; sld_hub:auto_hub|sld_jtag_hub:\jtag_hub_gen:sld_jtag_hub_inst|virtual_ir_scan_reg                                                  ; altera_reserved_tck ; altera_reserved_tck ; 0.000        ; 0.032      ; 0.800      ;
; 0.714  ; sld_hub:auto_hub|sld_jtag_hub:\jtag_hub_gen:sld_jtag_hub_inst|clr_reg                            ; sld_hub:auto_hub|sld_jtag_hub:\jtag_hub_gen:sld_jtag_hub_inst|hub_mode_reg[1]                                                      ; altera_reserved_tck ; altera_reserved_tck ; 0.000        ; 0.039      ; 0.837      ;
; 0.714  ; sld_hub:auto_hub|sld_jtag_hub:\jtag_hub_gen:sld_jtag_hub_inst|clr_reg                            ; sld_hub:auto_hub|sld_jtag_hub:\jtag_hub_gen:sld_jtag_hub_inst|irsr_reg[5]                                                          ; altera_reserved_tck ; altera_reserved_tck ; 0.000        ; 0.039      ; 0.837      ;
; 0.740  ; sld_hub:auto_hub|sld_jtag_hub:\jtag_hub_gen:sld_jtag_hub_inst|irf_reg[2][3]                      ; rom1:inst2|altsyncram:altsyncram_component|altsyncram_qlb1:auto_generated|sld_mod_ram_rom:mgl_prim2|ram_rom_data_shift_cntr_reg[0] ; altera_reserved_tck ; altera_reserved_tck ; 0.000        ; 0.028      ; 0.852      ;
; 0.740  ; sld_hub:auto_hub|sld_jtag_hub:\jtag_hub_gen:sld_jtag_hub_inst|irf_reg[2][3]                      ; rom1:inst2|altsyncram:altsyncram_component|altsyncram_qlb1:auto_generated|sld_mod_ram_rom:mgl_prim2|ram_rom_data_shift_cntr_reg[2] ; altera_reserved_tck ; altera_reserved_tck ; 0.000        ; 0.028      ; 0.852      ;
; 0.740  ; sld_hub:auto_hub|sld_jtag_hub:\jtag_hub_gen:sld_jtag_hub_inst|irf_reg[2][3]                      ; rom1:inst2|altsyncram:altsyncram_component|altsyncram_qlb1:auto_generated|sld_mod_ram_rom:mgl_prim2|ram_rom_data_shift_cntr_reg[3] ; altera_reserved_tck ; altera_reserved_tck ; 0.000        ; 0.028      ; 0.852      ;
; 0.740  ; sld_hub:auto_hub|sld_jtag_hub:\jtag_hub_gen:sld_jtag_hub_inst|irf_reg[2][3]                      ; rom1:inst2|altsyncram:altsyncram_component|altsyncram_qlb1:auto_generated|sld_mod_ram_rom:mgl_prim2|ram_rom_data_shift_cntr_reg[4] ; altera_reserved_tck ; altera_reserved_tck ; 0.000        ; 0.028      ; 0.852      ;
; 0.740  ; sld_hub:auto_hub|sld_jtag_hub:\jtag_hub_gen:sld_jtag_hub_inst|irf_reg[2][3]                      ; rom1:inst2|altsyncram:altsyncram_component|altsyncram_qlb1:auto_generated|sld_mod_ram_rom:mgl_prim2|ram_rom_data_shift_cntr_reg[1] ; altera_reserved_tck ; altera_reserved_tck ; 0.000        ; 0.028      ; 0.852      ;
; 0.747  ; sld_hub:auto_hub|sld_jtag_hub:\jtag_hub_gen:sld_jtag_hub_inst|irf_reg[1][3]                      ; ram:inst15|altsyncram:altsyncram_component|altsyncram_oqj1:auto_generated|sld_mod_ram_rom:mgl_prim2|ram_rom_data_shift_cntr_reg[1] ; altera_reserved_tck ; altera_reserved_tck ; 0.000        ; 0.048      ; 0.879      ;
; 0.747  ; sld_hub:auto_hub|sld_jtag_hub:\jtag_hub_gen:sld_jtag_hub_inst|irf_reg[1][3]                      ; ram:inst15|altsyncram:altsyncram_component|altsyncram_oqj1:auto_generated|sld_mod_ram_rom:mgl_prim2|ram_rom_data_shift_cntr_reg[0] ; altera_reserved_tck ; altera_reserved_tck ; 0.000        ; 0.048      ; 0.879      ;
; 0.747  ; sld_hub:auto_hub|sld_jtag_hub:\jtag_hub_gen:sld_jtag_hub_inst|irf_reg[1][3]                      ; ram:inst15|altsyncram:altsyncram_component|altsyncram_oqj1:auto_generated|sld_mod_ram_rom:mgl_prim2|ram_rom_data_shift_cntr_reg[2] ; altera_reserved_tck ; altera_reserved_tck ; 0.000        ; 0.048      ; 0.879      ;
; 0.814  ; sld_hub:auto_hub|sld_jtag_hub:\jtag_hub_gen:sld_jtag_hub_inst|clr_reg                            ; rom1:inst2|altsyncram:altsyncram_component|altsyncram_qlb1:auto_generated|sld_mod_ram_rom:mgl_prim2|is_in_use_reg                  ; altera_reserved_tck ; altera_reserved_tck ; 0.000        ; 0.033      ; 0.931      ;
; 0.814  ; sld_hub:auto_hub|sld_jtag_hub:\jtag_hub_gen:sld_jtag_hub_inst|clr_reg                            ; rom1:inst2|altsyncram:altsyncram_component|altsyncram_qlb1:auto_generated|sld_mod_ram_rom:mgl_prim2|bypass_reg_out                 ; altera_reserved_tck ; altera_reserved_tck ; 0.000        ; 0.033      ; 0.931      ;
; 0.819  ; sld_hub:auto_hub|sld_jtag_hub:\jtag_hub_gen:sld_jtag_hub_inst|clr_reg                            ; sld_hub:auto_hub|sld_jtag_hub:\jtag_hub_gen:sld_jtag_hub_inst|node_ena[1]~reg0                                                     ; altera_reserved_tck ; altera_reserved_tck ; 0.000        ; 0.037      ; 0.940      ;
; 0.819  ; sld_hub:auto_hub|sld_jtag_hub:\jtag_hub_gen:sld_jtag_hub_inst|clr_reg                            ; sld_hub:auto_hub|sld_jtag_hub:\jtag_hub_gen:sld_jtag_hub_inst|node_ena[2]~reg0                                                     ; altera_reserved_tck ; altera_reserved_tck ; 0.000        ; 0.037      ; 0.940      ;
; 0.824  ; sld_hub:auto_hub|sld_jtag_hub:\jtag_hub_gen:sld_jtag_hub_inst|virtual_ir_scan_reg                ; sld_hub:auto_hub|sld_jtag_hub:\jtag_hub_gen:sld_jtag_hub_inst|hub_mode_reg[2]                                                      ; altera_reserved_tck ; altera_reserved_tck ; 0.000        ; 0.046      ; 0.954      ;
; 0.833  ; sld_hub:auto_hub|sld_jtag_hub:\jtag_hub_gen:sld_jtag_hub_inst|clr_reg                            ; ram:inst15|altsyncram:altsyncram_component|altsyncram_oqj1:auto_generated|sld_mod_ram_rom:mgl_prim2|is_in_use_reg                  ; altera_reserved_tck ; altera_reserved_tck ; 0.000        ; 0.037      ; 0.954      ;
; 0.833  ; sld_hub:auto_hub|sld_jtag_hub:\jtag_hub_gen:sld_jtag_hub_inst|clr_reg                            ; ram:inst15|altsyncram:altsyncram_component|altsyncram_oqj1:auto_generated|sld_mod_ram_rom:mgl_prim2|bypass_reg_out                 ; altera_reserved_tck ; altera_reserved_tck ; 0.000        ; 0.037      ; 0.954      ;
; 0.834  ; sld_hub:auto_hub|sld_jtag_hub:\jtag_hub_gen:sld_jtag_hub_inst|clr_reg                            ; sld_hub:auto_hub|sld_jtag_hub:\jtag_hub_gen:sld_jtag_hub_inst|shadow_irf_reg[1][2]                                                 ; altera_reserved_tck ; altera_reserved_tck ; 0.000        ; 0.034      ; 0.952      ;
; 0.834  ; sld_hub:auto_hub|sld_jtag_hub:\jtag_hub_gen:sld_jtag_hub_inst|clr_reg                            ; sld_hub:auto_hub|sld_jtag_hub:\jtag_hub_gen:sld_jtag_hub_inst|irf_reg[1][2]                                                        ; altera_reserved_tck ; altera_reserved_tck ; 0.000        ; 0.034      ; 0.952      ;
; 0.834  ; sld_hub:auto_hub|sld_jtag_hub:\jtag_hub_gen:sld_jtag_hub_inst|clr_reg                            ; sld_hub:auto_hub|sld_jtag_hub:\jtag_hub_gen:sld_jtag_hub_inst|shadow_irf_reg[1][1]                                                 ; altera_reserved_tck ; altera_reserved_tck ; 0.000        ; 0.034      ; 0.952      ;
; 0.834  ; sld_hub:auto_hub|sld_jtag_hub:\jtag_hub_gen:sld_jtag_hub_inst|clr_reg                            ; sld_hub:auto_hub|sld_jtag_hub:\jtag_hub_gen:sld_jtag_hub_inst|irf_reg[1][1]                                                        ; altera_reserved_tck ; altera_reserved_tck ; 0.000        ; 0.034      ; 0.952      ;
; 0.834  ; sld_hub:auto_hub|sld_jtag_hub:\jtag_hub_gen:sld_jtag_hub_inst|clr_reg                            ; sld_hub:auto_hub|sld_jtag_hub:\jtag_hub_gen:sld_jtag_hub_inst|shadow_irf_reg[1][0]                                                 ; altera_reserved_tck ; altera_reserved_tck ; 0.000        ; 0.034      ; 0.952      ;
; 0.834  ; sld_hub:auto_hub|sld_jtag_hub:\jtag_hub_gen:sld_jtag_hub_inst|clr_reg                            ; sld_hub:auto_hub|sld_jtag_hub:\jtag_hub_gen:sld_jtag_hub_inst|irf_reg[1][0]                                                        ; altera_reserved_tck ; altera_reserved_tck ; 0.000        ; 0.034      ; 0.952      ;
; 0.834  ; sld_hub:auto_hub|sld_jtag_hub:\jtag_hub_gen:sld_jtag_hub_inst|clr_reg                            ; sld_hub:auto_hub|sld_jtag_hub:\jtag_hub_gen:sld_jtag_hub_inst|shadow_irf_reg[1][4]                                                 ; altera_reserved_tck ; altera_reserved_tck ; 0.000        ; 0.034      ; 0.952      ;
; 0.834  ; sld_hub:auto_hub|sld_jtag_hub:\jtag_hub_gen:sld_jtag_hub_inst|clr_reg                            ; sld_hub:auto_hub|sld_jtag_hub:\jtag_hub_gen:sld_jtag_hub_inst|irf_reg[1][4]                                                        ; altera_reserved_tck ; altera_reserved_tck ; 0.000        ; 0.034      ; 0.952      ;
; 0.834  ; sld_hub:auto_hub|sld_jtag_hub:\jtag_hub_gen:sld_jtag_hub_inst|clr_reg                            ; sld_hub:auto_hub|sld_jtag_hub:\jtag_hub_gen:sld_jtag_hub_inst|shadow_irf_reg[1][3]                                                 ; altera_reserved_tck ; altera_reserved_tck ; 0.000        ; 0.034      ; 0.952      ;
; 0.834  ; sld_hub:auto_hub|sld_jtag_hub:\jtag_hub_gen:sld_jtag_hub_inst|clr_reg                            ; sld_hub:auto_hub|sld_jtag_hub:\jtag_hub_gen:sld_jtag_hub_inst|irf_reg[1][3]                                                        ; altera_reserved_tck ; altera_reserved_tck ; 0.000        ; 0.034      ; 0.952      ;
; 0.842  ; sld_hub:auto_hub|sld_jtag_hub:\jtag_hub_gen:sld_jtag_hub_inst|irf_reg[2][0]                      ; rom1:inst2|altsyncram:altsyncram_component|altsyncram_qlb1:auto_generated|sld_mod_ram_rom:mgl_prim2|ram_rom_addr_reg[1]            ; altera_reserved_tck ; altera_reserved_tck ; 0.000        ; 0.030      ; 0.956      ;
; 0.842  ; sld_hub:auto_hub|sld_jtag_hub:\jtag_hub_gen:sld_jtag_hub_inst|irf_reg[2][0]                      ; rom1:inst2|altsyncram:altsyncram_component|altsyncram_qlb1:auto_generated|sld_mod_ram_rom:mgl_prim2|ram_rom_addr_reg[0]            ; altera_reserved_tck ; altera_reserved_tck ; 0.000        ; 0.030      ; 0.956      ;
; 0.842  ; sld_hub:auto_hub|sld_jtag_hub:\jtag_hub_gen:sld_jtag_hub_inst|irf_reg[2][0]                      ; rom1:inst2|altsyncram:altsyncram_component|altsyncram_qlb1:auto_generated|sld_mod_ram_rom:mgl_prim2|ram_rom_addr_reg[7]            ; altera_reserved_tck ; altera_reserved_tck ; 0.000        ; 0.030      ; 0.956      ;
; 0.842  ; sld_hub:auto_hub|sld_jtag_hub:\jtag_hub_gen:sld_jtag_hub_inst|irf_reg[2][0]                      ; rom1:inst2|altsyncram:altsyncram_component|altsyncram_qlb1:auto_generated|sld_mod_ram_rom:mgl_prim2|ram_rom_addr_reg[6]            ; altera_reserved_tck ; altera_reserved_tck ; 0.000        ; 0.030      ; 0.956      ;
; 0.842  ; sld_hub:auto_hub|sld_jtag_hub:\jtag_hub_gen:sld_jtag_hub_inst|irf_reg[2][0]                      ; rom1:inst2|altsyncram:altsyncram_component|altsyncram_qlb1:auto_generated|sld_mod_ram_rom:mgl_prim2|ram_rom_addr_reg[5]            ; altera_reserved_tck ; altera_reserved_tck ; 0.000        ; 0.030      ; 0.956      ;
; 0.842  ; sld_hub:auto_hub|sld_jtag_hub:\jtag_hub_gen:sld_jtag_hub_inst|irf_reg[2][0]                      ; rom1:inst2|altsyncram:altsyncram_component|altsyncram_qlb1:auto_generated|sld_mod_ram_rom:mgl_prim2|ram_rom_addr_reg[4]            ; altera_reserved_tck ; altera_reserved_tck ; 0.000        ; 0.030      ; 0.956      ;
; 0.842  ; sld_hub:auto_hub|sld_jtag_hub:\jtag_hub_gen:sld_jtag_hub_inst|irf_reg[2][0]                      ; rom1:inst2|altsyncram:altsyncram_component|altsyncram_qlb1:auto_generated|sld_mod_ram_rom:mgl_prim2|ram_rom_addr_reg[3]            ; altera_reserved_tck ; altera_reserved_tck ; 0.000        ; 0.030      ; 0.956      ;
; 0.842  ; sld_hub:auto_hub|sld_jtag_hub:\jtag_hub_gen:sld_jtag_hub_inst|irf_reg[2][0]                      ; rom1:inst2|altsyncram:altsyncram_component|altsyncram_qlb1:auto_generated|sld_mod_ram_rom:mgl_prim2|ram_rom_addr_reg[2]            ; altera_reserved_tck ; altera_reserved_tck ; 0.000        ; 0.030      ; 0.956      ;
; 0.903  ; sld_hub:auto_hub|sld_jtag_hub:\jtag_hub_gen:sld_jtag_hub_inst|irf_reg[1][4]                      ; ram:inst15|altsyncram:altsyncram_component|altsyncram_oqj1:auto_generated|sld_mod_ram_rom:mgl_prim2|ir_loaded_address_reg[2]       ; altera_reserved_tck ; altera_reserved_tck ; 0.000        ; 0.047      ; 1.034      ;
; 0.903  ; sld_hub:auto_hub|sld_jtag_hub:\jtag_hub_gen:sld_jtag_hub_inst|irf_reg[1][4]                      ; ram:inst15|altsyncram:altsyncram_component|altsyncram_oqj1:auto_generated|sld_mod_ram_rom:mgl_prim2|ir_loaded_address_reg[3]       ; altera_reserved_tck ; altera_reserved_tck ; 0.000        ; 0.047      ; 1.034      ;
; 0.903  ; sld_hub:auto_hub|sld_jtag_hub:\jtag_hub_gen:sld_jtag_hub_inst|irf_reg[1][4]                      ; ram:inst15|altsyncram:altsyncram_component|altsyncram_oqj1:auto_generated|sld_mod_ram_rom:mgl_prim2|ir_loaded_address_reg[0]       ; altera_reserved_tck ; altera_reserved_tck ; 0.000        ; 0.047      ; 1.034      ;
; 0.903  ; sld_hub:auto_hub|sld_jtag_hub:\jtag_hub_gen:sld_jtag_hub_inst|irf_reg[1][4]                      ; ram:inst15|altsyncram:altsyncram_component|altsyncram_oqj1:auto_generated|sld_mod_ram_rom:mgl_prim2|ir_loaded_address_reg[1]       ; altera_reserved_tck ; altera_reserved_tck ; 0.000        ; 0.047      ; 1.034      ;
; 0.954  ; sld_hub:auto_hub|sld_jtag_hub:\jtag_hub_gen:sld_jtag_hub_inst|irf_reg[1][0]                      ; ram:inst15|altsyncram:altsyncram_component|altsyncram_oqj1:auto_generated|sld_mod_ram_rom:mgl_prim2|ir_loaded_address_reg[2]       ; altera_reserved_tck ; altera_reserved_tck ; 0.000        ; 0.047      ; 1.085      ;
; 0.954  ; sld_hub:auto_hub|sld_jtag_hub:\jtag_hub_gen:sld_jtag_hub_inst|irf_reg[1][0]                      ; ram:inst15|altsyncram:altsyncram_component|altsyncram_oqj1:auto_generated|sld_mod_ram_rom:mgl_prim2|ir_loaded_address_reg[3]       ; altera_reserved_tck ; altera_reserved_tck ; 0.000        ; 0.047      ; 1.085      ;
; 0.954  ; sld_hub:auto_hub|sld_jtag_hub:\jtag_hub_gen:sld_jtag_hub_inst|irf_reg[1][0]                      ; ram:inst15|altsyncram:altsyncram_component|altsyncram_oqj1:auto_generated|sld_mod_ram_rom:mgl_prim2|ir_loaded_address_reg[0]       ; altera_reserved_tck ; altera_reserved_tck ; 0.000        ; 0.047      ; 1.085      ;
; 0.954  ; sld_hub:auto_hub|sld_jtag_hub:\jtag_hub_gen:sld_jtag_hub_inst|irf_reg[1][0]                      ; ram:inst15|altsyncram:altsyncram_component|altsyncram_oqj1:auto_generated|sld_mod_ram_rom:mgl_prim2|ir_loaded_address_reg[1]       ; altera_reserved_tck ; altera_reserved_tck ; 0.000        ; 0.047      ; 1.085      ;
; 1.043  ; sld_hub:auto_hub|sld_jtag_hub:\jtag_hub_gen:sld_jtag_hub_inst|irf_reg[2][0]                      ; rom1:inst2|altsyncram:altsyncram_component|altsyncram_qlb1:auto_generated|sld_mod_ram_rom:mgl_prim2|ir_loaded_address_reg[2]       ; altera_reserved_tck ; altera_reserved_tck ; 0.000        ; 0.022      ; 1.149      ;
; 1.043  ; sld_hub:auto_hub|sld_jtag_hub:\jtag_hub_gen:sld_jtag_hub_inst|irf_reg[2][0]                      ; rom1:inst2|altsyncram:altsyncram_component|altsyncram_qlb1:auto_generated|sld_mod_ram_rom:mgl_prim2|ir_loaded_address_reg[3]       ; altera_reserved_tck ; altera_reserved_tck ; 0.000        ; 0.022      ; 1.149      ;
; 1.043  ; sld_hub:auto_hub|sld_jtag_hub:\jtag_hub_gen:sld_jtag_hub_inst|irf_reg[2][0]                      ; rom1:inst2|altsyncram:altsyncram_component|altsyncram_qlb1:auto_generated|sld_mod_ram_rom:mgl_prim2|ir_loaded_address_reg[0]       ; altera_reserved_tck ; altera_reserved_tck ; 0.000        ; 0.022      ; 1.149      ;
; 1.043  ; sld_hub:auto_hub|sld_jtag_hub:\jtag_hub_gen:sld_jtag_hub_inst|irf_reg[2][0]                      ; rom1:inst2|altsyncram:altsyncram_component|altsyncram_qlb1:auto_generated|sld_mod_ram_rom:mgl_prim2|ir_loaded_address_reg[1]       ; altera_reserved_tck ; altera_reserved_tck ; 0.000        ; 0.022      ; 1.149      ;
; 1.313  ; sld_hub:auto_hub|sld_jtag_hub:\jtag_hub_gen:sld_jtag_hub_inst|irf_reg[2][4]                      ; rom1:inst2|altsyncram:altsyncram_component|altsyncram_qlb1:auto_generated|sld_mod_ram_rom:mgl_prim2|ir_loaded_address_reg[2]       ; altera_reserved_tck ; altera_reserved_tck ; 0.000        ; 0.022      ; 1.419      ;
; 1.313  ; sld_hub:auto_hub|sld_jtag_hub:\jtag_hub_gen:sld_jtag_hub_inst|irf_reg[2][4]                      ; rom1:inst2|altsyncram:altsyncram_component|altsyncram_qlb1:auto_generated|sld_mod_ram_rom:mgl_prim2|ir_loaded_address_reg[3]       ; altera_reserved_tck ; altera_reserved_tck ; 0.000        ; 0.022      ; 1.419      ;
; 1.313  ; sld_hub:auto_hub|sld_jtag_hub:\jtag_hub_gen:sld_jtag_hub_inst|irf_reg[2][4]                      ; rom1:inst2|altsyncram:altsyncram_component|altsyncram_qlb1:auto_generated|sld_mod_ram_rom:mgl_prim2|ir_loaded_address_reg[0]       ; altera_reserved_tck ; altera_reserved_tck ; 0.000        ; 0.022      ; 1.419      ;
; 1.313  ; sld_hub:auto_hub|sld_jtag_hub:\jtag_hub_gen:sld_jtag_hub_inst|irf_reg[2][4]                      ; rom1:inst2|altsyncram:altsyncram_component|altsyncram_qlb1:auto_generated|sld_mod_ram_rom:mgl_prim2|ir_loaded_address_reg[1]       ; altera_reserved_tck ; altera_reserved_tck ; 0.000        ; 0.022      ; 1.419      ;
; 50.815 ; sld_hub:auto_hub|sld_jtag_hub:\jtag_hub_gen:sld_jtag_hub_inst|sld_shadow_jsm:shadow_jsm|state[8] ; sld_hub:auto_hub|sld_jtag_hub:\jtag_hub_gen:sld_jtag_hub_inst|tdo                                                                  ; altera_reserved_tck ; altera_reserved_tck ; -50.000      ; 0.362      ; 1.261      ;
+--------+--------------------------------------------------------------------------------------------------+------------------------------------------------------------------------------------------------------------------------------------+---------------------+---------------------+--------------+------------+------------+


+-----------------------------------------------------------------------------------------------------------------------------------------------------------------------------------------------------------------------------------------------------------------------+
; Fast 1200mV 0C Model Minimum Pulse Width: 'altera_reserved_tck'                                                                                                                                                                                                       ;
+--------+--------------+----------------+------------------+---------------------+------------+------------------------------------------------------------------------------------------------------------------------------------------------------------------------+
; Slack  ; Actual Width ; Required Width ; Type             ; Clock               ; Clock Edge ; Target                                                                                                                                                                 ;
+--------+--------------+----------------+------------------+---------------------+------------+------------------------------------------------------------------------------------------------------------------------------------------------------------------------+
; 49.454 ; 49.684       ; 0.230          ; Low Pulse Width  ; altera_reserved_tck ; Rise       ; ram:inst15|altsyncram:altsyncram_component|altsyncram_oqj1:auto_generated|altsyncram_m3a2:altsyncram1|ram_block3a0~portb_address_reg0                                  ;
; 49.454 ; 49.684       ; 0.230          ; Low Pulse Width  ; altera_reserved_tck ; Rise       ; ram:inst15|altsyncram:altsyncram_component|altsyncram_oqj1:auto_generated|altsyncram_m3a2:altsyncram1|ram_block3a0~portb_we_reg                                        ;
; 49.455 ; 49.685       ; 0.230          ; Low Pulse Width  ; altera_reserved_tck ; Rise       ; rom1:inst2|altsyncram:altsyncram_component|altsyncram_qlb1:auto_generated|altsyncram_67d2:altsyncram1|ram_block3a18~portb_address_reg0                                 ;
; 49.455 ; 49.685       ; 0.230          ; Low Pulse Width  ; altera_reserved_tck ; Rise       ; rom1:inst2|altsyncram:altsyncram_component|altsyncram_qlb1:auto_generated|altsyncram_67d2:altsyncram1|ram_block3a18~portb_we_reg                                       ;
; 49.456 ; 49.686       ; 0.230          ; Low Pulse Width  ; altera_reserved_tck ; Rise       ; ram:inst15|altsyncram:altsyncram_component|altsyncram_oqj1:auto_generated|altsyncram_m3a2:altsyncram1|ram_block3a0~portb_datain_reg0                                   ;
; 49.456 ; 49.686       ; 0.230          ; Low Pulse Width  ; altera_reserved_tck ; Rise       ; rom1:inst2|altsyncram:altsyncram_component|altsyncram_qlb1:auto_generated|altsyncram_67d2:altsyncram1|ram_block3a0~portb_address_reg0                                  ;
; 49.456 ; 49.686       ; 0.230          ; Low Pulse Width  ; altera_reserved_tck ; Rise       ; rom1:inst2|altsyncram:altsyncram_component|altsyncram_qlb1:auto_generated|altsyncram_67d2:altsyncram1|ram_block3a0~portb_we_reg                                        ;
; 49.457 ; 49.687       ; 0.230          ; Low Pulse Width  ; altera_reserved_tck ; Rise       ; rom1:inst2|altsyncram:altsyncram_component|altsyncram_qlb1:auto_generated|altsyncram_67d2:altsyncram1|ram_block3a18~portb_datain_reg0                                  ;
; 49.458 ; 49.688       ; 0.230          ; Low Pulse Width  ; altera_reserved_tck ; Rise       ; rom1:inst2|altsyncram:altsyncram_component|altsyncram_qlb1:auto_generated|altsyncram_67d2:altsyncram1|ram_block3a0~portb_datain_reg0                                   ;
; 49.470 ; 49.686       ; 0.216          ; High Pulse Width ; altera_reserved_tck ; Fall       ; sld_hub:auto_hub|sld_jtag_hub:\jtag_hub_gen:sld_jtag_hub_inst|tdo                                                                                                      ;
; 49.513 ; 49.697       ; 0.184          ; Low Pulse Width  ; altera_reserved_tck ; Rise       ; ram:inst15|altsyncram:altsyncram_component|altsyncram_oqj1:auto_generated|sld_mod_ram_rom:mgl_prim2|bypass_reg_out                                                     ;
; 49.513 ; 49.697       ; 0.184          ; Low Pulse Width  ; altera_reserved_tck ; Rise       ; ram:inst15|altsyncram:altsyncram_component|altsyncram_oqj1:auto_generated|sld_mod_ram_rom:mgl_prim2|is_in_use_reg                                                      ;
; 49.513 ; 49.697       ; 0.184          ; Low Pulse Width  ; altera_reserved_tck ; Rise       ; sld_hub:auto_hub|sld_jtag_hub:\jtag_hub_gen:sld_jtag_hub_inst|clr_reg                                                                                                  ;
; 49.513 ; 49.697       ; 0.184          ; Low Pulse Width  ; altera_reserved_tck ; Rise       ; sld_hub:auto_hub|sld_jtag_hub:\jtag_hub_gen:sld_jtag_hub_inst|hub_mode_reg[2]                                                                                          ;
; 49.513 ; 49.697       ; 0.184          ; Low Pulse Width  ; altera_reserved_tck ; Rise       ; sld_hub:auto_hub|sld_jtag_hub:\jtag_hub_gen:sld_jtag_hub_inst|node_ena[1]~reg0                                                                                         ;
; 49.513 ; 49.697       ; 0.184          ; Low Pulse Width  ; altera_reserved_tck ; Rise       ; sld_hub:auto_hub|sld_jtag_hub:\jtag_hub_gen:sld_jtag_hub_inst|node_ena[2]~reg0                                                                                         ;
; 49.513 ; 49.697       ; 0.184          ; Low Pulse Width  ; altera_reserved_tck ; Rise       ; sld_hub:auto_hub|sld_jtag_hub:\jtag_hub_gen:sld_jtag_hub_inst|sld_shadow_jsm:shadow_jsm|tms_cnt[0]                                                                     ;
; 49.513 ; 49.697       ; 0.184          ; Low Pulse Width  ; altera_reserved_tck ; Rise       ; sld_hub:auto_hub|sld_jtag_hub:\jtag_hub_gen:sld_jtag_hub_inst|sld_shadow_jsm:shadow_jsm|tms_cnt[1]                                                                     ;
; 49.513 ; 49.697       ; 0.184          ; Low Pulse Width  ; altera_reserved_tck ; Rise       ; sld_hub:auto_hub|sld_jtag_hub:\jtag_hub_gen:sld_jtag_hub_inst|sld_shadow_jsm:shadow_jsm|tms_cnt[2]                                                                     ;
; 49.513 ; 49.697       ; 0.184          ; Low Pulse Width  ; altera_reserved_tck ; Rise       ; sld_hub:auto_hub|sld_jtag_hub:\jtag_hub_gen:sld_jtag_hub_inst|tdo_bypass_reg                                                                                           ;
; 49.514 ; 49.698       ; 0.184          ; Low Pulse Width  ; altera_reserved_tck ; Rise       ; ram:inst15|altsyncram:altsyncram_component|altsyncram_oqj1:auto_generated|sld_mod_ram_rom:mgl_prim2|ir_loaded_address_reg[0]                                           ;
; 49.514 ; 49.698       ; 0.184          ; Low Pulse Width  ; altera_reserved_tck ; Rise       ; ram:inst15|altsyncram:altsyncram_component|altsyncram_oqj1:auto_generated|sld_mod_ram_rom:mgl_prim2|ir_loaded_address_reg[1]                                           ;
; 49.514 ; 49.698       ; 0.184          ; Low Pulse Width  ; altera_reserved_tck ; Rise       ; ram:inst15|altsyncram:altsyncram_component|altsyncram_oqj1:auto_generated|sld_mod_ram_rom:mgl_prim2|ir_loaded_address_reg[2]                                           ;
; 49.514 ; 49.698       ; 0.184          ; Low Pulse Width  ; altera_reserved_tck ; Rise       ; ram:inst15|altsyncram:altsyncram_component|altsyncram_oqj1:auto_generated|sld_mod_ram_rom:mgl_prim2|ir_loaded_address_reg[3]                                           ;
; 49.514 ; 49.698       ; 0.184          ; Low Pulse Width  ; altera_reserved_tck ; Rise       ; ram:inst15|altsyncram:altsyncram_component|altsyncram_oqj1:auto_generated|sld_mod_ram_rom:mgl_prim2|ram_rom_addr_reg[0]                                                ;
; 49.514 ; 49.698       ; 0.184          ; Low Pulse Width  ; altera_reserved_tck ; Rise       ; ram:inst15|altsyncram:altsyncram_component|altsyncram_oqj1:auto_generated|sld_mod_ram_rom:mgl_prim2|ram_rom_addr_reg[1]                                                ;
; 49.514 ; 49.698       ; 0.184          ; Low Pulse Width  ; altera_reserved_tck ; Rise       ; ram:inst15|altsyncram:altsyncram_component|altsyncram_oqj1:auto_generated|sld_mod_ram_rom:mgl_prim2|ram_rom_addr_reg[2]                                                ;
; 49.514 ; 49.698       ; 0.184          ; Low Pulse Width  ; altera_reserved_tck ; Rise       ; ram:inst15|altsyncram:altsyncram_component|altsyncram_oqj1:auto_generated|sld_mod_ram_rom:mgl_prim2|ram_rom_addr_reg[3]                                                ;
; 49.514 ; 49.698       ; 0.184          ; Low Pulse Width  ; altera_reserved_tck ; Rise       ; ram:inst15|altsyncram:altsyncram_component|altsyncram_oqj1:auto_generated|sld_mod_ram_rom:mgl_prim2|ram_rom_addr_reg[4]                                                ;
; 49.514 ; 49.698       ; 0.184          ; Low Pulse Width  ; altera_reserved_tck ; Rise       ; ram:inst15|altsyncram:altsyncram_component|altsyncram_oqj1:auto_generated|sld_mod_ram_rom:mgl_prim2|ram_rom_addr_reg[5]                                                ;
; 49.514 ; 49.698       ; 0.184          ; Low Pulse Width  ; altera_reserved_tck ; Rise       ; ram:inst15|altsyncram:altsyncram_component|altsyncram_oqj1:auto_generated|sld_mod_ram_rom:mgl_prim2|ram_rom_addr_reg[6]                                                ;
; 49.514 ; 49.698       ; 0.184          ; Low Pulse Width  ; altera_reserved_tck ; Rise       ; ram:inst15|altsyncram:altsyncram_component|altsyncram_oqj1:auto_generated|sld_mod_ram_rom:mgl_prim2|ram_rom_addr_reg[7]                                                ;
; 49.514 ; 49.698       ; 0.184          ; Low Pulse Width  ; altera_reserved_tck ; Rise       ; ram:inst15|altsyncram:altsyncram_component|altsyncram_oqj1:auto_generated|sld_mod_ram_rom:mgl_prim2|ram_rom_data_reg[0]                                                ;
; 49.514 ; 49.698       ; 0.184          ; Low Pulse Width  ; altera_reserved_tck ; Rise       ; ram:inst15|altsyncram:altsyncram_component|altsyncram_oqj1:auto_generated|sld_mod_ram_rom:mgl_prim2|ram_rom_data_reg[1]                                                ;
; 49.514 ; 49.698       ; 0.184          ; Low Pulse Width  ; altera_reserved_tck ; Rise       ; ram:inst15|altsyncram:altsyncram_component|altsyncram_oqj1:auto_generated|sld_mod_ram_rom:mgl_prim2|ram_rom_data_reg[2]                                                ;
; 49.514 ; 49.698       ; 0.184          ; Low Pulse Width  ; altera_reserved_tck ; Rise       ; ram:inst15|altsyncram:altsyncram_component|altsyncram_oqj1:auto_generated|sld_mod_ram_rom:mgl_prim2|ram_rom_data_reg[3]                                                ;
; 49.514 ; 49.698       ; 0.184          ; Low Pulse Width  ; altera_reserved_tck ; Rise       ; ram:inst15|altsyncram:altsyncram_component|altsyncram_oqj1:auto_generated|sld_mod_ram_rom:mgl_prim2|ram_rom_data_reg[4]                                                ;
; 49.514 ; 49.698       ; 0.184          ; Low Pulse Width  ; altera_reserved_tck ; Rise       ; ram:inst15|altsyncram:altsyncram_component|altsyncram_oqj1:auto_generated|sld_mod_ram_rom:mgl_prim2|ram_rom_data_reg[5]                                                ;
; 49.514 ; 49.698       ; 0.184          ; Low Pulse Width  ; altera_reserved_tck ; Rise       ; ram:inst15|altsyncram:altsyncram_component|altsyncram_oqj1:auto_generated|sld_mod_ram_rom:mgl_prim2|ram_rom_data_reg[6]                                                ;
; 49.514 ; 49.698       ; 0.184          ; Low Pulse Width  ; altera_reserved_tck ; Rise       ; ram:inst15|altsyncram:altsyncram_component|altsyncram_oqj1:auto_generated|sld_mod_ram_rom:mgl_prim2|ram_rom_data_reg[7]                                                ;
; 49.514 ; 49.698       ; 0.184          ; Low Pulse Width  ; altera_reserved_tck ; Rise       ; ram:inst15|altsyncram:altsyncram_component|altsyncram_oqj1:auto_generated|sld_mod_ram_rom:mgl_prim2|ram_rom_data_shift_cntr_reg[0]                                     ;
; 49.514 ; 49.698       ; 0.184          ; Low Pulse Width  ; altera_reserved_tck ; Rise       ; ram:inst15|altsyncram:altsyncram_component|altsyncram_oqj1:auto_generated|sld_mod_ram_rom:mgl_prim2|ram_rom_data_shift_cntr_reg[1]                                     ;
; 49.514 ; 49.698       ; 0.184          ; Low Pulse Width  ; altera_reserved_tck ; Rise       ; ram:inst15|altsyncram:altsyncram_component|altsyncram_oqj1:auto_generated|sld_mod_ram_rom:mgl_prim2|ram_rom_data_shift_cntr_reg[2]                                     ;
; 49.514 ; 49.698       ; 0.184          ; Low Pulse Width  ; altera_reserved_tck ; Rise       ; ram:inst15|altsyncram:altsyncram_component|altsyncram_oqj1:auto_generated|sld_mod_ram_rom:mgl_prim2|sld_rom_sr:\ram_rom_logic_gen:name_gen:info_rom_sr|WORD_SR[0]      ;
; 49.514 ; 49.698       ; 0.184          ; Low Pulse Width  ; altera_reserved_tck ; Rise       ; ram:inst15|altsyncram:altsyncram_component|altsyncram_oqj1:auto_generated|sld_mod_ram_rom:mgl_prim2|sld_rom_sr:\ram_rom_logic_gen:name_gen:info_rom_sr|WORD_SR[1]      ;
; 49.514 ; 49.698       ; 0.184          ; Low Pulse Width  ; altera_reserved_tck ; Rise       ; ram:inst15|altsyncram:altsyncram_component|altsyncram_oqj1:auto_generated|sld_mod_ram_rom:mgl_prim2|sld_rom_sr:\ram_rom_logic_gen:name_gen:info_rom_sr|WORD_SR[2]      ;
; 49.514 ; 49.698       ; 0.184          ; Low Pulse Width  ; altera_reserved_tck ; Rise       ; ram:inst15|altsyncram:altsyncram_component|altsyncram_oqj1:auto_generated|sld_mod_ram_rom:mgl_prim2|sld_rom_sr:\ram_rom_logic_gen:name_gen:info_rom_sr|WORD_SR[3]      ;
; 49.514 ; 49.698       ; 0.184          ; Low Pulse Width  ; altera_reserved_tck ; Rise       ; rom1:inst2|altsyncram:altsyncram_component|altsyncram_qlb1:auto_generated|sld_mod_ram_rom:mgl_prim2|ir_loaded_address_reg[0]                                           ;
; 49.514 ; 49.698       ; 0.184          ; Low Pulse Width  ; altera_reserved_tck ; Rise       ; rom1:inst2|altsyncram:altsyncram_component|altsyncram_qlb1:auto_generated|sld_mod_ram_rom:mgl_prim2|ir_loaded_address_reg[1]                                           ;
; 49.514 ; 49.698       ; 0.184          ; Low Pulse Width  ; altera_reserved_tck ; Rise       ; rom1:inst2|altsyncram:altsyncram_component|altsyncram_qlb1:auto_generated|sld_mod_ram_rom:mgl_prim2|ir_loaded_address_reg[2]                                           ;
; 49.514 ; 49.698       ; 0.184          ; Low Pulse Width  ; altera_reserved_tck ; Rise       ; rom1:inst2|altsyncram:altsyncram_component|altsyncram_qlb1:auto_generated|sld_mod_ram_rom:mgl_prim2|ir_loaded_address_reg[3]                                           ;
; 49.514 ; 49.698       ; 0.184          ; Low Pulse Width  ; altera_reserved_tck ; Rise       ; rom1:inst2|altsyncram:altsyncram_component|altsyncram_qlb1:auto_generated|sld_mod_ram_rom:mgl_prim2|sld_rom_sr:\ram_rom_logic_gen:name_gen:info_rom_sr|WORD_SR[0]      ;
; 49.514 ; 49.698       ; 0.184          ; Low Pulse Width  ; altera_reserved_tck ; Rise       ; rom1:inst2|altsyncram:altsyncram_component|altsyncram_qlb1:auto_generated|sld_mod_ram_rom:mgl_prim2|sld_rom_sr:\ram_rom_logic_gen:name_gen:info_rom_sr|WORD_SR[1]      ;
; 49.514 ; 49.698       ; 0.184          ; Low Pulse Width  ; altera_reserved_tck ; Rise       ; rom1:inst2|altsyncram:altsyncram_component|altsyncram_qlb1:auto_generated|sld_mod_ram_rom:mgl_prim2|sld_rom_sr:\ram_rom_logic_gen:name_gen:info_rom_sr|WORD_SR[2]      ;
; 49.514 ; 49.698       ; 0.184          ; Low Pulse Width  ; altera_reserved_tck ; Rise       ; rom1:inst2|altsyncram:altsyncram_component|altsyncram_qlb1:auto_generated|sld_mod_ram_rom:mgl_prim2|sld_rom_sr:\ram_rom_logic_gen:name_gen:info_rom_sr|WORD_SR[3]      ;
; 49.514 ; 49.698       ; 0.184          ; Low Pulse Width  ; altera_reserved_tck ; Rise       ; rom1:inst2|altsyncram:altsyncram_component|altsyncram_qlb1:auto_generated|sld_mod_ram_rom:mgl_prim2|sld_rom_sr:\ram_rom_logic_gen:name_gen:info_rom_sr|word_counter[0] ;
; 49.514 ; 49.698       ; 0.184          ; Low Pulse Width  ; altera_reserved_tck ; Rise       ; rom1:inst2|altsyncram:altsyncram_component|altsyncram_qlb1:auto_generated|sld_mod_ram_rom:mgl_prim2|sld_rom_sr:\ram_rom_logic_gen:name_gen:info_rom_sr|word_counter[1] ;
; 49.514 ; 49.698       ; 0.184          ; Low Pulse Width  ; altera_reserved_tck ; Rise       ; rom1:inst2|altsyncram:altsyncram_component|altsyncram_qlb1:auto_generated|sld_mod_ram_rom:mgl_prim2|sld_rom_sr:\ram_rom_logic_gen:name_gen:info_rom_sr|word_counter[2] ;
; 49.514 ; 49.698       ; 0.184          ; Low Pulse Width  ; altera_reserved_tck ; Rise       ; rom1:inst2|altsyncram:altsyncram_component|altsyncram_qlb1:auto_generated|sld_mod_ram_rom:mgl_prim2|sld_rom_sr:\ram_rom_logic_gen:name_gen:info_rom_sr|word_counter[3] ;
; 49.514 ; 49.698       ; 0.184          ; Low Pulse Width  ; altera_reserved_tck ; Rise       ; rom1:inst2|altsyncram:altsyncram_component|altsyncram_qlb1:auto_generated|sld_mod_ram_rom:mgl_prim2|sld_rom_sr:\ram_rom_logic_gen:name_gen:info_rom_sr|word_counter[4] ;
; 49.514 ; 49.698       ; 0.184          ; Low Pulse Width  ; altera_reserved_tck ; Rise       ; sld_hub:auto_hub|sld_jtag_hub:\jtag_hub_gen:sld_jtag_hub_inst|design_hash_reg[0]                                                                                       ;
; 49.514 ; 49.698       ; 0.184          ; Low Pulse Width  ; altera_reserved_tck ; Rise       ; sld_hub:auto_hub|sld_jtag_hub:\jtag_hub_gen:sld_jtag_hub_inst|design_hash_reg[1]                                                                                       ;
; 49.514 ; 49.698       ; 0.184          ; Low Pulse Width  ; altera_reserved_tck ; Rise       ; sld_hub:auto_hub|sld_jtag_hub:\jtag_hub_gen:sld_jtag_hub_inst|design_hash_reg[2]                                                                                       ;
; 49.514 ; 49.698       ; 0.184          ; Low Pulse Width  ; altera_reserved_tck ; Rise       ; sld_hub:auto_hub|sld_jtag_hub:\jtag_hub_gen:sld_jtag_hub_inst|design_hash_reg[3]                                                                                       ;
; 49.514 ; 49.698       ; 0.184          ; Low Pulse Width  ; altera_reserved_tck ; Rise       ; sld_hub:auto_hub|sld_jtag_hub:\jtag_hub_gen:sld_jtag_hub_inst|hub_minor_ver_reg[0]                                                                                     ;
; 49.514 ; 49.698       ; 0.184          ; Low Pulse Width  ; altera_reserved_tck ; Rise       ; sld_hub:auto_hub|sld_jtag_hub:\jtag_hub_gen:sld_jtag_hub_inst|hub_minor_ver_reg[1]                                                                                     ;
; 49.514 ; 49.698       ; 0.184          ; Low Pulse Width  ; altera_reserved_tck ; Rise       ; sld_hub:auto_hub|sld_jtag_hub:\jtag_hub_gen:sld_jtag_hub_inst|hub_minor_ver_reg[2]                                                                                     ;
; 49.514 ; 49.698       ; 0.184          ; Low Pulse Width  ; altera_reserved_tck ; Rise       ; sld_hub:auto_hub|sld_jtag_hub:\jtag_hub_gen:sld_jtag_hub_inst|hub_minor_ver_reg[3]                                                                                     ;
; 49.514 ; 49.698       ; 0.184          ; Low Pulse Width  ; altera_reserved_tck ; Rise       ; sld_hub:auto_hub|sld_jtag_hub:\jtag_hub_gen:sld_jtag_hub_inst|hub_mode_reg[0]                                                                                          ;
; 49.514 ; 49.698       ; 0.184          ; Low Pulse Width  ; altera_reserved_tck ; Rise       ; sld_hub:auto_hub|sld_jtag_hub:\jtag_hub_gen:sld_jtag_hub_inst|hub_mode_reg[1]                                                                                          ;
; 49.514 ; 49.698       ; 0.184          ; Low Pulse Width  ; altera_reserved_tck ; Rise       ; sld_hub:auto_hub|sld_jtag_hub:\jtag_hub_gen:sld_jtag_hub_inst|identity_contrib_shift_reg[0]                                                                            ;
; 49.514 ; 49.698       ; 0.184          ; Low Pulse Width  ; altera_reserved_tck ; Rise       ; sld_hub:auto_hub|sld_jtag_hub:\jtag_hub_gen:sld_jtag_hub_inst|identity_contrib_shift_reg[1]                                                                            ;
; 49.514 ; 49.698       ; 0.184          ; Low Pulse Width  ; altera_reserved_tck ; Rise       ; sld_hub:auto_hub|sld_jtag_hub:\jtag_hub_gen:sld_jtag_hub_inst|identity_contrib_shift_reg[2]                                                                            ;
; 49.514 ; 49.698       ; 0.184          ; Low Pulse Width  ; altera_reserved_tck ; Rise       ; sld_hub:auto_hub|sld_jtag_hub:\jtag_hub_gen:sld_jtag_hub_inst|identity_contrib_shift_reg[3]                                                                            ;
; 49.514 ; 49.698       ; 0.184          ; Low Pulse Width  ; altera_reserved_tck ; Rise       ; sld_hub:auto_hub|sld_jtag_hub:\jtag_hub_gen:sld_jtag_hub_inst|identity_contrib_update_reg[0]                                                                           ;
; 49.514 ; 49.698       ; 0.184          ; Low Pulse Width  ; altera_reserved_tck ; Rise       ; sld_hub:auto_hub|sld_jtag_hub:\jtag_hub_gen:sld_jtag_hub_inst|identity_contrib_update_reg[1]                                                                           ;
; 49.514 ; 49.698       ; 0.184          ; Low Pulse Width  ; altera_reserved_tck ; Rise       ; sld_hub:auto_hub|sld_jtag_hub:\jtag_hub_gen:sld_jtag_hub_inst|identity_contrib_update_reg[2]                                                                           ;
; 49.514 ; 49.698       ; 0.184          ; Low Pulse Width  ; altera_reserved_tck ; Rise       ; sld_hub:auto_hub|sld_jtag_hub:\jtag_hub_gen:sld_jtag_hub_inst|identity_contrib_update_reg[3]                                                                           ;
; 49.514 ; 49.698       ; 0.184          ; Low Pulse Width  ; altera_reserved_tck ; Rise       ; sld_hub:auto_hub|sld_jtag_hub:\jtag_hub_gen:sld_jtag_hub_inst|irf_reg[1][0]                                                                                            ;
; 49.514 ; 49.698       ; 0.184          ; Low Pulse Width  ; altera_reserved_tck ; Rise       ; sld_hub:auto_hub|sld_jtag_hub:\jtag_hub_gen:sld_jtag_hub_inst|irf_reg[1][1]                                                                                            ;
; 49.514 ; 49.698       ; 0.184          ; Low Pulse Width  ; altera_reserved_tck ; Rise       ; sld_hub:auto_hub|sld_jtag_hub:\jtag_hub_gen:sld_jtag_hub_inst|irf_reg[1][2]                                                                                            ;
; 49.514 ; 49.698       ; 0.184          ; Low Pulse Width  ; altera_reserved_tck ; Rise       ; sld_hub:auto_hub|sld_jtag_hub:\jtag_hub_gen:sld_jtag_hub_inst|irf_reg[1][3]                                                                                            ;
; 49.514 ; 49.698       ; 0.184          ; Low Pulse Width  ; altera_reserved_tck ; Rise       ; sld_hub:auto_hub|sld_jtag_hub:\jtag_hub_gen:sld_jtag_hub_inst|irf_reg[1][4]                                                                                            ;
; 49.514 ; 49.698       ; 0.184          ; Low Pulse Width  ; altera_reserved_tck ; Rise       ; sld_hub:auto_hub|sld_jtag_hub:\jtag_hub_gen:sld_jtag_hub_inst|irf_reg[2][0]                                                                                            ;
; 49.514 ; 49.698       ; 0.184          ; Low Pulse Width  ; altera_reserved_tck ; Rise       ; sld_hub:auto_hub|sld_jtag_hub:\jtag_hub_gen:sld_jtag_hub_inst|irf_reg[2][1]                                                                                            ;
; 49.514 ; 49.698       ; 0.184          ; Low Pulse Width  ; altera_reserved_tck ; Rise       ; sld_hub:auto_hub|sld_jtag_hub:\jtag_hub_gen:sld_jtag_hub_inst|irf_reg[2][2]                                                                                            ;
; 49.514 ; 49.698       ; 0.184          ; Low Pulse Width  ; altera_reserved_tck ; Rise       ; sld_hub:auto_hub|sld_jtag_hub:\jtag_hub_gen:sld_jtag_hub_inst|irf_reg[2][3]                                                                                            ;
; 49.514 ; 49.698       ; 0.184          ; Low Pulse Width  ; altera_reserved_tck ; Rise       ; sld_hub:auto_hub|sld_jtag_hub:\jtag_hub_gen:sld_jtag_hub_inst|irf_reg[2][4]                                                                                            ;
; 49.514 ; 49.698       ; 0.184          ; Low Pulse Width  ; altera_reserved_tck ; Rise       ; sld_hub:auto_hub|sld_jtag_hub:\jtag_hub_gen:sld_jtag_hub_inst|irsr_reg[0]                                                                                              ;
; 49.514 ; 49.698       ; 0.184          ; Low Pulse Width  ; altera_reserved_tck ; Rise       ; sld_hub:auto_hub|sld_jtag_hub:\jtag_hub_gen:sld_jtag_hub_inst|irsr_reg[1]                                                                                              ;
; 49.514 ; 49.698       ; 0.184          ; Low Pulse Width  ; altera_reserved_tck ; Rise       ; sld_hub:auto_hub|sld_jtag_hub:\jtag_hub_gen:sld_jtag_hub_inst|irsr_reg[2]                                                                                              ;
; 49.514 ; 49.698       ; 0.184          ; Low Pulse Width  ; altera_reserved_tck ; Rise       ; sld_hub:auto_hub|sld_jtag_hub:\jtag_hub_gen:sld_jtag_hub_inst|irsr_reg[3]                                                                                              ;
; 49.514 ; 49.698       ; 0.184          ; Low Pulse Width  ; altera_reserved_tck ; Rise       ; sld_hub:auto_hub|sld_jtag_hub:\jtag_hub_gen:sld_jtag_hub_inst|irsr_reg[4]                                                                                              ;
; 49.514 ; 49.698       ; 0.184          ; Low Pulse Width  ; altera_reserved_tck ; Rise       ; sld_hub:auto_hub|sld_jtag_hub:\jtag_hub_gen:sld_jtag_hub_inst|irsr_reg[5]                                                                                              ;
; 49.514 ; 49.698       ; 0.184          ; Low Pulse Width  ; altera_reserved_tck ; Rise       ; sld_hub:auto_hub|sld_jtag_hub:\jtag_hub_gen:sld_jtag_hub_inst|irsr_reg[6]                                                                                              ;
; 49.514 ; 49.698       ; 0.184          ; Low Pulse Width  ; altera_reserved_tck ; Rise       ; sld_hub:auto_hub|sld_jtag_hub:\jtag_hub_gen:sld_jtag_hub_inst|jtag_ir_reg[0]                                                                                           ;
; 49.514 ; 49.698       ; 0.184          ; Low Pulse Width  ; altera_reserved_tck ; Rise       ; sld_hub:auto_hub|sld_jtag_hub:\jtag_hub_gen:sld_jtag_hub_inst|jtag_ir_reg[1]                                                                                           ;
; 49.514 ; 49.698       ; 0.184          ; Low Pulse Width  ; altera_reserved_tck ; Rise       ; sld_hub:auto_hub|sld_jtag_hub:\jtag_hub_gen:sld_jtag_hub_inst|jtag_ir_reg[2]                                                                                           ;
; 49.514 ; 49.698       ; 0.184          ; Low Pulse Width  ; altera_reserved_tck ; Rise       ; sld_hub:auto_hub|sld_jtag_hub:\jtag_hub_gen:sld_jtag_hub_inst|jtag_ir_reg[3]                                                                                           ;
; 49.514 ; 49.698       ; 0.184          ; Low Pulse Width  ; altera_reserved_tck ; Rise       ; sld_hub:auto_hub|sld_jtag_hub:\jtag_hub_gen:sld_jtag_hub_inst|jtag_ir_reg[4]                                                                                           ;
+--------+--------------+----------------+------------------+---------------------+------------+------------------------------------------------------------------------------------------------------------------------------------------------------------------------+


+----------------------------------------------------------------------------------------------+
; Setup Times                                                                                  ;
+---------------------+---------------------+-------+-------+------------+---------------------+
; Data Port           ; Clock Port          ; Rise  ; Fall  ; Clock Edge ; Clock Reference     ;
+---------------------+---------------------+-------+-------+------------+---------------------+
; altera_reserved_tdi ; altera_reserved_tck ; 1.405 ; 1.561 ; Rise       ; altera_reserved_tck ;
; altera_reserved_tms ; altera_reserved_tck ; 3.230 ; 3.547 ; Rise       ; altera_reserved_tck ;
+---------------------+---------------------+-------+-------+------------+---------------------+


+------------------------------------------------------------------------------------------------+
; Hold Times                                                                                     ;
+---------------------+---------------------+--------+--------+------------+---------------------+
; Data Port           ; Clock Port          ; Rise   ; Fall   ; Clock Edge ; Clock Reference     ;
+---------------------+---------------------+--------+--------+------------+---------------------+
; altera_reserved_tdi ; altera_reserved_tck ; 0.404  ; 0.136  ; Rise       ; altera_reserved_tck ;
; altera_reserved_tms ; altera_reserved_tck ; -0.280 ; -0.559 ; Rise       ; altera_reserved_tck ;
+---------------------+---------------------+--------+--------+------------+---------------------+


+----------------------------------------------------------------------------------------------+
; Clock to Output Times                                                                        ;
+---------------------+---------------------+-------+-------+------------+---------------------+
; Data Port           ; Clock Port          ; Rise  ; Fall  ; Clock Edge ; Clock Reference     ;
+---------------------+---------------------+-------+-------+------------+---------------------+
; altera_reserved_tdo ; altera_reserved_tck ; 6.540 ; 7.058 ; Fall       ; altera_reserved_tck ;
+---------------------+---------------------+-------+-------+------------+---------------------+


+----------------------------------------------------------------------------------------------+
; Minimum Clock to Output Times                                                                ;
+---------------------+---------------------+-------+-------+------------+---------------------+
; Data Port           ; Clock Port          ; Rise  ; Fall  ; Clock Edge ; Clock Reference     ;
+---------------------+---------------------+-------+-------+------------+---------------------+
; altera_reserved_tdo ; altera_reserved_tck ; 5.354 ; 5.870 ; Fall       ; altera_reserved_tck ;
+---------------------+---------------------+-------+-------+------------+---------------------+


---------------------------------------------
; Fast 1200mV 0C Model Metastability Report ;
---------------------------------------------
No synchronizer chains to report.


+----------------------------------------------------------------------------------+
; Multicorner Timing Analysis Summary                                              ;
+----------------------+--------+-------+----------+---------+---------------------+
; Clock                ; Setup  ; Hold  ; Recovery ; Removal ; Minimum Pulse Width ;
+----------------------+--------+-------+----------+---------+---------------------+
; Worst-case Slack     ; 44.998 ; 0.182 ; 47.102   ; 0.566   ; 49.292              ;
;  altera_reserved_tck ; 44.998 ; 0.182 ; 47.102   ; 0.566   ; 49.292              ;
; Design-wide TNS      ; 0.0    ; 0.0   ; 0.0      ; 0.0     ; 0.0                 ;
;  altera_reserved_tck ; 0.000  ; 0.000 ; 0.000    ; 0.000   ; 0.000               ;
+----------------------+--------+-------+----------+---------+---------------------+


+----------------------------------------------------------------------------------------------+
; Setup Times                                                                                  ;
+---------------------+---------------------+-------+-------+------------+---------------------+
; Data Port           ; Clock Port          ; Rise  ; Fall  ; Clock Edge ; Clock Reference     ;
+---------------------+---------------------+-------+-------+------------+---------------------+
; altera_reserved_tdi ; altera_reserved_tck ; 3.190 ; 3.730 ; Rise       ; altera_reserved_tck ;
; altera_reserved_tms ; altera_reserved_tck ; 8.162 ; 8.309 ; Rise       ; altera_reserved_tck ;
+---------------------+---------------------+-------+-------+------------+---------------------+


+------------------------------------------------------------------------------------------------+
; Hold Times                                                                                     ;
+---------------------+---------------------+--------+--------+------------+---------------------+
; Data Port           ; Clock Port          ; Rise   ; Fall   ; Clock Edge ; Clock Reference     ;
+---------------------+---------------------+--------+--------+------------+---------------------+
; altera_reserved_tdi ; altera_reserved_tck ; 0.545  ; 0.326  ; Rise       ; altera_reserved_tck ;
; altera_reserved_tms ; altera_reserved_tck ; -0.280 ; -0.559 ; Rise       ; altera_reserved_tck ;
+---------------------+---------------------+--------+--------+------------+---------------------+


+------------------------------------------------------------------------------------------------+
; Clock to Output Times                                                                          ;
+---------------------+---------------------+--------+--------+------------+---------------------+
; Data Port           ; Clock Port          ; Rise   ; Fall   ; Clock Edge ; Clock Reference     ;
+---------------------+---------------------+--------+--------+------------+---------------------+
; altera_reserved_tdo ; altera_reserved_tck ; 13.670 ; 14.197 ; Fall       ; altera_reserved_tck ;
+---------------------+---------------------+--------+--------+------------+---------------------+


+----------------------------------------------------------------------------------------------+
; Minimum Clock to Output Times                                                                ;
+---------------------+---------------------+-------+-------+------------+---------------------+
; Data Port           ; Clock Port          ; Rise  ; Fall  ; Clock Edge ; Clock Reference     ;
+---------------------+---------------------+-------+-------+------------+---------------------+
; altera_reserved_tdo ; altera_reserved_tck ; 5.354 ; 5.870 ; Fall       ; altera_reserved_tck ;
+---------------------+---------------------+-------+-------+------------+---------------------+


+------------------------------------------------------------------------------------------------------------------------------------------------------------------------------------------------------------------------------------------------------------------------------------------------------------------------------------------------------------------------------------------------------------------------+
; Board Trace Model Assignments                                                                                                                                                                                                                                                                                                                                                                                          ;
+---------------------+--------------+-------------------+-------------------------+-------------------------+---------------+---------------------+----------------+------------------+--------+------------------+------------------------+------------------------+--------------+---------------+-----------------+-------+---------------------+--------------------+---------------+-----------------+-------------+
; Pin                 ; I/O Standard ; Near Tline Length ; Near Tline L per Length ; Near Tline C per Length ; Near Series R ; Near Differential R ; Near Pull-up R ; Near Pull-down R ; Near C ; Far Tline Length ; Far Tline L per Length ; Far Tline C per Length ; Far Series R ; Far Pull-up R ; Far Pull-down R ; Far C ; Termination Voltage ; Far Differential R ; EBD File Name ; EBD Signal Name ; EBD Far-end ;
+---------------------+--------------+-------------------+-------------------------+-------------------------+---------------+---------------------+----------------+------------------+--------+------------------+------------------------+------------------------+--------------+---------------+-----------------+-------+---------------------+--------------------+---------------+-----------------+-------------+
; aa[7]               ; 2.5 V        ; 0 in              ; 0 H/in                  ; 0 F/in                  ; short         ; -                   ; open           ; open             ; open   ; 0 in             ; 0 H/in                 ; 0 F/in                 ; short        ; open          ; open            ; open  ; 0 V                 ; -                  ; n/a           ; n/a             ; n/a         ;
; aa[6]               ; 2.5 V        ; 0 in              ; 0 H/in                  ; 0 F/in                  ; short         ; -                   ; open           ; open             ; open   ; 0 in             ; 0 H/in                 ; 0 F/in                 ; short        ; open          ; open            ; open  ; 0 V                 ; -                  ; n/a           ; n/a             ; n/a         ;
; aa[5]               ; 2.5 V        ; 0 in              ; 0 H/in                  ; 0 F/in                  ; short         ; -                   ; open           ; open             ; open   ; 0 in             ; 0 H/in                 ; 0 F/in                 ; short        ; open          ; open            ; open  ; 0 V                 ; -                  ; n/a           ; n/a             ; n/a         ;
; aa[4]               ; 2.5 V        ; 0 in              ; 0 H/in                  ; 0 F/in                  ; short         ; -                   ; open           ; open             ; open   ; 0 in             ; 0 H/in                 ; 0 F/in                 ; short        ; open          ; open            ; open  ; 0 V                 ; -                  ; n/a           ; n/a             ; n/a         ;
; aa[3]               ; 2.5 V        ; 0 in              ; 0 H/in                  ; 0 F/in                  ; short         ; -                   ; open           ; open             ; open   ; 0 in             ; 0 H/in                 ; 0 F/in                 ; short        ; open          ; open            ; open  ; 0 V                 ; -                  ; n/a           ; n/a             ; n/a         ;
; aa[2]               ; 2.5 V        ; 0 in              ; 0 H/in                  ; 0 F/in                  ; short         ; -                   ; open           ; open             ; open   ; 0 in             ; 0 H/in                 ; 0 F/in                 ; short        ; open          ; open            ; open  ; 0 V                 ; -                  ; n/a           ; n/a             ; n/a         ;
; aa[1]               ; 2.5 V        ; 0 in              ; 0 H/in                  ; 0 F/in                  ; short         ; -                   ; open           ; open             ; open   ; 0 in             ; 0 H/in                 ; 0 F/in                 ; short        ; open          ; open            ; open  ; 0 V                 ; -                  ; n/a           ; n/a             ; n/a         ;
; aa[0]               ; 2.5 V        ; 0 in              ; 0 H/in                  ; 0 F/in                  ; short         ; -                   ; open           ; open             ; open   ; 0 in             ; 0 H/in                 ; 0 F/in                 ; short        ; open          ; open            ; open  ; 0 V                 ; -                  ; n/a           ; n/a             ; n/a         ;
; rr[7]               ; 2.5 V        ; 0 in              ; 0 H/in                  ; 0 F/in                  ; short         ; -                   ; open           ; open             ; open   ; 0 in             ; 0 H/in                 ; 0 F/in                 ; short        ; open          ; open            ; open  ; 0 V                 ; -                  ; n/a           ; n/a             ; n/a         ;
; rr[6]               ; 2.5 V        ; 0 in              ; 0 H/in                  ; 0 F/in                  ; short         ; -                   ; open           ; open             ; open   ; 0 in             ; 0 H/in                 ; 0 F/in                 ; short        ; open          ; open            ; open  ; 0 V                 ; -                  ; n/a           ; n/a             ; n/a         ;
; rr[5]               ; 2.5 V        ; 0 in              ; 0 H/in                  ; 0 F/in                  ; short         ; -                   ; open           ; open             ; open   ; 0 in             ; 0 H/in                 ; 0 F/in                 ; short        ; open          ; open            ; open  ; 0 V                 ; -                  ; n/a           ; n/a             ; n/a         ;
; rr[4]               ; 2.5 V        ; 0 in              ; 0 H/in                  ; 0 F/in                  ; short         ; -                   ; open           ; open             ; open   ; 0 in             ; 0 H/in                 ; 0 F/in                 ; short        ; open          ; open            ; open  ; 0 V                 ; -                  ; n/a           ; n/a             ; n/a         ;
; rr[3]               ; 2.5 V        ; 0 in              ; 0 H/in                  ; 0 F/in                  ; short         ; -                   ; open           ; open             ; open   ; 0 in             ; 0 H/in                 ; 0 F/in                 ; short        ; open          ; open            ; open  ; 0 V                 ; -                  ; n/a           ; n/a             ; n/a         ;
; rr[2]               ; 2.5 V        ; 0 in              ; 0 H/in                  ; 0 F/in                  ; short         ; -                   ; open           ; open             ; open   ; 0 in             ; 0 H/in                 ; 0 F/in                 ; short        ; open          ; open            ; open  ; 0 V                 ; -                  ; n/a           ; n/a             ; n/a         ;
; rr[1]               ; 2.5 V        ; 0 in              ; 0 H/in                  ; 0 F/in                  ; short         ; -                   ; open           ; open             ; open   ; 0 in             ; 0 H/in                 ; 0 F/in                 ; short        ; open          ; open            ; open  ; 0 V                 ; -                  ; n/a           ; n/a             ; n/a         ;
; rr[0]               ; 2.5 V        ; 0 in              ; 0 H/in                  ; 0 F/in                  ; short         ; -                   ; open           ; open             ; open   ; 0 in             ; 0 H/in                 ; 0 F/in                 ; short        ; open          ; open            ; open  ; 0 V                 ; -                  ; n/a           ; n/a             ; n/a         ;
; test[7]             ; 2.5 V        ; 0 in              ; 0 H/in                  ; 0 F/in                  ; short         ; -                   ; open           ; open             ; open   ; 0 in             ; 0 H/in                 ; 0 F/in                 ; short        ; open          ; open            ; open  ; 0 V                 ; -                  ; n/a           ; n/a             ; n/a         ;
; test[6]             ; 2.5 V        ; 0 in              ; 0 H/in                  ; 0 F/in                  ; short         ; -                   ; open           ; open             ; open   ; 0 in             ; 0 H/in                 ; 0 F/in                 ; short        ; open          ; open            ; open  ; 0 V                 ; -                  ; n/a           ; n/a             ; n/a         ;
; test[5]             ; 2.5 V        ; 0 in              ; 0 H/in                  ; 0 F/in                  ; short         ; -                   ; open           ; open             ; open   ; 0 in             ; 0 H/in                 ; 0 F/in                 ; short        ; open          ; open            ; open  ; 0 V                 ; -                  ; n/a           ; n/a             ; n/a         ;
; test[4]             ; 2.5 V        ; 0 in              ; 0 H/in                  ; 0 F/in                  ; short         ; -                   ; open           ; open             ; open   ; 0 in             ; 0 H/in                 ; 0 F/in                 ; short        ; open          ; open            ; open  ; 0 V                 ; -                  ; n/a           ; n/a             ; n/a         ;
; test[3]             ; 2.5 V        ; 0 in              ; 0 H/in                  ; 0 F/in                  ; short         ; -                   ; open           ; open             ; open   ; 0 in             ; 0 H/in                 ; 0 F/in                 ; short        ; open          ; open            ; open  ; 0 V                 ; -                  ; n/a           ; n/a             ; n/a         ;
; test[2]             ; 2.5 V        ; 0 in              ; 0 H/in                  ; 0 F/in                  ; short         ; -                   ; open           ; open             ; open   ; 0 in             ; 0 H/in                 ; 0 F/in                 ; short        ; open          ; open            ; open  ; 0 V                 ; -                  ; n/a           ; n/a             ; n/a         ;
; test[1]             ; 2.5 V        ; 0 in              ; 0 H/in                  ; 0 F/in                  ; short         ; -                   ; open           ; open             ; open   ; 0 in             ; 0 H/in                 ; 0 F/in                 ; short        ; open          ; open            ; open  ; 0 V                 ; -                  ; n/a           ; n/a             ; n/a         ;
; test[0]             ; 2.5 V        ; 0 in              ; 0 H/in                  ; 0 F/in                  ; short         ; -                   ; open           ; open             ; open   ; 0 in             ; 0 H/in                 ; 0 F/in                 ; short        ; open          ; open            ; open  ; 0 V                 ; -                  ; n/a           ; n/a             ; n/a         ;
; altera_reserved_tdo ; 2.5 V        ; 0 in              ; 0 H/in                  ; 0 F/in                  ; short         ; -                   ; open           ; open             ; open   ; 0 in             ; 0 H/in                 ; 0 F/in                 ; short        ; open          ; open            ; open  ; 0 V                 ; -                  ; n/a           ; n/a             ; n/a         ;
; ~ALTERA_DCLK~       ; 2.5 V        ; 0 in              ; 0 H/in                  ; 0 F/in                  ; short         ; -                   ; open           ; open             ; open   ; 0 in             ; 0 H/in                 ; 0 F/in                 ; short        ; open          ; open            ; open  ; 0 V                 ; -                  ; n/a           ; n/a             ; n/a         ;
; ~ALTERA_nCEO~       ; 2.5 V        ; 0 in              ; 0 H/in                  ; 0 F/in                  ; short         ; -                   ; open           ; open             ; open   ; 0 in             ; 0 H/in                 ; 0 F/in                 ; short        ; open          ; open            ; open  ; 0 V                 ; -                  ; n/a           ; n/a             ; n/a         ;
+---------------------+--------------+-------------------+-------------------------+-------------------------+---------------+---------------------+----------------+------------------+--------+------------------+------------------------+------------------------+--------------+---------------+-----------------+-------+---------------------+--------------------+---------------+-----------------+-------------+


+----------------------------------------------------------------------------+
; Input Transition Times                                                     ;
+-------------------------+--------------+-----------------+-----------------+
; Pin                     ; I/O Standard ; 10-90 Rise Time ; 90-10 Fall Time ;
+-------------------------+--------------+-----------------+-----------------+
; clk                     ; 2.5 V        ; 2000 ps         ; 2000 ps         ;
; p                       ; 2.5 V        ; 2000 ps         ; 2000 ps         ;
; clr                     ; 2.5 V        ; 2000 ps         ; 2000 ps         ;
; altera_reserved_tms     ; 2.5 V        ; 2000 ps         ; 2000 ps         ;
; altera_reserved_tck     ; 2.5 V        ; 2000 ps         ; 2000 ps         ;
; altera_reserved_tdi     ; 2.5 V        ; 2000 ps         ; 2000 ps         ;
; ~ALTERA_ASDO_DATA1~     ; 2.5 V        ; 2000 ps         ; 2000 ps         ;
; ~ALTERA_FLASH_nCE_nCSO~ ; 2.5 V        ; 2000 ps         ; 2000 ps         ;
; ~ALTERA_DATA0~          ; 2.5 V        ; 2000 ps         ; 2000 ps         ;
+-------------------------+--------------+-----------------+-----------------+


+--------------------------------------------------------------------------------------------------------------------------------------------------------------------------------------------------------------------------------------------------------------------------------------------------------------------------------------------------------------------------------------------------------------------------------------------------------------------------------------------------------------------------------------------------------------------------------------------------------------------------------------------------------------------------------------------------+
; Signal Integrity Metrics (Slow 1200mv 0c Model)                                                                                                                                                                                                                                                                                                                                                                                                                                                                                                                                                                                                                                                  ;
+---------------------+--------------+---------------------+---------------------+------------------------------+------------------------------+---------------------+---------------------+--------------------------------------+--------------------------------------+-----------------------------+-----------------------------+----------------------------+----------------------------+-----------------------------+-----------------------------+--------------------+--------------------+-------------------------------------+-------------------------------------+----------------------------+----------------------------+---------------------------+---------------------------+
; Pin                 ; I/O Standard ; Board Delay on Rise ; Board Delay on Fall ; Steady State Voh at FPGA Pin ; Steady State Vol at FPGA Pin ; Voh Max at FPGA Pin ; Vol Min at FPGA Pin ; Ringback Voltage on Rise at FPGA Pin ; Ringback Voltage on Fall at FPGA Pin ; 10-90 Rise Time at FPGA Pin ; 90-10 Fall Time at FPGA Pin ; Monotonic Rise at FPGA Pin ; Monotonic Fall at FPGA Pin ; Steady State Voh at Far-end ; Steady State Vol at Far-end ; Voh Max at Far-end ; Vol Min at Far-end ; Ringback Voltage on Rise at Far-end ; Ringback Voltage on Fall at Far-end ; 10-90 Rise Time at Far-end ; 90-10 Fall Time at Far-end ; Monotonic Rise at Far-end ; Monotonic Fall at Far-end ;
+---------------------+--------------+---------------------+---------------------+------------------------------+------------------------------+---------------------+---------------------+--------------------------------------+--------------------------------------+-----------------------------+-----------------------------+----------------------------+----------------------------+-----------------------------+-----------------------------+--------------------+--------------------+-------------------------------------+-------------------------------------+----------------------------+----------------------------+---------------------------+---------------------------+
; aa[7]               ; 2.5 V        ; 0 s                 ; 0 s                 ; 2.32 V                       ; 2.8e-09 V                    ; 2.37 V              ; -0.00373 V          ; 0.104 V                              ; 0.011 V                              ; 4.34e-10 s                  ; 3.82e-10 s                  ; Yes                        ; Yes                        ; 2.32 V                      ; 2.8e-09 V                   ; 2.37 V             ; -0.00373 V         ; 0.104 V                             ; 0.011 V                             ; 4.34e-10 s                 ; 3.82e-10 s                 ; Yes                       ; Yes                       ;
; aa[6]               ; 2.5 V        ; 0 s                 ; 0 s                 ; 2.32 V                       ; 2.8e-09 V                    ; 2.37 V              ; -0.00373 V          ; 0.104 V                              ; 0.011 V                              ; 4.34e-10 s                  ; 3.82e-10 s                  ; Yes                        ; Yes                        ; 2.32 V                      ; 2.8e-09 V                   ; 2.37 V             ; -0.00373 V         ; 0.104 V                             ; 0.011 V                             ; 4.34e-10 s                 ; 3.82e-10 s                 ; Yes                       ; Yes                       ;
; aa[5]               ; 2.5 V        ; 0 s                 ; 0 s                 ; 2.32 V                       ; 2.8e-09 V                    ; 2.37 V              ; -0.00373 V          ; 0.104 V                              ; 0.011 V                              ; 4.34e-10 s                  ; 3.82e-10 s                  ; Yes                        ; Yes                        ; 2.32 V                      ; 2.8e-09 V                   ; 2.37 V             ; -0.00373 V         ; 0.104 V                             ; 0.011 V                             ; 4.34e-10 s                 ; 3.82e-10 s                 ; Yes                       ; Yes                       ;
; aa[4]               ; 2.5 V        ; 0 s                 ; 0 s                 ; 2.32 V                       ; 2.8e-09 V                    ; 2.37 V              ; -0.00373 V          ; 0.104 V                              ; 0.011 V                              ; 4.34e-10 s                  ; 3.82e-10 s                  ; Yes                        ; Yes                        ; 2.32 V                      ; 2.8e-09 V                   ; 2.37 V             ; -0.00373 V         ; 0.104 V                             ; 0.011 V                             ; 4.34e-10 s                 ; 3.82e-10 s                 ; Yes                       ; Yes                       ;
; aa[3]               ; 2.5 V        ; 0 s                 ; 0 s                 ; 2.32 V                       ; 2.8e-09 V                    ; 2.37 V              ; -0.00373 V          ; 0.104 V                              ; 0.011 V                              ; 4.34e-10 s                  ; 3.82e-10 s                  ; Yes                        ; Yes                        ; 2.32 V                      ; 2.8e-09 V                   ; 2.37 V             ; -0.00373 V         ; 0.104 V                             ; 0.011 V                             ; 4.34e-10 s                 ; 3.82e-10 s                 ; Yes                       ; Yes                       ;
; aa[2]               ; 2.5 V        ; 0 s                 ; 0 s                 ; 2.32 V                       ; 2.8e-09 V                    ; 2.37 V              ; -0.00373 V          ; 0.104 V                              ; 0.011 V                              ; 4.34e-10 s                  ; 3.82e-10 s                  ; Yes                        ; Yes                        ; 2.32 V                      ; 2.8e-09 V                   ; 2.37 V             ; -0.00373 V         ; 0.104 V                             ; 0.011 V                             ; 4.34e-10 s                 ; 3.82e-10 s                 ; Yes                       ; Yes                       ;
; aa[1]               ; 2.5 V        ; 0 s                 ; 0 s                 ; 2.32 V                       ; 2.8e-09 V                    ; 2.33 V              ; -0.00425 V          ; 0.168 V                              ; 0.058 V                              ; 3.12e-09 s                  ; 2.87e-09 s                  ; Yes                        ; Yes                        ; 2.32 V                      ; 2.8e-09 V                   ; 2.33 V             ; -0.00425 V         ; 0.168 V                             ; 0.058 V                             ; 3.12e-09 s                 ; 2.87e-09 s                 ; Yes                       ; Yes                       ;
; aa[0]               ; 2.5 V        ; 0 s                 ; 0 s                 ; 2.32 V                       ; 2.8e-09 V                    ; 2.37 V              ; -0.00373 V          ; 0.104 V                              ; 0.011 V                              ; 4.34e-10 s                  ; 3.82e-10 s                  ; Yes                        ; Yes                        ; 2.32 V                      ; 2.8e-09 V                   ; 2.37 V             ; -0.00373 V         ; 0.104 V                             ; 0.011 V                             ; 4.34e-10 s                 ; 3.82e-10 s                 ; Yes                       ; Yes                       ;
; rr[7]               ; 2.5 V        ; 0 s                 ; 0 s                 ; 2.32 V                       ; 2.07e-09 V                   ; 2.33 V              ; -0.00421 V          ; 0.165 V                              ; 0.078 V                              ; 3.11e-09 s                  ; 2.85e-09 s                  ; Yes                        ; Yes                        ; 2.32 V                      ; 2.07e-09 V                  ; 2.33 V             ; -0.00421 V         ; 0.165 V                             ; 0.078 V                             ; 3.11e-09 s                 ; 2.85e-09 s                 ; Yes                       ; Yes                       ;
; rr[6]               ; 2.5 V        ; 0 s                 ; 0 s                 ; 2.32 V                       ; 2.07e-09 V                   ; 2.36 V              ; -0.00737 V          ; 0.209 V                              ; 0.012 V                              ; 5.22e-10 s                  ; 5.33e-10 s                  ; Yes                        ; Yes                        ; 2.32 V                      ; 2.07e-09 V                  ; 2.36 V             ; -0.00737 V         ; 0.209 V                             ; 0.012 V                             ; 5.22e-10 s                 ; 5.33e-10 s                 ; Yes                       ; Yes                       ;
; rr[5]               ; 2.5 V        ; 0 s                 ; 0 s                 ; 2.32 V                       ; 2.07e-09 V                   ; 2.38 V              ; -0.0073 V           ; 0.097 V                              ; 0.018 V                              ; 4.24e-10 s                  ; 3.65e-10 s                  ; No                         ; Yes                        ; 2.32 V                      ; 2.07e-09 V                  ; 2.38 V             ; -0.0073 V          ; 0.097 V                             ; 0.018 V                             ; 4.24e-10 s                 ; 3.65e-10 s                 ; No                        ; Yes                       ;
; rr[4]               ; 2.5 V        ; 0 s                 ; 0 s                 ; 2.32 V                       ; 2.07e-09 V                   ; 2.38 V              ; -0.0073 V           ; 0.097 V                              ; 0.018 V                              ; 4.24e-10 s                  ; 3.65e-10 s                  ; No                         ; Yes                        ; 2.32 V                      ; 2.07e-09 V                  ; 2.38 V             ; -0.0073 V          ; 0.097 V                             ; 0.018 V                             ; 4.24e-10 s                 ; 3.65e-10 s                 ; No                        ; Yes                       ;
; rr[3]               ; 2.5 V        ; 0 s                 ; 0 s                 ; 2.32 V                       ; 2.8e-09 V                    ; 2.37 V              ; -0.00373 V          ; 0.104 V                              ; 0.011 V                              ; 4.34e-10 s                  ; 3.82e-10 s                  ; Yes                        ; Yes                        ; 2.32 V                      ; 2.8e-09 V                   ; 2.37 V             ; -0.00373 V         ; 0.104 V                             ; 0.011 V                             ; 4.34e-10 s                 ; 3.82e-10 s                 ; Yes                       ; Yes                       ;
; rr[2]               ; 2.5 V        ; 0 s                 ; 0 s                 ; 2.32 V                       ; 2.8e-09 V                    ; 2.37 V              ; -0.00373 V          ; 0.104 V                              ; 0.011 V                              ; 4.34e-10 s                  ; 3.82e-10 s                  ; Yes                        ; Yes                        ; 2.32 V                      ; 2.8e-09 V                   ; 2.37 V             ; -0.00373 V         ; 0.104 V                             ; 0.011 V                             ; 4.34e-10 s                 ; 3.82e-10 s                 ; Yes                       ; Yes                       ;
; rr[1]               ; 2.5 V        ; 0 s                 ; 0 s                 ; 2.32 V                       ; 2.8e-09 V                    ; 2.37 V              ; -0.00373 V          ; 0.104 V                              ; 0.011 V                              ; 4.34e-10 s                  ; 3.82e-10 s                  ; Yes                        ; Yes                        ; 2.32 V                      ; 2.8e-09 V                   ; 2.37 V             ; -0.00373 V         ; 0.104 V                             ; 0.011 V                             ; 4.34e-10 s                 ; 3.82e-10 s                 ; Yes                       ; Yes                       ;
; rr[0]               ; 2.5 V        ; 0 s                 ; 0 s                 ; 2.32 V                       ; 2.8e-09 V                    ; 2.37 V              ; -0.00373 V          ; 0.104 V                              ; 0.011 V                              ; 4.34e-10 s                  ; 3.82e-10 s                  ; Yes                        ; Yes                        ; 2.32 V                      ; 2.8e-09 V                   ; 2.37 V             ; -0.00373 V         ; 0.104 V                             ; 0.011 V                             ; 4.34e-10 s                 ; 3.82e-10 s                 ; Yes                       ; Yes                       ;
; test[7]             ; 2.5 V        ; 0 s                 ; 0 s                 ; 2.32 V                       ; 2.8e-09 V                    ; 2.37 V              ; -0.00373 V          ; 0.104 V                              ; 0.011 V                              ; 4.34e-10 s                  ; 3.82e-10 s                  ; Yes                        ; Yes                        ; 2.32 V                      ; 2.8e-09 V                   ; 2.37 V             ; -0.00373 V         ; 0.104 V                             ; 0.011 V                             ; 4.34e-10 s                 ; 3.82e-10 s                 ; Yes                       ; Yes                       ;
; test[6]             ; 2.5 V        ; 0 s                 ; 0 s                 ; 2.32 V                       ; 2.8e-09 V                    ; 2.37 V              ; -0.00373 V          ; 0.104 V                              ; 0.011 V                              ; 4.34e-10 s                  ; 3.82e-10 s                  ; Yes                        ; Yes                        ; 2.32 V                      ; 2.8e-09 V                   ; 2.37 V             ; -0.00373 V         ; 0.104 V                             ; 0.011 V                             ; 4.34e-10 s                 ; 3.82e-10 s                 ; Yes                       ; Yes                       ;
; test[5]             ; 2.5 V        ; 0 s                 ; 0 s                 ; 2.32 V                       ; 2.8e-09 V                    ; 2.37 V              ; -0.00373 V          ; 0.104 V                              ; 0.011 V                              ; 4.34e-10 s                  ; 3.82e-10 s                  ; Yes                        ; Yes                        ; 2.32 V                      ; 2.8e-09 V                   ; 2.37 V             ; -0.00373 V         ; 0.104 V                             ; 0.011 V                             ; 4.34e-10 s                 ; 3.82e-10 s                 ; Yes                       ; Yes                       ;
; test[4]             ; 2.5 V        ; 0 s                 ; 0 s                 ; 2.32 V                       ; 2.8e-09 V                    ; 2.37 V              ; -0.00373 V          ; 0.104 V                              ; 0.011 V                              ; 4.34e-10 s                  ; 3.82e-10 s                  ; Yes                        ; Yes                        ; 2.32 V                      ; 2.8e-09 V                   ; 2.37 V             ; -0.00373 V         ; 0.104 V                             ; 0.011 V                             ; 4.34e-10 s                 ; 3.82e-10 s                 ; Yes                       ; Yes                       ;
; test[3]             ; 2.5 V        ; 0 s                 ; 0 s                 ; 2.32 V                       ; 2.8e-09 V                    ; 2.33 V              ; -0.00425 V          ; 0.168 V                              ; 0.058 V                              ; 3.12e-09 s                  ; 2.87e-09 s                  ; Yes                        ; Yes                        ; 2.32 V                      ; 2.8e-09 V                   ; 2.33 V             ; -0.00425 V         ; 0.168 V                             ; 0.058 V                             ; 3.12e-09 s                 ; 2.87e-09 s                 ; Yes                       ; Yes                       ;
; test[2]             ; 2.5 V        ; 0 s                 ; 0 s                 ; 2.32 V                       ; 2.8e-09 V                    ; 2.37 V              ; -0.00373 V          ; 0.104 V                              ; 0.011 V                              ; 4.34e-10 s                  ; 3.82e-10 s                  ; Yes                        ; Yes                        ; 2.32 V                      ; 2.8e-09 V                   ; 2.37 V             ; -0.00373 V         ; 0.104 V                             ; 0.011 V                             ; 4.34e-10 s                 ; 3.82e-10 s                 ; Yes                       ; Yes                       ;
; test[1]             ; 2.5 V        ; 0 s                 ; 0 s                 ; 2.32 V                       ; 2.8e-09 V                    ; 2.37 V              ; -0.00373 V          ; 0.104 V                              ; 0.011 V                              ; 4.34e-10 s                  ; 3.82e-10 s                  ; Yes                        ; Yes                        ; 2.32 V                      ; 2.8e-09 V                   ; 2.37 V             ; -0.00373 V         ; 0.104 V                             ; 0.011 V                             ; 4.34e-10 s                 ; 3.82e-10 s                 ; Yes                       ; Yes                       ;
; test[0]             ; 2.5 V        ; 0 s                 ; 0 s                 ; 2.32 V                       ; 2.8e-09 V                    ; 2.37 V              ; -0.00373 V          ; 0.104 V                              ; 0.011 V                              ; 4.34e-10 s                  ; 3.82e-10 s                  ; Yes                        ; Yes                        ; 2.32 V                      ; 2.8e-09 V                   ; 2.37 V             ; -0.00373 V         ; 0.104 V                             ; 0.011 V                             ; 4.34e-10 s                 ; 3.82e-10 s                 ; Yes                       ; Yes                       ;
; altera_reserved_tdo ; 2.5 V        ; 0 s                 ; 0 s                 ; 2.32 V                       ; 1.3e-08 V                    ; 2.33 V              ; -0.0041 V           ; 0.049 V                              ; 0.077 V                              ; 9.24e-10 s                  ; 2.03e-09 s                  ; Yes                        ; Yes                        ; 2.32 V                      ; 1.3e-08 V                   ; 2.33 V             ; -0.0041 V          ; 0.049 V                             ; 0.077 V                             ; 9.24e-10 s                 ; 2.03e-09 s                 ; Yes                       ; Yes                       ;
; ~ALTERA_DCLK~       ; 2.5 V        ; 0 s                 ; 0 s                 ; 2.32 V                       ; 1.74e-09 V                   ; 2.37 V              ; -0.0346 V           ; 0.198 V                              ; 0.094 V                              ; 3.14e-10 s                  ; 2.92e-10 s                  ; Yes                        ; Yes                        ; 2.32 V                      ; 1.74e-09 V                  ; 2.37 V             ; -0.0346 V          ; 0.198 V                             ; 0.094 V                             ; 3.14e-10 s                 ; 2.92e-10 s                 ; Yes                       ; Yes                       ;
; ~ALTERA_nCEO~       ; 2.5 V        ; 0 s                 ; 0 s                 ; 2.32 V                       ; 2.57e-09 V                   ; 2.37 V              ; -0.00683 V          ; 0.171 V                              ; 0.018 V                              ; 4.97e-10 s                  ; 6.66e-10 s                  ; Yes                        ; Yes                        ; 2.32 V                      ; 2.57e-09 V                  ; 2.37 V             ; -0.00683 V         ; 0.171 V                             ; 0.018 V                             ; 4.97e-10 s                 ; 6.66e-10 s                 ; Yes                       ; Yes                       ;
+---------------------+--------------+---------------------+---------------------+------------------------------+------------------------------+---------------------+---------------------+--------------------------------------+--------------------------------------+-----------------------------+-----------------------------+----------------------------+----------------------------+-----------------------------+-----------------------------+--------------------+--------------------+-------------------------------------+-------------------------------------+----------------------------+----------------------------+---------------------------+---------------------------+


+--------------------------------------------------------------------------------------------------------------------------------------------------------------------------------------------------------------------------------------------------------------------------------------------------------------------------------------------------------------------------------------------------------------------------------------------------------------------------------------------------------------------------------------------------------------------------------------------------------------------------------------------------------------------------------------------------+
; Signal Integrity Metrics (Slow 1200mv 85c Model)                                                                                                                                                                                                                                                                                                                                                                                                                                                                                                                                                                                                                                                 ;
+---------------------+--------------+---------------------+---------------------+------------------------------+------------------------------+---------------------+---------------------+--------------------------------------+--------------------------------------+-----------------------------+-----------------------------+----------------------------+----------------------------+-----------------------------+-----------------------------+--------------------+--------------------+-------------------------------------+-------------------------------------+----------------------------+----------------------------+---------------------------+---------------------------+
; Pin                 ; I/O Standard ; Board Delay on Rise ; Board Delay on Fall ; Steady State Voh at FPGA Pin ; Steady State Vol at FPGA Pin ; Voh Max at FPGA Pin ; Vol Min at FPGA Pin ; Ringback Voltage on Rise at FPGA Pin ; Ringback Voltage on Fall at FPGA Pin ; 10-90 Rise Time at FPGA Pin ; 90-10 Fall Time at FPGA Pin ; Monotonic Rise at FPGA Pin ; Monotonic Fall at FPGA Pin ; Steady State Voh at Far-end ; Steady State Vol at Far-end ; Voh Max at Far-end ; Vol Min at Far-end ; Ringback Voltage on Rise at Far-end ; Ringback Voltage on Fall at Far-end ; 10-90 Rise Time at Far-end ; 90-10 Fall Time at Far-end ; Monotonic Rise at Far-end ; Monotonic Fall at Far-end ;
+---------------------+--------------+---------------------+---------------------+------------------------------+------------------------------+---------------------+---------------------+--------------------------------------+--------------------------------------+-----------------------------+-----------------------------+----------------------------+----------------------------+-----------------------------+-----------------------------+--------------------+--------------------+-------------------------------------+-------------------------------------+----------------------------+----------------------------+---------------------------+---------------------------+
; aa[7]               ; 2.5 V        ; 0 s                 ; 0 s                 ; 2.32 V                       ; 2.85e-07 V                   ; 2.35 V              ; -0.0123 V           ; 0.144 V                              ; 0.042 V                              ; 4.81e-10 s                  ; 4.81e-10 s                  ; Yes                        ; Yes                        ; 2.32 V                      ; 2.85e-07 V                  ; 2.35 V             ; -0.0123 V          ; 0.144 V                             ; 0.042 V                             ; 4.81e-10 s                 ; 4.81e-10 s                 ; Yes                       ; Yes                       ;
; aa[6]               ; 2.5 V        ; 0 s                 ; 0 s                 ; 2.32 V                       ; 2.85e-07 V                   ; 2.35 V              ; -0.0123 V           ; 0.144 V                              ; 0.042 V                              ; 4.81e-10 s                  ; 4.81e-10 s                  ; Yes                        ; Yes                        ; 2.32 V                      ; 2.85e-07 V                  ; 2.35 V             ; -0.0123 V          ; 0.144 V                             ; 0.042 V                             ; 4.81e-10 s                 ; 4.81e-10 s                 ; Yes                       ; Yes                       ;
; aa[5]               ; 2.5 V        ; 0 s                 ; 0 s                 ; 2.32 V                       ; 2.85e-07 V                   ; 2.35 V              ; -0.0123 V           ; 0.144 V                              ; 0.042 V                              ; 4.81e-10 s                  ; 4.81e-10 s                  ; Yes                        ; Yes                        ; 2.32 V                      ; 2.85e-07 V                  ; 2.35 V             ; -0.0123 V          ; 0.144 V                             ; 0.042 V                             ; 4.81e-10 s                 ; 4.81e-10 s                 ; Yes                       ; Yes                       ;
; aa[4]               ; 2.5 V        ; 0 s                 ; 0 s                 ; 2.32 V                       ; 2.85e-07 V                   ; 2.35 V              ; -0.0123 V           ; 0.144 V                              ; 0.042 V                              ; 4.81e-10 s                  ; 4.81e-10 s                  ; Yes                        ; Yes                        ; 2.32 V                      ; 2.85e-07 V                  ; 2.35 V             ; -0.0123 V          ; 0.144 V                             ; 0.042 V                             ; 4.81e-10 s                 ; 4.81e-10 s                 ; Yes                       ; Yes                       ;
; aa[3]               ; 2.5 V        ; 0 s                 ; 0 s                 ; 2.32 V                       ; 2.85e-07 V                   ; 2.35 V              ; -0.0123 V           ; 0.144 V                              ; 0.042 V                              ; 4.81e-10 s                  ; 4.81e-10 s                  ; Yes                        ; Yes                        ; 2.32 V                      ; 2.85e-07 V                  ; 2.35 V             ; -0.0123 V          ; 0.144 V                             ; 0.042 V                             ; 4.81e-10 s                 ; 4.81e-10 s                 ; Yes                       ; Yes                       ;
; aa[2]               ; 2.5 V        ; 0 s                 ; 0 s                 ; 2.32 V                       ; 2.85e-07 V                   ; 2.35 V              ; -0.0123 V           ; 0.144 V                              ; 0.042 V                              ; 4.81e-10 s                  ; 4.81e-10 s                  ; Yes                        ; Yes                        ; 2.32 V                      ; 2.85e-07 V                  ; 2.35 V             ; -0.0123 V          ; 0.144 V                             ; 0.042 V                             ; 4.81e-10 s                 ; 4.81e-10 s                 ; Yes                       ; Yes                       ;
; aa[1]               ; 2.5 V        ; 0 s                 ; 0 s                 ; 2.32 V                       ; 2.85e-07 V                   ; 2.33 V              ; -0.00229 V          ; 0.111 V                              ; 0.057 V                              ; 3.78e-09 s                  ; 3.5e-09 s                   ; Yes                        ; Yes                        ; 2.32 V                      ; 2.85e-07 V                  ; 2.33 V             ; -0.00229 V         ; 0.111 V                             ; 0.057 V                             ; 3.78e-09 s                 ; 3.5e-09 s                  ; Yes                       ; Yes                       ;
; aa[0]               ; 2.5 V        ; 0 s                 ; 0 s                 ; 2.32 V                       ; 2.85e-07 V                   ; 2.35 V              ; -0.0123 V           ; 0.144 V                              ; 0.042 V                              ; 4.81e-10 s                  ; 4.81e-10 s                  ; Yes                        ; Yes                        ; 2.32 V                      ; 2.85e-07 V                  ; 2.35 V             ; -0.0123 V          ; 0.144 V                             ; 0.042 V                             ; 4.81e-10 s                 ; 4.81e-10 s                 ; Yes                       ; Yes                       ;
; rr[7]               ; 2.5 V        ; 0 s                 ; 0 s                 ; 2.32 V                       ; 1.93e-07 V                   ; 2.33 V              ; -0.0022 V           ; 0.088 V                              ; 0.056 V                              ; 3.76e-09 s                  ; 3.48e-09 s                  ; Yes                        ; Yes                        ; 2.32 V                      ; 1.93e-07 V                  ; 2.33 V             ; -0.0022 V          ; 0.088 V                             ; 0.056 V                             ; 3.76e-09 s                 ; 3.48e-09 s                 ; Yes                       ; Yes                       ;
; rr[6]               ; 2.5 V        ; 0 s                 ; 0 s                 ; 2.32 V                       ; 1.93e-07 V                   ; 2.34 V              ; -0.00869 V          ; 0.14 V                               ; 0.046 V                              ; 6.89e-10 s                  ; 6.56e-10 s                  ; Yes                        ; Yes                        ; 2.32 V                      ; 1.93e-07 V                  ; 2.34 V             ; -0.00869 V         ; 0.14 V                              ; 0.046 V                             ; 6.89e-10 s                 ; 6.56e-10 s                 ; Yes                       ; Yes                       ;
; rr[5]               ; 2.5 V        ; 0 s                 ; 0 s                 ; 2.32 V                       ; 1.93e-07 V                   ; 2.35 V              ; -0.00834 V          ; 0.127 V                              ; 0.035 V                              ; 4.7e-10 s                   ; 4.64e-10 s                  ; Yes                        ; Yes                        ; 2.32 V                      ; 1.93e-07 V                  ; 2.35 V             ; -0.00834 V         ; 0.127 V                             ; 0.035 V                             ; 4.7e-10 s                  ; 4.64e-10 s                 ; Yes                       ; Yes                       ;
; rr[4]               ; 2.5 V        ; 0 s                 ; 0 s                 ; 2.32 V                       ; 1.93e-07 V                   ; 2.35 V              ; -0.00834 V          ; 0.127 V                              ; 0.035 V                              ; 4.7e-10 s                   ; 4.64e-10 s                  ; Yes                        ; Yes                        ; 2.32 V                      ; 1.93e-07 V                  ; 2.35 V             ; -0.00834 V         ; 0.127 V                             ; 0.035 V                             ; 4.7e-10 s                  ; 4.64e-10 s                 ; Yes                       ; Yes                       ;
; rr[3]               ; 2.5 V        ; 0 s                 ; 0 s                 ; 2.32 V                       ; 2.85e-07 V                   ; 2.35 V              ; -0.0123 V           ; 0.144 V                              ; 0.042 V                              ; 4.81e-10 s                  ; 4.81e-10 s                  ; Yes                        ; Yes                        ; 2.32 V                      ; 2.85e-07 V                  ; 2.35 V             ; -0.0123 V          ; 0.144 V                             ; 0.042 V                             ; 4.81e-10 s                 ; 4.81e-10 s                 ; Yes                       ; Yes                       ;
; rr[2]               ; 2.5 V        ; 0 s                 ; 0 s                 ; 2.32 V                       ; 2.85e-07 V                   ; 2.35 V              ; -0.0123 V           ; 0.144 V                              ; 0.042 V                              ; 4.81e-10 s                  ; 4.81e-10 s                  ; Yes                        ; Yes                        ; 2.32 V                      ; 2.85e-07 V                  ; 2.35 V             ; -0.0123 V          ; 0.144 V                             ; 0.042 V                             ; 4.81e-10 s                 ; 4.81e-10 s                 ; Yes                       ; Yes                       ;
; rr[1]               ; 2.5 V        ; 0 s                 ; 0 s                 ; 2.32 V                       ; 2.85e-07 V                   ; 2.35 V              ; -0.0123 V           ; 0.144 V                              ; 0.042 V                              ; 4.81e-10 s                  ; 4.81e-10 s                  ; Yes                        ; Yes                        ; 2.32 V                      ; 2.85e-07 V                  ; 2.35 V             ; -0.0123 V          ; 0.144 V                             ; 0.042 V                             ; 4.81e-10 s                 ; 4.81e-10 s                 ; Yes                       ; Yes                       ;
; rr[0]               ; 2.5 V        ; 0 s                 ; 0 s                 ; 2.32 V                       ; 2.85e-07 V                   ; 2.35 V              ; -0.0123 V           ; 0.144 V                              ; 0.042 V                              ; 4.81e-10 s                  ; 4.81e-10 s                  ; Yes                        ; Yes                        ; 2.32 V                      ; 2.85e-07 V                  ; 2.35 V             ; -0.0123 V          ; 0.144 V                             ; 0.042 V                             ; 4.81e-10 s                 ; 4.81e-10 s                 ; Yes                       ; Yes                       ;
; test[7]             ; 2.5 V        ; 0 s                 ; 0 s                 ; 2.32 V                       ; 2.85e-07 V                   ; 2.35 V              ; -0.0123 V           ; 0.144 V                              ; 0.042 V                              ; 4.81e-10 s                  ; 4.81e-10 s                  ; Yes                        ; Yes                        ; 2.32 V                      ; 2.85e-07 V                  ; 2.35 V             ; -0.0123 V          ; 0.144 V                             ; 0.042 V                             ; 4.81e-10 s                 ; 4.81e-10 s                 ; Yes                       ; Yes                       ;
; test[6]             ; 2.5 V        ; 0 s                 ; 0 s                 ; 2.32 V                       ; 2.85e-07 V                   ; 2.35 V              ; -0.0123 V           ; 0.144 V                              ; 0.042 V                              ; 4.81e-10 s                  ; 4.81e-10 s                  ; Yes                        ; Yes                        ; 2.32 V                      ; 2.85e-07 V                  ; 2.35 V             ; -0.0123 V          ; 0.144 V                             ; 0.042 V                             ; 4.81e-10 s                 ; 4.81e-10 s                 ; Yes                       ; Yes                       ;
; test[5]             ; 2.5 V        ; 0 s                 ; 0 s                 ; 2.32 V                       ; 2.85e-07 V                   ; 2.35 V              ; -0.0123 V           ; 0.144 V                              ; 0.042 V                              ; 4.81e-10 s                  ; 4.81e-10 s                  ; Yes                        ; Yes                        ; 2.32 V                      ; 2.85e-07 V                  ; 2.35 V             ; -0.0123 V          ; 0.144 V                             ; 0.042 V                             ; 4.81e-10 s                 ; 4.81e-10 s                 ; Yes                       ; Yes                       ;
; test[4]             ; 2.5 V        ; 0 s                 ; 0 s                 ; 2.32 V                       ; 2.85e-07 V                   ; 2.35 V              ; -0.0123 V           ; 0.144 V                              ; 0.042 V                              ; 4.81e-10 s                  ; 4.81e-10 s                  ; Yes                        ; Yes                        ; 2.32 V                      ; 2.85e-07 V                  ; 2.35 V             ; -0.0123 V          ; 0.144 V                             ; 0.042 V                             ; 4.81e-10 s                 ; 4.81e-10 s                 ; Yes                       ; Yes                       ;
; test[3]             ; 2.5 V        ; 0 s                 ; 0 s                 ; 2.32 V                       ; 2.85e-07 V                   ; 2.33 V              ; -0.00229 V          ; 0.111 V                              ; 0.057 V                              ; 3.78e-09 s                  ; 3.5e-09 s                   ; Yes                        ; Yes                        ; 2.32 V                      ; 2.85e-07 V                  ; 2.33 V             ; -0.00229 V         ; 0.111 V                             ; 0.057 V                             ; 3.78e-09 s                 ; 3.5e-09 s                  ; Yes                       ; Yes                       ;
; test[2]             ; 2.5 V        ; 0 s                 ; 0 s                 ; 2.32 V                       ; 2.85e-07 V                   ; 2.35 V              ; -0.0123 V           ; 0.144 V                              ; 0.042 V                              ; 4.81e-10 s                  ; 4.81e-10 s                  ; Yes                        ; Yes                        ; 2.32 V                      ; 2.85e-07 V                  ; 2.35 V             ; -0.0123 V          ; 0.144 V                             ; 0.042 V                             ; 4.81e-10 s                 ; 4.81e-10 s                 ; Yes                       ; Yes                       ;
; test[1]             ; 2.5 V        ; 0 s                 ; 0 s                 ; 2.32 V                       ; 2.85e-07 V                   ; 2.35 V              ; -0.0123 V           ; 0.144 V                              ; 0.042 V                              ; 4.81e-10 s                  ; 4.81e-10 s                  ; Yes                        ; Yes                        ; 2.32 V                      ; 2.85e-07 V                  ; 2.35 V             ; -0.0123 V          ; 0.144 V                             ; 0.042 V                             ; 4.81e-10 s                 ; 4.81e-10 s                 ; Yes                       ; Yes                       ;
; test[0]             ; 2.5 V        ; 0 s                 ; 0 s                 ; 2.32 V                       ; 2.85e-07 V                   ; 2.35 V              ; -0.0123 V           ; 0.144 V                              ; 0.042 V                              ; 4.81e-10 s                  ; 4.81e-10 s                  ; Yes                        ; Yes                        ; 2.32 V                      ; 2.85e-07 V                  ; 2.35 V             ; -0.0123 V          ; 0.144 V                             ; 0.042 V                             ; 4.81e-10 s                 ; 4.81e-10 s                 ; Yes                       ; Yes                       ;
; altera_reserved_tdo ; 2.5 V        ; 0 s                 ; 0 s                 ; 2.32 V                       ; 1.29e-06 V                   ; 2.33 V              ; 1.29e-06 V          ; 0.018 V                              ; 0.046 V                              ; 1.15e-09 s                  ; 2.62e-09 s                  ; Yes                        ; Yes                        ; 2.32 V                      ; 1.29e-06 V                  ; 2.33 V             ; 1.29e-06 V         ; 0.018 V                             ; 0.046 V                             ; 1.15e-09 s                 ; 2.62e-09 s                 ; Yes                       ; Yes                       ;
; ~ALTERA_DCLK~       ; 2.5 V        ; 0 s                 ; 0 s                 ; 2.32 V                       ; 1.55e-07 V                   ; 2.35 V              ; -0.00221 V          ; 0.097 V                              ; 0.005 V                              ; 4.49e-10 s                  ; 3.85e-10 s                  ; Yes                        ; Yes                        ; 2.32 V                      ; 1.55e-07 V                  ; 2.35 V             ; -0.00221 V         ; 0.097 V                             ; 0.005 V                             ; 4.49e-10 s                 ; 3.85e-10 s                 ; Yes                       ; Yes                       ;
; ~ALTERA_nCEO~       ; 2.5 V        ; 0 s                 ; 0 s                 ; 2.32 V                       ; 2.54e-07 V                   ; 2.34 V              ; -0.00774 V          ; 0.109 V                              ; 0.026 V                              ; 6.58e-10 s                  ; 8.24e-10 s                  ; Yes                        ; Yes                        ; 2.32 V                      ; 2.54e-07 V                  ; 2.34 V             ; -0.00774 V         ; 0.109 V                             ; 0.026 V                             ; 6.58e-10 s                 ; 8.24e-10 s                 ; Yes                       ; Yes                       ;
+---------------------+--------------+---------------------+---------------------+------------------------------+------------------------------+---------------------+---------------------+--------------------------------------+--------------------------------------+-----------------------------+-----------------------------+----------------------------+----------------------------+-----------------------------+-----------------------------+--------------------+--------------------+-------------------------------------+-------------------------------------+----------------------------+----------------------------+---------------------------+---------------------------+


+--------------------------------------------------------------------------------------------------------------------------------------------------------------------------------------------------------------------------------------------------------------------------------------------------------------------------------------------------------------------------------------------------------------------------------------------------------------------------------------------------------------------------------------------------------------------------------------------------------------------------------------------------------------------------------------------------+
; Signal Integrity Metrics (Fast 1200mv 0c Model)                                                                                                                                                                                                                                                                                                                                                                                                                                                                                                                                                                                                                                                  ;
+---------------------+--------------+---------------------+---------------------+------------------------------+------------------------------+---------------------+---------------------+--------------------------------------+--------------------------------------+-----------------------------+-----------------------------+----------------------------+----------------------------+-----------------------------+-----------------------------+--------------------+--------------------+-------------------------------------+-------------------------------------+----------------------------+----------------------------+---------------------------+---------------------------+
; Pin                 ; I/O Standard ; Board Delay on Rise ; Board Delay on Fall ; Steady State Voh at FPGA Pin ; Steady State Vol at FPGA Pin ; Voh Max at FPGA Pin ; Vol Min at FPGA Pin ; Ringback Voltage on Rise at FPGA Pin ; Ringback Voltage on Fall at FPGA Pin ; 10-90 Rise Time at FPGA Pin ; 90-10 Fall Time at FPGA Pin ; Monotonic Rise at FPGA Pin ; Monotonic Fall at FPGA Pin ; Steady State Voh at Far-end ; Steady State Vol at Far-end ; Voh Max at Far-end ; Vol Min at Far-end ; Ringback Voltage on Rise at Far-end ; Ringback Voltage on Fall at Far-end ; 10-90 Rise Time at Far-end ; 90-10 Fall Time at Far-end ; Monotonic Rise at Far-end ; Monotonic Fall at Far-end ;
+---------------------+--------------+---------------------+---------------------+------------------------------+------------------------------+---------------------+---------------------+--------------------------------------+--------------------------------------+-----------------------------+-----------------------------+----------------------------+----------------------------+-----------------------------+-----------------------------+--------------------+--------------------+-------------------------------------+-------------------------------------+----------------------------+----------------------------+---------------------------+---------------------------+
; aa[7]               ; 2.5 V        ; 0 s                 ; 0 s                 ; 2.62 V                       ; 4.05e-08 V                   ; 2.72 V              ; -0.0349 V           ; 0.173 V                              ; 0.1 V                                ; 2.72e-10 s                  ; 2.69e-10 s                  ; Yes                        ; Yes                        ; 2.62 V                      ; 4.05e-08 V                  ; 2.72 V             ; -0.0349 V          ; 0.173 V                             ; 0.1 V                               ; 2.72e-10 s                 ; 2.69e-10 s                 ; Yes                       ; Yes                       ;
; aa[6]               ; 2.5 V        ; 0 s                 ; 0 s                 ; 2.62 V                       ; 4.05e-08 V                   ; 2.72 V              ; -0.0349 V           ; 0.173 V                              ; 0.1 V                                ; 2.72e-10 s                  ; 2.69e-10 s                  ; Yes                        ; Yes                        ; 2.62 V                      ; 4.05e-08 V                  ; 2.72 V             ; -0.0349 V          ; 0.173 V                             ; 0.1 V                               ; 2.72e-10 s                 ; 2.69e-10 s                 ; Yes                       ; Yes                       ;
; aa[5]               ; 2.5 V        ; 0 s                 ; 0 s                 ; 2.62 V                       ; 4.05e-08 V                   ; 2.72 V              ; -0.0349 V           ; 0.173 V                              ; 0.1 V                                ; 2.72e-10 s                  ; 2.69e-10 s                  ; Yes                        ; Yes                        ; 2.62 V                      ; 4.05e-08 V                  ; 2.72 V             ; -0.0349 V          ; 0.173 V                             ; 0.1 V                               ; 2.72e-10 s                 ; 2.69e-10 s                 ; Yes                       ; Yes                       ;
; aa[4]               ; 2.5 V        ; 0 s                 ; 0 s                 ; 2.62 V                       ; 4.05e-08 V                   ; 2.72 V              ; -0.0349 V           ; 0.173 V                              ; 0.1 V                                ; 2.72e-10 s                  ; 2.69e-10 s                  ; Yes                        ; Yes                        ; 2.62 V                      ; 4.05e-08 V                  ; 2.72 V             ; -0.0349 V          ; 0.173 V                             ; 0.1 V                               ; 2.72e-10 s                 ; 2.69e-10 s                 ; Yes                       ; Yes                       ;
; aa[3]               ; 2.5 V        ; 0 s                 ; 0 s                 ; 2.62 V                       ; 4.05e-08 V                   ; 2.72 V              ; -0.0349 V           ; 0.173 V                              ; 0.1 V                                ; 2.72e-10 s                  ; 2.69e-10 s                  ; Yes                        ; Yes                        ; 2.62 V                      ; 4.05e-08 V                  ; 2.72 V             ; -0.0349 V          ; 0.173 V                             ; 0.1 V                               ; 2.72e-10 s                 ; 2.69e-10 s                 ; Yes                       ; Yes                       ;
; aa[2]               ; 2.5 V        ; 0 s                 ; 0 s                 ; 2.62 V                       ; 4.05e-08 V                   ; 2.72 V              ; -0.0349 V           ; 0.173 V                              ; 0.1 V                                ; 2.72e-10 s                  ; 2.69e-10 s                  ; Yes                        ; Yes                        ; 2.62 V                      ; 4.05e-08 V                  ; 2.72 V             ; -0.0349 V          ; 0.173 V                             ; 0.1 V                               ; 2.72e-10 s                 ; 2.69e-10 s                 ; Yes                       ; Yes                       ;
; aa[1]               ; 2.5 V        ; 0 s                 ; 0 s                 ; 2.62 V                       ; 4.05e-08 V                   ; 2.64 V              ; -0.0113 V           ; 0.208 V                              ; 0.179 V                              ; 2.38e-09 s                  ; 2.23e-09 s                  ; No                         ; Yes                        ; 2.62 V                      ; 4.05e-08 V                  ; 2.64 V             ; -0.0113 V          ; 0.208 V                             ; 0.179 V                             ; 2.38e-09 s                 ; 2.23e-09 s                 ; No                        ; Yes                       ;
; aa[0]               ; 2.5 V        ; 0 s                 ; 0 s                 ; 2.62 V                       ; 4.05e-08 V                   ; 2.72 V              ; -0.0349 V           ; 0.173 V                              ; 0.1 V                                ; 2.72e-10 s                  ; 2.69e-10 s                  ; Yes                        ; Yes                        ; 2.62 V                      ; 4.05e-08 V                  ; 2.72 V             ; -0.0349 V          ; 0.173 V                             ; 0.1 V                               ; 2.72e-10 s                 ; 2.69e-10 s                 ; Yes                       ; Yes                       ;
; rr[7]               ; 2.5 V        ; 0 s                 ; 0 s                 ; 2.62 V                       ; 2.74e-08 V                   ; 2.64 V              ; -0.0117 V           ; 0.202 V                              ; 0.176 V                              ; 2.38e-09 s                  ; 2.22e-09 s                  ; No                         ; Yes                        ; 2.62 V                      ; 2.74e-08 V                  ; 2.64 V             ; -0.0117 V          ; 0.202 V                             ; 0.176 V                             ; 2.38e-09 s                 ; 2.22e-09 s                 ; No                        ; Yes                       ;
; rr[6]               ; 2.5 V        ; 0 s                 ; 0 s                 ; 2.62 V                       ; 2.74e-08 V                   ; 2.71 V              ; -0.0317 V           ; 0.148 V                              ; 0.064 V                              ; 4.51e-10 s                  ; 4.15e-10 s                  ; No                         ; Yes                        ; 2.62 V                      ; 2.74e-08 V                  ; 2.71 V             ; -0.0317 V          ; 0.148 V                             ; 0.064 V                             ; 4.51e-10 s                 ; 4.15e-10 s                 ; No                        ; Yes                       ;
; rr[5]               ; 2.5 V        ; 0 s                 ; 0 s                 ; 2.62 V                       ; 2.74e-08 V                   ; 2.73 V              ; -0.0384 V           ; 0.169 V                              ; 0.089 V                              ; 2.7e-10 s                   ; 2.62e-10 s                  ; Yes                        ; Yes                        ; 2.62 V                      ; 2.74e-08 V                  ; 2.73 V             ; -0.0384 V          ; 0.169 V                             ; 0.089 V                             ; 2.7e-10 s                  ; 2.62e-10 s                 ; Yes                       ; Yes                       ;
; rr[4]               ; 2.5 V        ; 0 s                 ; 0 s                 ; 2.62 V                       ; 2.74e-08 V                   ; 2.73 V              ; -0.0384 V           ; 0.169 V                              ; 0.089 V                              ; 2.7e-10 s                   ; 2.62e-10 s                  ; Yes                        ; Yes                        ; 2.62 V                      ; 2.74e-08 V                  ; 2.73 V             ; -0.0384 V          ; 0.169 V                             ; 0.089 V                             ; 2.7e-10 s                  ; 2.62e-10 s                 ; Yes                       ; Yes                       ;
; rr[3]               ; 2.5 V        ; 0 s                 ; 0 s                 ; 2.62 V                       ; 4.05e-08 V                   ; 2.72 V              ; -0.0349 V           ; 0.173 V                              ; 0.1 V                                ; 2.72e-10 s                  ; 2.69e-10 s                  ; Yes                        ; Yes                        ; 2.62 V                      ; 4.05e-08 V                  ; 2.72 V             ; -0.0349 V          ; 0.173 V                             ; 0.1 V                               ; 2.72e-10 s                 ; 2.69e-10 s                 ; Yes                       ; Yes                       ;
; rr[2]               ; 2.5 V        ; 0 s                 ; 0 s                 ; 2.62 V                       ; 4.05e-08 V                   ; 2.72 V              ; -0.0349 V           ; 0.173 V                              ; 0.1 V                                ; 2.72e-10 s                  ; 2.69e-10 s                  ; Yes                        ; Yes                        ; 2.62 V                      ; 4.05e-08 V                  ; 2.72 V             ; -0.0349 V          ; 0.173 V                             ; 0.1 V                               ; 2.72e-10 s                 ; 2.69e-10 s                 ; Yes                       ; Yes                       ;
; rr[1]               ; 2.5 V        ; 0 s                 ; 0 s                 ; 2.62 V                       ; 4.05e-08 V                   ; 2.72 V              ; -0.0349 V           ; 0.173 V                              ; 0.1 V                                ; 2.72e-10 s                  ; 2.69e-10 s                  ; Yes                        ; Yes                        ; 2.62 V                      ; 4.05e-08 V                  ; 2.72 V             ; -0.0349 V          ; 0.173 V                             ; 0.1 V                               ; 2.72e-10 s                 ; 2.69e-10 s                 ; Yes                       ; Yes                       ;
; rr[0]               ; 2.5 V        ; 0 s                 ; 0 s                 ; 2.62 V                       ; 4.05e-08 V                   ; 2.72 V              ; -0.0349 V           ; 0.173 V                              ; 0.1 V                                ; 2.72e-10 s                  ; 2.69e-10 s                  ; Yes                        ; Yes                        ; 2.62 V                      ; 4.05e-08 V                  ; 2.72 V             ; -0.0349 V          ; 0.173 V                             ; 0.1 V                               ; 2.72e-10 s                 ; 2.69e-10 s                 ; Yes                       ; Yes                       ;
; test[7]             ; 2.5 V        ; 0 s                 ; 0 s                 ; 2.62 V                       ; 4.05e-08 V                   ; 2.72 V              ; -0.0349 V           ; 0.173 V                              ; 0.1 V                                ; 2.72e-10 s                  ; 2.69e-10 s                  ; Yes                        ; Yes                        ; 2.62 V                      ; 4.05e-08 V                  ; 2.72 V             ; -0.0349 V          ; 0.173 V                             ; 0.1 V                               ; 2.72e-10 s                 ; 2.69e-10 s                 ; Yes                       ; Yes                       ;
; test[6]             ; 2.5 V        ; 0 s                 ; 0 s                 ; 2.62 V                       ; 4.05e-08 V                   ; 2.72 V              ; -0.0349 V           ; 0.173 V                              ; 0.1 V                                ; 2.72e-10 s                  ; 2.69e-10 s                  ; Yes                        ; Yes                        ; 2.62 V                      ; 4.05e-08 V                  ; 2.72 V             ; -0.0349 V          ; 0.173 V                             ; 0.1 V                               ; 2.72e-10 s                 ; 2.69e-10 s                 ; Yes                       ; Yes                       ;
; test[5]             ; 2.5 V        ; 0 s                 ; 0 s                 ; 2.62 V                       ; 4.05e-08 V                   ; 2.72 V              ; -0.0349 V           ; 0.173 V                              ; 0.1 V                                ; 2.72e-10 s                  ; 2.69e-10 s                  ; Yes                        ; Yes                        ; 2.62 V                      ; 4.05e-08 V                  ; 2.72 V             ; -0.0349 V          ; 0.173 V                             ; 0.1 V                               ; 2.72e-10 s                 ; 2.69e-10 s                 ; Yes                       ; Yes                       ;
; test[4]             ; 2.5 V        ; 0 s                 ; 0 s                 ; 2.62 V                       ; 4.05e-08 V                   ; 2.72 V              ; -0.0349 V           ; 0.173 V                              ; 0.1 V                                ; 2.72e-10 s                  ; 2.69e-10 s                  ; Yes                        ; Yes                        ; 2.62 V                      ; 4.05e-08 V                  ; 2.72 V             ; -0.0349 V          ; 0.173 V                             ; 0.1 V                               ; 2.72e-10 s                 ; 2.69e-10 s                 ; Yes                       ; Yes                       ;
; test[3]             ; 2.5 V        ; 0 s                 ; 0 s                 ; 2.62 V                       ; 4.05e-08 V                   ; 2.64 V              ; -0.0113 V           ; 0.208 V                              ; 0.179 V                              ; 2.38e-09 s                  ; 2.23e-09 s                  ; No                         ; Yes                        ; 2.62 V                      ; 4.05e-08 V                  ; 2.64 V             ; -0.0113 V          ; 0.208 V                             ; 0.179 V                             ; 2.38e-09 s                 ; 2.23e-09 s                 ; No                        ; Yes                       ;
; test[2]             ; 2.5 V        ; 0 s                 ; 0 s                 ; 2.62 V                       ; 4.05e-08 V                   ; 2.72 V              ; -0.0349 V           ; 0.173 V                              ; 0.1 V                                ; 2.72e-10 s                  ; 2.69e-10 s                  ; Yes                        ; Yes                        ; 2.62 V                      ; 4.05e-08 V                  ; 2.72 V             ; -0.0349 V          ; 0.173 V                             ; 0.1 V                               ; 2.72e-10 s                 ; 2.69e-10 s                 ; Yes                       ; Yes                       ;
; test[1]             ; 2.5 V        ; 0 s                 ; 0 s                 ; 2.62 V                       ; 4.05e-08 V                   ; 2.72 V              ; -0.0349 V           ; 0.173 V                              ; 0.1 V                                ; 2.72e-10 s                  ; 2.69e-10 s                  ; Yes                        ; Yes                        ; 2.62 V                      ; 4.05e-08 V                  ; 2.72 V             ; -0.0349 V          ; 0.173 V                             ; 0.1 V                               ; 2.72e-10 s                 ; 2.69e-10 s                 ; Yes                       ; Yes                       ;
; test[0]             ; 2.5 V        ; 0 s                 ; 0 s                 ; 2.62 V                       ; 4.05e-08 V                   ; 2.72 V              ; -0.0349 V           ; 0.173 V                              ; 0.1 V                                ; 2.72e-10 s                  ; 2.69e-10 s                  ; Yes                        ; Yes                        ; 2.62 V                      ; 4.05e-08 V                  ; 2.72 V             ; -0.0349 V          ; 0.173 V                             ; 0.1 V                               ; 2.72e-10 s                 ; 2.69e-10 s                 ; Yes                       ; Yes                       ;
; altera_reserved_tdo ; 2.5 V        ; 0 s                 ; 0 s                 ; 2.62 V                       ; 1.77e-07 V                   ; 2.65 V              ; -0.0108 V           ; 0.18 V                               ; 0.17 V                               ; 6.63e-10 s                  ; 1.56e-09 s                  ; Yes                        ; Yes                        ; 2.62 V                      ; 1.77e-07 V                  ; 2.65 V             ; -0.0108 V          ; 0.18 V                              ; 0.17 V                              ; 6.63e-10 s                 ; 1.56e-09 s                 ; Yes                       ; Yes                       ;
; ~ALTERA_DCLK~       ; 2.5 V        ; 0 s                 ; 0 s                 ; 2.62 V                       ; 2.22e-08 V                   ; 2.74 V              ; -0.06 V             ; 0.158 V                              ; 0.08 V                               ; 2.68e-10 s                  ; 2.19e-10 s                  ; Yes                        ; Yes                        ; 2.62 V                      ; 2.22e-08 V                  ; 2.74 V             ; -0.06 V            ; 0.158 V                             ; 0.08 V                              ; 2.68e-10 s                 ; 2.19e-10 s                 ; Yes                       ; Yes                       ;
; ~ALTERA_nCEO~       ; 2.5 V        ; 0 s                 ; 0 s                 ; 2.62 V                       ; 3.54e-08 V                   ; 2.7 V               ; -0.00943 V          ; 0.276 V                              ; 0.035 V                              ; 3.19e-10 s                  ; 4.99e-10 s                  ; No                         ; Yes                        ; 2.62 V                      ; 3.54e-08 V                  ; 2.7 V              ; -0.00943 V         ; 0.276 V                             ; 0.035 V                             ; 3.19e-10 s                 ; 4.99e-10 s                 ; No                        ; Yes                       ;
+---------------------+--------------+---------------------+---------------------+------------------------------+------------------------------+---------------------+---------------------+--------------------------------------+--------------------------------------+-----------------------------+-----------------------------+----------------------------+----------------------------+-----------------------------+-----------------------------+--------------------+--------------------+-------------------------------------+-------------------------------------+----------------------------+----------------------------+---------------------------+---------------------------+


+---------------------------------------------------------------------------------------+
; Setup Transfers                                                                       ;
+---------------------+---------------------+----------+----------+----------+----------+
; From Clock          ; To Clock            ; RR Paths ; FR Paths ; RF Paths ; FF Paths ;
+---------------------+---------------------+----------+----------+----------+----------+
; altera_reserved_tck ; altera_reserved_tck ; 2452     ; 0        ; 41       ; 0        ;
+---------------------+---------------------+----------+----------+----------+----------+
Entries labeled "false path" only account for clock-to-clock false paths and not path-based false paths. As a result, actual path counts may be lower than reported.


+---------------------------------------------------------------------------------------+
; Hold Transfers                                                                        ;
+---------------------+---------------------+----------+----------+----------+----------+
; From Clock          ; To Clock            ; RR Paths ; FR Paths ; RF Paths ; FF Paths ;
+---------------------+---------------------+----------+----------+----------+----------+
; altera_reserved_tck ; altera_reserved_tck ; 2452     ; 0        ; 41       ; 0        ;
+---------------------+---------------------+----------+----------+----------+----------+
Entries labeled "false path" only account for clock-to-clock false paths and not path-based false paths. As a result, actual path counts may be lower than reported.


+---------------------------------------------------------------------------------------+
; Recovery Transfers                                                                    ;
+---------------------+---------------------+----------+----------+----------+----------+
; From Clock          ; To Clock            ; RR Paths ; FR Paths ; RF Paths ; FF Paths ;
+---------------------+---------------------+----------+----------+----------+----------+
; altera_reserved_tck ; altera_reserved_tck ; 88       ; 0        ; 1        ; 0        ;
+---------------------+---------------------+----------+----------+----------+----------+
Entries labeled "false path" only account for clock-to-clock false paths and not path-based false paths. As a result, actual path counts may be lower than reported.


+---------------------------------------------------------------------------------------+
; Removal Transfers                                                                     ;
+---------------------+---------------------+----------+----------+----------+----------+
; From Clock          ; To Clock            ; RR Paths ; FR Paths ; RF Paths ; FF Paths ;
+---------------------+---------------------+----------+----------+----------+----------+
; altera_reserved_tck ; altera_reserved_tck ; 88       ; 0        ; 1        ; 0        ;
+---------------------+---------------------+----------+----------+----------+----------+
Entries labeled "false path" only account for clock-to-clock false paths and not path-based false paths. As a result, actual path counts may be lower than reported.


---------------
; Report TCCS ;
---------------
No dedicated SERDES Transmitter circuitry present in device or used in design


---------------
; Report RSKM ;
---------------
No dedicated SERDES Receiver circuitry present in device or used in design


+------------------------------------------------+
; Unconstrained Paths                            ;
+---------------------------------+-------+------+
; Property                        ; Setup ; Hold ;
+---------------------------------+-------+------+
; Illegal Clocks                  ; 0     ; 0    ;
; Unconstrained Clocks            ; 2     ; 2    ;
; Unconstrained Input Ports       ; 4     ; 4    ;
; Unconstrained Input Port Paths  ; 79    ; 79   ;
; Unconstrained Output Ports      ; 25    ; 25   ;
; Unconstrained Output Port Paths ; 25    ; 25   ;
+---------------------------------+-------+------+


+------------------------------------+
; TimeQuest Timing Analyzer Messages ;
+------------------------------------+
Info: *******************************************************************
Info: Running Quartus II 64-Bit TimeQuest Timing Analyzer
    Info: Version 13.0.1 Build 232 06/12/2013 Service Pack 1 SJ Full Version
    Info: Processing started: Fri Oct 13 18:36:23 2023
Info: Command: quartus_sta lab2 -c lab2
Info: qsta_default_script.tcl version: #1
Info (11104): Parallel Compilation has detected 8 hyper-threaded processors. However, the extra hyper-threaded processors will not be used by default. Parallel Compilation will use 4 of the 4 physical processors detected instead.
Info (21077): Low junction temperature is 0 degrees C
Info (21077): High junction temperature is 85 degrees C
Info (332164): Evaluating HDL-embedded SDC commands
    Info (332165): Entity sld_jtag_hub
        Info (332166): create_clock -name altera_reserved_tck [get_ports {altera_reserved_tck}] -period 10MHz   
        Info (332166): set_clock_groups -asynchronous -group {altera_reserved_tck}
Critical Warning (332012): Synopsys Design Constraints File file not found: 'lab2.sdc'. A Synopsys Design Constraints File is required by the TimeQuest Timing Analyzer to get proper timing constraints. Without it, the Compiler will not properly optimize the design.
Warning (332060): Node: clk was determined to be a clock but was found without an associated clock assignment.
Warning (332060): Node: lab:inst16|inst was determined to be a clock but was found without an associated clock assignment.
Critical Warning (332168): The following clock transfers have no clock uncertainty assignment. For more accurate results, apply clock uncertainty assignments or use the derive_clock_uncertainty command.
    Critical Warning (332169): From altera_reserved_tck (Rise) to altera_reserved_tck (Rise) (setup and hold)
    Critical Warning (332169): From altera_reserved_tck (Rise) to altera_reserved_tck (Fall) (setup and hold)
Info: Found TIMEQUEST_REPORT_SCRIPT_INCLUDE_DEFAULT_ANALYSIS = ON
Info: Analyzing Slow 1200mV 85C Model
Info (332146): Worst-case setup slack is 44.998
    Info (332119):     Slack End Point TNS Clock 
    Info (332119): ========= ============= =====================
    Info (332119):    44.998         0.000 altera_reserved_tck 
Info (332146): Worst-case hold slack is 0.453
    Info (332119):     Slack End Point TNS Clock 
    Info (332119): ========= ============= =====================
    Info (332119):     0.453         0.000 altera_reserved_tck 
Info (332146): Worst-case recovery slack is 47.102
    Info (332119):     Slack End Point TNS Clock 
    Info (332119): ========= ============= =====================
    Info (332119):    47.102         0.000 altera_reserved_tck 
Info (332146): Worst-case removal slack is 1.341
    Info (332119):     Slack End Point TNS Clock 
    Info (332119): ========= ============= =====================
    Info (332119):     1.341         0.000 altera_reserved_tck 
Info (332146): Worst-case minimum pulse width slack is 49.441
    Info (332119):     Slack End Point TNS Clock 
    Info (332119): ========= ============= =====================
    Info (332119):    49.441         0.000 altera_reserved_tck 
Info: Analyzing Slow 1200mV 0C Model
Info (334003): Started post-fitting delay annotation
Info (334004): Delay annotation completed successfully
Warning (332060): Node: clk was determined to be a clock but was found without an associated clock assignment.
Warning (332060): Node: lab:inst16|inst was determined to be a clock but was found without an associated clock assignment.
Critical Warning (332168): The following clock transfers have no clock uncertainty assignment. For more accurate results, apply clock uncertainty assignments or use the derive_clock_uncertainty command.
    Critical Warning (332169): From altera_reserved_tck (Rise) to altera_reserved_tck (Rise) (setup and hold)
    Critical Warning (332169): From altera_reserved_tck (Rise) to altera_reserved_tck (Fall) (setup and hold)
Info (332146): Worst-case setup slack is 45.372
    Info (332119):     Slack End Point TNS Clock 
    Info (332119): ========= ============= =====================
    Info (332119):    45.372         0.000 altera_reserved_tck 
Info (332146): Worst-case hold slack is 0.401
    Info (332119):     Slack End Point TNS Clock 
    Info (332119): ========= ============= =====================
    Info (332119):     0.401         0.000 altera_reserved_tck 
Info (332146): Worst-case recovery slack is 47.413
    Info (332119):     Slack End Point TNS Clock 
    Info (332119): ========= ============= =====================
    Info (332119):    47.413         0.000 altera_reserved_tck 
Info (332146): Worst-case removal slack is 1.238
    Info (332119):     Slack End Point TNS Clock 
    Info (332119): ========= ============= =====================
    Info (332119):     1.238         0.000 altera_reserved_tck 
Info (332146): Worst-case minimum pulse width slack is 49.292
    Info (332119):     Slack End Point TNS Clock 
    Info (332119): ========= ============= =====================
    Info (332119):    49.292         0.000 altera_reserved_tck 
Info: Analyzing Fast 1200mV 0C Model
Warning (332060): Node: clk was determined to be a clock but was found without an associated clock assignment.
Warning (332060): Node: lab:inst16|inst was determined to be a clock but was found without an associated clock assignment.
Critical Warning (332168): The following clock transfers have no clock uncertainty assignment. For more accurate results, apply clock uncertainty assignments or use the derive_clock_uncertainty command.
    Critical Warning (332169): From altera_reserved_tck (Rise) to altera_reserved_tck (Rise) (setup and hold)
    Critical Warning (332169): From altera_reserved_tck (Rise) to altera_reserved_tck (Fall) (setup and hold)
Info (332146): Worst-case setup slack is 48.022
    Info (332119):     Slack End Point TNS Clock 
    Info (332119): ========= ============= =====================
    Info (332119):    48.022         0.000 altera_reserved_tck 
Info (332146): Worst-case hold slack is 0.182
    Info (332119):     Slack End Point TNS Clock 
    Info (332119): ========= ============= =====================
    Info (332119):     0.182         0.000 altera_reserved_tck 
Info (332146): Worst-case recovery slack is 48.833
    Info (332119):     Slack End Point TNS Clock 
    Info (332119): ========= ============= =====================
    Info (332119):    48.833         0.000 altera_reserved_tck 
Info (332146): Worst-case removal slack is 0.566
    Info (332119):     Slack End Point TNS Clock 
    Info (332119): ========= ============= =====================
    Info (332119):     0.566         0.000 altera_reserved_tck 
Info (332146): Worst-case minimum pulse width slack is 49.454
    Info (332119):     Slack End Point TNS Clock 
    Info (332119): ========= ============= =====================
    Info (332119):    49.454         0.000 altera_reserved_tck 
Info (332102): Design is not fully constrained for setup requirements
Info (332102): Design is not fully constrained for hold requirements
Info: Quartus II 64-Bit TimeQuest Timing Analyzer was successful. 0 errors, 16 warnings
    Info: Peak virtual memory: 464 megabytes
    Info: Processing ended: Fri Oct 13 18:36:27 2023
    Info: Elapsed time: 00:00:04
    Info: Total CPU time (on all processors): 00:00:02


