TimeQuest Timing Analyzer report for lab1
Fri Sep 22 18:48:39 2023
Quartus II 64-Bit Version 13.0.1 Build 232 06/12/2013 Service Pack 1 SJ Full Version


---------------------
; Table of Contents ;
---------------------
  1. Legal Notice
  2. TimeQuest Timing Analyzer Summary
  3. Parallel Compilation
  4. Clocks
  5. Slow 1200mV 85C Model Fmax Summary
  6. Timing Closure Recommendations
  7. Slow 1200mV 85C Model Setup Summary
  8. Slow 1200mV 85C Model Hold Summary
  9. Slow 1200mV 85C Model Recovery Summary
 10. Slow 1200mV 85C Model Removal Summary
 11. Slow 1200mV 85C Model Minimum Pulse Width Summary
 12. Slow 1200mV 85C Model Setup: 'altera_reserved_tck'
 13. Slow 1200mV 85C Model Hold: 'altera_reserved_tck'
 14. Slow 1200mV 85C Model Recovery: 'altera_reserved_tck'
 15. Slow 1200mV 85C Model Removal: 'altera_reserved_tck'
 16. Slow 1200mV 85C Model Minimum Pulse Width: 'altera_reserved_tck'
 17. Setup Times
 18. Hold Times
 19. Clock to Output Times
 20. Minimum Clock to Output Times
 21. Slow 1200mV 85C Model Metastability Report
 22. Slow 1200mV 0C Model Fmax Summary
 23. Slow 1200mV 0C Model Setup Summary
 24. Slow 1200mV 0C Model Hold Summary
 25. Slow 1200mV 0C Model Recovery Summary
 26. Slow 1200mV 0C Model Removal Summary
 27. Slow 1200mV 0C Model Minimum Pulse Width Summary
 28. Slow 1200mV 0C Model Setup: 'altera_reserved_tck'
 29. Slow 1200mV 0C Model Hold: 'altera_reserved_tck'
 30. Slow 1200mV 0C Model Recovery: 'altera_reserved_tck'
 31. Slow 1200mV 0C Model Removal: 'altera_reserved_tck'
 32. Slow 1200mV 0C Model Minimum Pulse Width: 'altera_reserved_tck'
 33. Setup Times
 34. Hold Times
 35. Clock to Output Times
 36. Minimum Clock to Output Times
 37. Slow 1200mV 0C Model Metastability Report
 38. Fast 1200mV 0C Model Setup Summary
 39. Fast 1200mV 0C Model Hold Summary
 40. Fast 1200mV 0C Model Recovery Summary
 41. Fast 1200mV 0C Model Removal Summary
 42. Fast 1200mV 0C Model Minimum Pulse Width Summary
 43. Fast 1200mV 0C Model Setup: 'altera_reserved_tck'
 44. Fast 1200mV 0C Model Hold: 'altera_reserved_tck'
 45. Fast 1200mV 0C Model Recovery: 'altera_reserved_tck'
 46. Fast 1200mV 0C Model Removal: 'altera_reserved_tck'
 47. Fast 1200mV 0C Model Minimum Pulse Width: 'altera_reserved_tck'
 48. Setup Times
 49. Hold Times
 50. Clock to Output Times
 51. Minimum Clock to Output Times
 52. Fast 1200mV 0C Model Metastability Report
 53. Multicorner Timing Analysis Summary
 54. Setup Times
 55. Hold Times
 56. Clock to Output Times
 57. Minimum Clock to Output Times
 58. Board Trace Model Assignments
 59. Input Transition Times
 60. Signal Integrity Metrics (Slow 1200mv 0c Model)
 61. Signal Integrity Metrics (Slow 1200mv 85c Model)
 62. Signal Integrity Metrics (Fast 1200mv 0c Model)
 63. Setup Transfers
 64. Hold Transfers
 65. Recovery Transfers
 66. Removal Transfers
 67. Report TCCS
 68. Report RSKM
 69. Unconstrained Paths
 70. TimeQuest Timing Analyzer Messages



----------------
; Legal Notice ;
----------------
Copyright (C) 1991-2013 Altera Corporation
Your use of Altera Corporation's design tools, logic functions 
and other software and tools, and its AMPP partner logic 
functions, and any output files from any of the foregoing 
(including device programming or simulation files), and any 
associated documentation or information are expressly subject 
to the terms and conditions of the Altera Program License 
Subscription Agreement, Altera MegaCore Function License 
Agreement, or other applicable license agreement, including, 
without limitation, that your use is for the sole purpose of 
programming logic devices manufactured by Altera and sold by 
Altera or its authorized distributors.  Please refer to the 
applicable agreement for further details.



+-----------------------------------------------------------------------------------------+
; TimeQuest Timing Analyzer Summary                                                       ;
+--------------------+--------------------------------------------------------------------+
; Quartus II Version ; Version 13.0.1 Build 232 06/12/2013 Service Pack 1 SJ Full Version ;
; Revision Name      ; lab1                                                               ;
; Device Family      ; Cyclone IV E                                                       ;
; Device Name        ; EP4CE6E22C8                                                        ;
; Timing Models      ; Final                                                              ;
; Delay Model        ; Combined                                                           ;
; Rise/Fall Delays   ; Enabled                                                            ;
+--------------------+--------------------------------------------------------------------+


+------------------------------------------+
; Parallel Compilation                     ;
+----------------------------+-------------+
; Processors                 ; Number      ;
+----------------------------+-------------+
; Number detected on machine ; 8           ;
; Maximum allowed            ; 4           ;
;                            ;             ;
; Average used               ; 1.00        ;
; Maximum used               ; 4           ;
;                            ;             ;
; Usage by Processor         ; % Time Used ;
;     Processor 1            ; 100.0%      ;
;     Processors 2-4         ; < 0.1%      ;
;     Processors 5-8         ;   0.0%      ;
+----------------------------+-------------+


+-----------------------------------------------------------------------------------------------------------------------------------------------------------------------------------------------------------+
; Clocks                                                                                                                                                                                                    ;
+---------------------+------+---------+-----------+-------+--------+------------+-----------+-------------+-------+--------+-----------+------------+----------+--------+--------+-------------------------+
; Clock Name          ; Type ; Period  ; Frequency ; Rise  ; Fall   ; Duty Cycle ; Divide by ; Multiply by ; Phase ; Offset ; Edge List ; Edge Shift ; Inverted ; Master ; Source ; Targets                 ;
+---------------------+------+---------+-----------+-------+--------+------------+-----------+-------------+-------+--------+-----------+------------+----------+--------+--------+-------------------------+
; altera_reserved_tck ; Base ; 100.000 ; 10.0 MHz  ; 0.000 ; 50.000 ;            ;           ;             ;       ;        ;           ;            ;          ;        ;        ; { altera_reserved_tck } ;
+---------------------+------+---------+-----------+-------+--------+------------+-----------+-------------+-------+--------+-----------+------------+----------+--------+--------+-------------------------+


+---------------------------------------------------------+
; Slow 1200mV 85C Model Fmax Summary                      ;
+----------+-----------------+---------------------+------+
; Fmax     ; Restricted Fmax ; Clock Name          ; Note ;
+----------+-----------------+---------------------+------+
; 86.1 MHz ; 86.1 MHz        ; altera_reserved_tck ;      ;
+----------+-----------------+---------------------+------+
This panel reports FMAX for every clock in the design, regardless of the user-specified clock periods.  FMAX is only computed for paths where the source and destination registers or ports are driven by the same clock.  Paths of different clocks, including generated clocks, are ignored.  For paths between a clock and its inversion, FMAX is computed as if the rising and falling edges are scaled along with FMAX, such that the duty cycle (in terms of a percentage) is maintained. Altera recommends that you always use clock constraints and other slack reports for sign-off analysis.


----------------------------------
; Timing Closure Recommendations ;
----------------------------------
HTML report is unavailable in plain text report export.


+----------------------------------------------+
; Slow 1200mV 85C Model Setup Summary          ;
+---------------------+--------+---------------+
; Clock               ; Slack  ; End Point TNS ;
+---------------------+--------+---------------+
; altera_reserved_tck ; 44.193 ; 0.000         ;
+---------------------+--------+---------------+


+---------------------------------------------+
; Slow 1200mV 85C Model Hold Summary          ;
+---------------------+-------+---------------+
; Clock               ; Slack ; End Point TNS ;
+---------------------+-------+---------------+
; altera_reserved_tck ; 0.452 ; 0.000         ;
+---------------------+-------+---------------+


+----------------------------------------------+
; Slow 1200mV 85C Model Recovery Summary       ;
+---------------------+--------+---------------+
; Clock               ; Slack  ; End Point TNS ;
+---------------------+--------+---------------+
; altera_reserved_tck ; 46.808 ; 0.000         ;
+---------------------+--------+---------------+


+---------------------------------------------+
; Slow 1200mV 85C Model Removal Summary       ;
+---------------------+-------+---------------+
; Clock               ; Slack ; End Point TNS ;
+---------------------+-------+---------------+
; altera_reserved_tck ; 1.357 ; 0.000         ;
+---------------------+-------+---------------+


+---------------------------------------------------+
; Slow 1200mV 85C Model Minimum Pulse Width Summary ;
+---------------------+--------+--------------------+
; Clock               ; Slack  ; End Point TNS      ;
+---------------------+--------+--------------------+
; altera_reserved_tck ; 49.450 ; 0.000              ;
+---------------------+--------+--------------------+


+------------------------------------------------------------------------------------------------------------------------------------------------------------------------------------------------------------------------------------------------------------------------------------------------------------------------------------------------------------------------------------------------------+
; Slow 1200mV 85C Model Setup: 'altera_reserved_tck'                                                                                                                                                                                                                                                                                                                                                   ;
+--------+-------------------------------------------------------------------------------------------------------------------------------------------------------------------+------------------------------------------------------------------------------------------------------------------------------------+---------------------+---------------------+--------------+------------+------------+
; Slack  ; From Node                                                                                                                                                         ; To Node                                                                                                                            ; Launch Clock        ; Latch Clock         ; Relationship ; Clock Skew ; Data Delay ;
+--------+-------------------------------------------------------------------------------------------------------------------------------------------------------------------+------------------------------------------------------------------------------------------------------------------------------------+---------------------+---------------------+--------------+------------+------------+
; 44.193 ; rom1:inst2|altsyncram:altsyncram_component|altsyncram_bnb1:auto_generated|sld_mod_ram_rom:mgl_prim2|ram_rom_data_reg[0]                                           ; sld_hub:auto_hub|sld_jtag_hub:\jtag_hub_gen:sld_jtag_hub_inst|tdo                                                                  ; altera_reserved_tck ; altera_reserved_tck ; 50.000       ; 0.198      ; 6.026      ;
; 44.911 ; rom1:inst2|altsyncram:altsyncram_component|altsyncram_bnb1:auto_generated|sld_mod_ram_rom:mgl_prim2|sld_rom_sr:\ram_rom_logic_gen:name_gen:info_rom_sr|WORD_SR[0] ; sld_hub:auto_hub|sld_jtag_hub:\jtag_hub_gen:sld_jtag_hub_inst|tdo                                                                  ; altera_reserved_tck ; altera_reserved_tck ; 50.000       ; 0.216      ; 5.326      ;
; 45.165 ; sld_hub:auto_hub|sld_jtag_hub:\jtag_hub_gen:sld_jtag_hub_inst|irf_reg[1][2]                                                                                       ; sld_hub:auto_hub|sld_jtag_hub:\jtag_hub_gen:sld_jtag_hub_inst|tdo                                                                  ; altera_reserved_tck ; altera_reserved_tck ; 50.000       ; 0.210      ; 5.066      ;
; 45.363 ; sld_hub:auto_hub|sld_jtag_hub:\jtag_hub_gen:sld_jtag_hub_inst|irf_reg[1][1]                                                                                       ; sld_hub:auto_hub|sld_jtag_hub:\jtag_hub_gen:sld_jtag_hub_inst|tdo                                                                  ; altera_reserved_tck ; altera_reserved_tck ; 50.000       ; 0.210      ; 4.868      ;
; 45.589 ; rom1:inst2|altsyncram:altsyncram_component|altsyncram_bnb1:auto_generated|sld_mod_ram_rom:mgl_prim2|bypass_reg_out                                                ; sld_hub:auto_hub|sld_jtag_hub:\jtag_hub_gen:sld_jtag_hub_inst|tdo                                                                  ; altera_reserved_tck ; altera_reserved_tck ; 50.000       ; 0.210      ; 4.642      ;
; 46.179 ; sld_hub:auto_hub|sld_jtag_hub:\jtag_hub_gen:sld_jtag_hub_inst|irsr_reg[2]                                                                                         ; sld_hub:auto_hub|sld_jtag_hub:\jtag_hub_gen:sld_jtag_hub_inst|tdo                                                                  ; altera_reserved_tck ; altera_reserved_tck ; 50.000       ; 0.199      ; 4.041      ;
; 46.257 ; sld_hub:auto_hub|sld_jtag_hub:\jtag_hub_gen:sld_jtag_hub_inst|irf_reg[1][0]                                                                                       ; sld_hub:auto_hub|sld_jtag_hub:\jtag_hub_gen:sld_jtag_hub_inst|tdo                                                                  ; altera_reserved_tck ; altera_reserved_tck ; 50.000       ; 0.210      ; 3.974      ;
; 46.292 ; sld_hub:auto_hub|sld_jtag_hub:\jtag_hub_gen:sld_jtag_hub_inst|irsr_reg[5]                                                                                         ; sld_hub:auto_hub|sld_jtag_hub:\jtag_hub_gen:sld_jtag_hub_inst|tdo                                                                  ; altera_reserved_tck ; altera_reserved_tck ; 50.000       ; 0.199      ; 3.928      ;
; 46.305 ; sld_hub:auto_hub|sld_jtag_hub:\jtag_hub_gen:sld_jtag_hub_inst|irsr_reg[0]                                                                                         ; sld_hub:auto_hub|sld_jtag_hub:\jtag_hub_gen:sld_jtag_hub_inst|tdo                                                                  ; altera_reserved_tck ; altera_reserved_tck ; 50.000       ; 0.199      ; 3.915      ;
; 46.460 ; sld_hub:auto_hub|sld_jtag_hub:\jtag_hub_gen:sld_jtag_hub_inst|irsr_reg[1]                                                                                         ; sld_hub:auto_hub|sld_jtag_hub:\jtag_hub_gen:sld_jtag_hub_inst|tdo                                                                  ; altera_reserved_tck ; altera_reserved_tck ; 50.000       ; 0.199      ; 3.760      ;
; 46.471 ; sld_hub:auto_hub|sld_jtag_hub:\jtag_hub_gen:sld_jtag_hub_inst|hub_minor_ver_reg[0]                                                                                ; sld_hub:auto_hub|sld_jtag_hub:\jtag_hub_gen:sld_jtag_hub_inst|tdo                                                                  ; altera_reserved_tck ; altera_reserved_tck ; 50.000       ; 0.221      ; 3.771      ;
; 46.658 ; sld_hub:auto_hub|sld_jtag_hub:\jtag_hub_gen:sld_jtag_hub_inst|sld_rom_sr:hub_info_reg|WORD_SR[0]                                                                  ; sld_hub:auto_hub|sld_jtag_hub:\jtag_hub_gen:sld_jtag_hub_inst|tdo                                                                  ; altera_reserved_tck ; altera_reserved_tck ; 50.000       ; 0.216      ; 3.579      ;
; 47.293 ; sld_hub:auto_hub|sld_jtag_hub:\jtag_hub_gen:sld_jtag_hub_inst|virtual_ir_scan_reg                                                                                 ; sld_hub:auto_hub|sld_jtag_hub:\jtag_hub_gen:sld_jtag_hub_inst|tdo                                                                  ; altera_reserved_tck ; altera_reserved_tck ; 50.000       ; 0.222      ; 2.950      ;
; 47.487 ; sld_hub:auto_hub|sld_jtag_hub:\jtag_hub_gen:sld_jtag_hub_inst|sld_shadow_jsm:shadow_jsm|state[4]                                                                  ; sld_hub:auto_hub|sld_jtag_hub:\jtag_hub_gen:sld_jtag_hub_inst|tdo                                                                  ; altera_reserved_tck ; altera_reserved_tck ; 50.000       ; 0.223      ; 2.757      ;
; 47.564 ; sld_hub:auto_hub|sld_jtag_hub:\jtag_hub_gen:sld_jtag_hub_inst|tdo_bypass_reg                                                                                      ; sld_hub:auto_hub|sld_jtag_hub:\jtag_hub_gen:sld_jtag_hub_inst|tdo                                                                  ; altera_reserved_tck ; altera_reserved_tck ; 50.000       ; 0.221      ; 2.678      ;
; 47.673 ; sld_hub:auto_hub|sld_jtag_hub:\jtag_hub_gen:sld_jtag_hub_inst|sld_shadow_jsm:shadow_jsm|state[3]                                                                  ; sld_hub:auto_hub|sld_jtag_hub:\jtag_hub_gen:sld_jtag_hub_inst|tdo                                                                  ; altera_reserved_tck ; altera_reserved_tck ; 50.000       ; 0.221      ; 2.569      ;
; 48.383 ; sld_hub:auto_hub|sld_jtag_hub:\jtag_hub_gen:sld_jtag_hub_inst|design_hash_reg[0]                                                                                  ; sld_hub:auto_hub|sld_jtag_hub:\jtag_hub_gen:sld_jtag_hub_inst|tdo                                                                  ; altera_reserved_tck ; altera_reserved_tck ; 50.000       ; 0.231      ; 1.869      ;
; 93.474 ; sld_hub:auto_hub|sld_jtag_hub:\jtag_hub_gen:sld_jtag_hub_inst|virtual_ir_scan_reg                                                                                 ; rom1:inst2|altsyncram:altsyncram_component|altsyncram_bnb1:auto_generated|sld_mod_ram_rom:mgl_prim2|ram_rom_data_reg[22]           ; altera_reserved_tck ; altera_reserved_tck ; 100.000      ; -0.062     ; 6.485      ;
; 93.474 ; sld_hub:auto_hub|sld_jtag_hub:\jtag_hub_gen:sld_jtag_hub_inst|virtual_ir_scan_reg                                                                                 ; rom1:inst2|altsyncram:altsyncram_component|altsyncram_bnb1:auto_generated|sld_mod_ram_rom:mgl_prim2|ram_rom_data_reg[21]           ; altera_reserved_tck ; altera_reserved_tck ; 100.000      ; -0.062     ; 6.485      ;
; 93.474 ; sld_hub:auto_hub|sld_jtag_hub:\jtag_hub_gen:sld_jtag_hub_inst|virtual_ir_scan_reg                                                                                 ; rom1:inst2|altsyncram:altsyncram_component|altsyncram_bnb1:auto_generated|sld_mod_ram_rom:mgl_prim2|ram_rom_data_reg[20]           ; altera_reserved_tck ; altera_reserved_tck ; 100.000      ; -0.062     ; 6.485      ;
; 93.474 ; sld_hub:auto_hub|sld_jtag_hub:\jtag_hub_gen:sld_jtag_hub_inst|virtual_ir_scan_reg                                                                                 ; rom1:inst2|altsyncram:altsyncram_component|altsyncram_bnb1:auto_generated|sld_mod_ram_rom:mgl_prim2|ram_rom_data_reg[19]           ; altera_reserved_tck ; altera_reserved_tck ; 100.000      ; -0.062     ; 6.485      ;
; 93.474 ; sld_hub:auto_hub|sld_jtag_hub:\jtag_hub_gen:sld_jtag_hub_inst|virtual_ir_scan_reg                                                                                 ; rom1:inst2|altsyncram:altsyncram_component|altsyncram_bnb1:auto_generated|sld_mod_ram_rom:mgl_prim2|ram_rom_data_reg[18]           ; altera_reserved_tck ; altera_reserved_tck ; 100.000      ; -0.062     ; 6.485      ;
; 93.474 ; sld_hub:auto_hub|sld_jtag_hub:\jtag_hub_gen:sld_jtag_hub_inst|virtual_ir_scan_reg                                                                                 ; rom1:inst2|altsyncram:altsyncram_component|altsyncram_bnb1:auto_generated|sld_mod_ram_rom:mgl_prim2|ram_rom_data_reg[17]           ; altera_reserved_tck ; altera_reserved_tck ; 100.000      ; -0.062     ; 6.485      ;
; 93.474 ; sld_hub:auto_hub|sld_jtag_hub:\jtag_hub_gen:sld_jtag_hub_inst|virtual_ir_scan_reg                                                                                 ; rom1:inst2|altsyncram:altsyncram_component|altsyncram_bnb1:auto_generated|sld_mod_ram_rom:mgl_prim2|ram_rom_data_reg[16]           ; altera_reserved_tck ; altera_reserved_tck ; 100.000      ; -0.062     ; 6.485      ;
; 93.474 ; sld_hub:auto_hub|sld_jtag_hub:\jtag_hub_gen:sld_jtag_hub_inst|virtual_ir_scan_reg                                                                                 ; rom1:inst2|altsyncram:altsyncram_component|altsyncram_bnb1:auto_generated|sld_mod_ram_rom:mgl_prim2|ram_rom_data_reg[15]           ; altera_reserved_tck ; altera_reserved_tck ; 100.000      ; -0.062     ; 6.485      ;
; 93.474 ; sld_hub:auto_hub|sld_jtag_hub:\jtag_hub_gen:sld_jtag_hub_inst|virtual_ir_scan_reg                                                                                 ; rom1:inst2|altsyncram:altsyncram_component|altsyncram_bnb1:auto_generated|sld_mod_ram_rom:mgl_prim2|ram_rom_data_reg[23]           ; altera_reserved_tck ; altera_reserved_tck ; 100.000      ; -0.062     ; 6.485      ;
; 93.712 ; rom1:inst2|altsyncram:altsyncram_component|altsyncram_bnb1:auto_generated|sld_mod_ram_rom:mgl_prim2|ram_rom_data_shift_cntr_reg[3]                                ; rom1:inst2|altsyncram:altsyncram_component|altsyncram_bnb1:auto_generated|sld_mod_ram_rom:mgl_prim2|ram_rom_data_reg[22]           ; altera_reserved_tck ; altera_reserved_tck ; 100.000      ; -0.094     ; 6.215      ;
; 93.712 ; rom1:inst2|altsyncram:altsyncram_component|altsyncram_bnb1:auto_generated|sld_mod_ram_rom:mgl_prim2|ram_rom_data_shift_cntr_reg[3]                                ; rom1:inst2|altsyncram:altsyncram_component|altsyncram_bnb1:auto_generated|sld_mod_ram_rom:mgl_prim2|ram_rom_data_reg[21]           ; altera_reserved_tck ; altera_reserved_tck ; 100.000      ; -0.094     ; 6.215      ;
; 93.712 ; rom1:inst2|altsyncram:altsyncram_component|altsyncram_bnb1:auto_generated|sld_mod_ram_rom:mgl_prim2|ram_rom_data_shift_cntr_reg[3]                                ; rom1:inst2|altsyncram:altsyncram_component|altsyncram_bnb1:auto_generated|sld_mod_ram_rom:mgl_prim2|ram_rom_data_reg[20]           ; altera_reserved_tck ; altera_reserved_tck ; 100.000      ; -0.094     ; 6.215      ;
; 93.712 ; rom1:inst2|altsyncram:altsyncram_component|altsyncram_bnb1:auto_generated|sld_mod_ram_rom:mgl_prim2|ram_rom_data_shift_cntr_reg[3]                                ; rom1:inst2|altsyncram:altsyncram_component|altsyncram_bnb1:auto_generated|sld_mod_ram_rom:mgl_prim2|ram_rom_data_reg[19]           ; altera_reserved_tck ; altera_reserved_tck ; 100.000      ; -0.094     ; 6.215      ;
; 93.712 ; rom1:inst2|altsyncram:altsyncram_component|altsyncram_bnb1:auto_generated|sld_mod_ram_rom:mgl_prim2|ram_rom_data_shift_cntr_reg[3]                                ; rom1:inst2|altsyncram:altsyncram_component|altsyncram_bnb1:auto_generated|sld_mod_ram_rom:mgl_prim2|ram_rom_data_reg[18]           ; altera_reserved_tck ; altera_reserved_tck ; 100.000      ; -0.094     ; 6.215      ;
; 93.712 ; rom1:inst2|altsyncram:altsyncram_component|altsyncram_bnb1:auto_generated|sld_mod_ram_rom:mgl_prim2|ram_rom_data_shift_cntr_reg[3]                                ; rom1:inst2|altsyncram:altsyncram_component|altsyncram_bnb1:auto_generated|sld_mod_ram_rom:mgl_prim2|ram_rom_data_reg[17]           ; altera_reserved_tck ; altera_reserved_tck ; 100.000      ; -0.094     ; 6.215      ;
; 93.712 ; rom1:inst2|altsyncram:altsyncram_component|altsyncram_bnb1:auto_generated|sld_mod_ram_rom:mgl_prim2|ram_rom_data_shift_cntr_reg[3]                                ; rom1:inst2|altsyncram:altsyncram_component|altsyncram_bnb1:auto_generated|sld_mod_ram_rom:mgl_prim2|ram_rom_data_reg[16]           ; altera_reserved_tck ; altera_reserved_tck ; 100.000      ; -0.094     ; 6.215      ;
; 93.712 ; rom1:inst2|altsyncram:altsyncram_component|altsyncram_bnb1:auto_generated|sld_mod_ram_rom:mgl_prim2|ram_rom_data_shift_cntr_reg[3]                                ; rom1:inst2|altsyncram:altsyncram_component|altsyncram_bnb1:auto_generated|sld_mod_ram_rom:mgl_prim2|ram_rom_data_reg[15]           ; altera_reserved_tck ; altera_reserved_tck ; 100.000      ; -0.094     ; 6.215      ;
; 93.712 ; rom1:inst2|altsyncram:altsyncram_component|altsyncram_bnb1:auto_generated|sld_mod_ram_rom:mgl_prim2|ram_rom_data_shift_cntr_reg[3]                                ; rom1:inst2|altsyncram:altsyncram_component|altsyncram_bnb1:auto_generated|sld_mod_ram_rom:mgl_prim2|ram_rom_data_reg[23]           ; altera_reserved_tck ; altera_reserved_tck ; 100.000      ; -0.094     ; 6.215      ;
; 93.800 ; sld_hub:auto_hub|sld_jtag_hub:\jtag_hub_gen:sld_jtag_hub_inst|node_ena[1]~reg0                                                                                    ; rom1:inst2|altsyncram:altsyncram_component|altsyncram_bnb1:auto_generated|sld_mod_ram_rom:mgl_prim2|ram_rom_data_reg[22]           ; altera_reserved_tck ; altera_reserved_tck ; 100.000      ; -0.063     ; 6.158      ;
; 93.800 ; sld_hub:auto_hub|sld_jtag_hub:\jtag_hub_gen:sld_jtag_hub_inst|node_ena[1]~reg0                                                                                    ; rom1:inst2|altsyncram:altsyncram_component|altsyncram_bnb1:auto_generated|sld_mod_ram_rom:mgl_prim2|ram_rom_data_reg[21]           ; altera_reserved_tck ; altera_reserved_tck ; 100.000      ; -0.063     ; 6.158      ;
; 93.800 ; sld_hub:auto_hub|sld_jtag_hub:\jtag_hub_gen:sld_jtag_hub_inst|node_ena[1]~reg0                                                                                    ; rom1:inst2|altsyncram:altsyncram_component|altsyncram_bnb1:auto_generated|sld_mod_ram_rom:mgl_prim2|ram_rom_data_reg[20]           ; altera_reserved_tck ; altera_reserved_tck ; 100.000      ; -0.063     ; 6.158      ;
; 93.800 ; sld_hub:auto_hub|sld_jtag_hub:\jtag_hub_gen:sld_jtag_hub_inst|node_ena[1]~reg0                                                                                    ; rom1:inst2|altsyncram:altsyncram_component|altsyncram_bnb1:auto_generated|sld_mod_ram_rom:mgl_prim2|ram_rom_data_reg[19]           ; altera_reserved_tck ; altera_reserved_tck ; 100.000      ; -0.063     ; 6.158      ;
; 93.800 ; sld_hub:auto_hub|sld_jtag_hub:\jtag_hub_gen:sld_jtag_hub_inst|node_ena[1]~reg0                                                                                    ; rom1:inst2|altsyncram:altsyncram_component|altsyncram_bnb1:auto_generated|sld_mod_ram_rom:mgl_prim2|ram_rom_data_reg[18]           ; altera_reserved_tck ; altera_reserved_tck ; 100.000      ; -0.063     ; 6.158      ;
; 93.800 ; sld_hub:auto_hub|sld_jtag_hub:\jtag_hub_gen:sld_jtag_hub_inst|node_ena[1]~reg0                                                                                    ; rom1:inst2|altsyncram:altsyncram_component|altsyncram_bnb1:auto_generated|sld_mod_ram_rom:mgl_prim2|ram_rom_data_reg[17]           ; altera_reserved_tck ; altera_reserved_tck ; 100.000      ; -0.063     ; 6.158      ;
; 93.800 ; sld_hub:auto_hub|sld_jtag_hub:\jtag_hub_gen:sld_jtag_hub_inst|node_ena[1]~reg0                                                                                    ; rom1:inst2|altsyncram:altsyncram_component|altsyncram_bnb1:auto_generated|sld_mod_ram_rom:mgl_prim2|ram_rom_data_reg[16]           ; altera_reserved_tck ; altera_reserved_tck ; 100.000      ; -0.063     ; 6.158      ;
; 93.800 ; sld_hub:auto_hub|sld_jtag_hub:\jtag_hub_gen:sld_jtag_hub_inst|node_ena[1]~reg0                                                                                    ; rom1:inst2|altsyncram:altsyncram_component|altsyncram_bnb1:auto_generated|sld_mod_ram_rom:mgl_prim2|ram_rom_data_reg[15]           ; altera_reserved_tck ; altera_reserved_tck ; 100.000      ; -0.063     ; 6.158      ;
; 93.800 ; sld_hub:auto_hub|sld_jtag_hub:\jtag_hub_gen:sld_jtag_hub_inst|node_ena[1]~reg0                                                                                    ; rom1:inst2|altsyncram:altsyncram_component|altsyncram_bnb1:auto_generated|sld_mod_ram_rom:mgl_prim2|ram_rom_data_reg[23]           ; altera_reserved_tck ; altera_reserved_tck ; 100.000      ; -0.063     ; 6.158      ;
; 93.820 ; rom1:inst2|altsyncram:altsyncram_component|altsyncram_bnb1:auto_generated|sld_mod_ram_rom:mgl_prim2|ram_rom_data_shift_cntr_reg[2]                                ; rom1:inst2|altsyncram:altsyncram_component|altsyncram_bnb1:auto_generated|sld_mod_ram_rom:mgl_prim2|ram_rom_data_reg[22]           ; altera_reserved_tck ; altera_reserved_tck ; 100.000      ; -0.094     ; 6.107      ;
; 93.820 ; rom1:inst2|altsyncram:altsyncram_component|altsyncram_bnb1:auto_generated|sld_mod_ram_rom:mgl_prim2|ram_rom_data_shift_cntr_reg[2]                                ; rom1:inst2|altsyncram:altsyncram_component|altsyncram_bnb1:auto_generated|sld_mod_ram_rom:mgl_prim2|ram_rom_data_reg[21]           ; altera_reserved_tck ; altera_reserved_tck ; 100.000      ; -0.094     ; 6.107      ;
; 93.820 ; rom1:inst2|altsyncram:altsyncram_component|altsyncram_bnb1:auto_generated|sld_mod_ram_rom:mgl_prim2|ram_rom_data_shift_cntr_reg[2]                                ; rom1:inst2|altsyncram:altsyncram_component|altsyncram_bnb1:auto_generated|sld_mod_ram_rom:mgl_prim2|ram_rom_data_reg[20]           ; altera_reserved_tck ; altera_reserved_tck ; 100.000      ; -0.094     ; 6.107      ;
; 93.820 ; rom1:inst2|altsyncram:altsyncram_component|altsyncram_bnb1:auto_generated|sld_mod_ram_rom:mgl_prim2|ram_rom_data_shift_cntr_reg[2]                                ; rom1:inst2|altsyncram:altsyncram_component|altsyncram_bnb1:auto_generated|sld_mod_ram_rom:mgl_prim2|ram_rom_data_reg[19]           ; altera_reserved_tck ; altera_reserved_tck ; 100.000      ; -0.094     ; 6.107      ;
; 93.820 ; rom1:inst2|altsyncram:altsyncram_component|altsyncram_bnb1:auto_generated|sld_mod_ram_rom:mgl_prim2|ram_rom_data_shift_cntr_reg[2]                                ; rom1:inst2|altsyncram:altsyncram_component|altsyncram_bnb1:auto_generated|sld_mod_ram_rom:mgl_prim2|ram_rom_data_reg[18]           ; altera_reserved_tck ; altera_reserved_tck ; 100.000      ; -0.094     ; 6.107      ;
; 93.820 ; rom1:inst2|altsyncram:altsyncram_component|altsyncram_bnb1:auto_generated|sld_mod_ram_rom:mgl_prim2|ram_rom_data_shift_cntr_reg[2]                                ; rom1:inst2|altsyncram:altsyncram_component|altsyncram_bnb1:auto_generated|sld_mod_ram_rom:mgl_prim2|ram_rom_data_reg[17]           ; altera_reserved_tck ; altera_reserved_tck ; 100.000      ; -0.094     ; 6.107      ;
; 93.820 ; rom1:inst2|altsyncram:altsyncram_component|altsyncram_bnb1:auto_generated|sld_mod_ram_rom:mgl_prim2|ram_rom_data_shift_cntr_reg[2]                                ; rom1:inst2|altsyncram:altsyncram_component|altsyncram_bnb1:auto_generated|sld_mod_ram_rom:mgl_prim2|ram_rom_data_reg[16]           ; altera_reserved_tck ; altera_reserved_tck ; 100.000      ; -0.094     ; 6.107      ;
; 93.820 ; rom1:inst2|altsyncram:altsyncram_component|altsyncram_bnb1:auto_generated|sld_mod_ram_rom:mgl_prim2|ram_rom_data_shift_cntr_reg[2]                                ; rom1:inst2|altsyncram:altsyncram_component|altsyncram_bnb1:auto_generated|sld_mod_ram_rom:mgl_prim2|ram_rom_data_reg[15]           ; altera_reserved_tck ; altera_reserved_tck ; 100.000      ; -0.094     ; 6.107      ;
; 93.820 ; rom1:inst2|altsyncram:altsyncram_component|altsyncram_bnb1:auto_generated|sld_mod_ram_rom:mgl_prim2|ram_rom_data_shift_cntr_reg[2]                                ; rom1:inst2|altsyncram:altsyncram_component|altsyncram_bnb1:auto_generated|sld_mod_ram_rom:mgl_prim2|ram_rom_data_reg[23]           ; altera_reserved_tck ; altera_reserved_tck ; 100.000      ; -0.094     ; 6.107      ;
; 93.944 ; rom1:inst2|altsyncram:altsyncram_component|altsyncram_bnb1:auto_generated|sld_mod_ram_rom:mgl_prim2|ram_rom_data_shift_cntr_reg[4]                                ; rom1:inst2|altsyncram:altsyncram_component|altsyncram_bnb1:auto_generated|sld_mod_ram_rom:mgl_prim2|ram_rom_data_reg[22]           ; altera_reserved_tck ; altera_reserved_tck ; 100.000      ; -0.094     ; 5.983      ;
; 93.944 ; rom1:inst2|altsyncram:altsyncram_component|altsyncram_bnb1:auto_generated|sld_mod_ram_rom:mgl_prim2|ram_rom_data_shift_cntr_reg[4]                                ; rom1:inst2|altsyncram:altsyncram_component|altsyncram_bnb1:auto_generated|sld_mod_ram_rom:mgl_prim2|ram_rom_data_reg[21]           ; altera_reserved_tck ; altera_reserved_tck ; 100.000      ; -0.094     ; 5.983      ;
; 93.944 ; rom1:inst2|altsyncram:altsyncram_component|altsyncram_bnb1:auto_generated|sld_mod_ram_rom:mgl_prim2|ram_rom_data_shift_cntr_reg[4]                                ; rom1:inst2|altsyncram:altsyncram_component|altsyncram_bnb1:auto_generated|sld_mod_ram_rom:mgl_prim2|ram_rom_data_reg[20]           ; altera_reserved_tck ; altera_reserved_tck ; 100.000      ; -0.094     ; 5.983      ;
; 93.944 ; rom1:inst2|altsyncram:altsyncram_component|altsyncram_bnb1:auto_generated|sld_mod_ram_rom:mgl_prim2|ram_rom_data_shift_cntr_reg[4]                                ; rom1:inst2|altsyncram:altsyncram_component|altsyncram_bnb1:auto_generated|sld_mod_ram_rom:mgl_prim2|ram_rom_data_reg[19]           ; altera_reserved_tck ; altera_reserved_tck ; 100.000      ; -0.094     ; 5.983      ;
; 93.944 ; rom1:inst2|altsyncram:altsyncram_component|altsyncram_bnb1:auto_generated|sld_mod_ram_rom:mgl_prim2|ram_rom_data_shift_cntr_reg[4]                                ; rom1:inst2|altsyncram:altsyncram_component|altsyncram_bnb1:auto_generated|sld_mod_ram_rom:mgl_prim2|ram_rom_data_reg[18]           ; altera_reserved_tck ; altera_reserved_tck ; 100.000      ; -0.094     ; 5.983      ;
; 93.944 ; rom1:inst2|altsyncram:altsyncram_component|altsyncram_bnb1:auto_generated|sld_mod_ram_rom:mgl_prim2|ram_rom_data_shift_cntr_reg[4]                                ; rom1:inst2|altsyncram:altsyncram_component|altsyncram_bnb1:auto_generated|sld_mod_ram_rom:mgl_prim2|ram_rom_data_reg[17]           ; altera_reserved_tck ; altera_reserved_tck ; 100.000      ; -0.094     ; 5.983      ;
; 93.944 ; rom1:inst2|altsyncram:altsyncram_component|altsyncram_bnb1:auto_generated|sld_mod_ram_rom:mgl_prim2|ram_rom_data_shift_cntr_reg[4]                                ; rom1:inst2|altsyncram:altsyncram_component|altsyncram_bnb1:auto_generated|sld_mod_ram_rom:mgl_prim2|ram_rom_data_reg[16]           ; altera_reserved_tck ; altera_reserved_tck ; 100.000      ; -0.094     ; 5.983      ;
; 93.944 ; rom1:inst2|altsyncram:altsyncram_component|altsyncram_bnb1:auto_generated|sld_mod_ram_rom:mgl_prim2|ram_rom_data_shift_cntr_reg[4]                                ; rom1:inst2|altsyncram:altsyncram_component|altsyncram_bnb1:auto_generated|sld_mod_ram_rom:mgl_prim2|ram_rom_data_reg[15]           ; altera_reserved_tck ; altera_reserved_tck ; 100.000      ; -0.094     ; 5.983      ;
; 93.944 ; rom1:inst2|altsyncram:altsyncram_component|altsyncram_bnb1:auto_generated|sld_mod_ram_rom:mgl_prim2|ram_rom_data_shift_cntr_reg[4]                                ; rom1:inst2|altsyncram:altsyncram_component|altsyncram_bnb1:auto_generated|sld_mod_ram_rom:mgl_prim2|ram_rom_data_reg[23]           ; altera_reserved_tck ; altera_reserved_tck ; 100.000      ; -0.094     ; 5.983      ;
; 94.013 ; sld_hub:auto_hub|sld_jtag_hub:\jtag_hub_gen:sld_jtag_hub_inst|virtual_ir_scan_reg                                                                                 ; rom1:inst2|altsyncram:altsyncram_component|altsyncram_bnb1:auto_generated|sld_mod_ram_rom:mgl_prim2|ram_rom_data_reg[14]           ; altera_reserved_tck ; altera_reserved_tck ; 100.000      ; -0.069     ; 5.939      ;
; 94.013 ; sld_hub:auto_hub|sld_jtag_hub:\jtag_hub_gen:sld_jtag_hub_inst|virtual_ir_scan_reg                                                                                 ; rom1:inst2|altsyncram:altsyncram_component|altsyncram_bnb1:auto_generated|sld_mod_ram_rom:mgl_prim2|ram_rom_data_reg[13]           ; altera_reserved_tck ; altera_reserved_tck ; 100.000      ; -0.069     ; 5.939      ;
; 94.013 ; sld_hub:auto_hub|sld_jtag_hub:\jtag_hub_gen:sld_jtag_hub_inst|virtual_ir_scan_reg                                                                                 ; rom1:inst2|altsyncram:altsyncram_component|altsyncram_bnb1:auto_generated|sld_mod_ram_rom:mgl_prim2|ram_rom_data_reg[12]           ; altera_reserved_tck ; altera_reserved_tck ; 100.000      ; -0.069     ; 5.939      ;
; 94.013 ; sld_hub:auto_hub|sld_jtag_hub:\jtag_hub_gen:sld_jtag_hub_inst|virtual_ir_scan_reg                                                                                 ; rom1:inst2|altsyncram:altsyncram_component|altsyncram_bnb1:auto_generated|sld_mod_ram_rom:mgl_prim2|ram_rom_data_reg[11]           ; altera_reserved_tck ; altera_reserved_tck ; 100.000      ; -0.069     ; 5.939      ;
; 94.013 ; sld_hub:auto_hub|sld_jtag_hub:\jtag_hub_gen:sld_jtag_hub_inst|virtual_ir_scan_reg                                                                                 ; rom1:inst2|altsyncram:altsyncram_component|altsyncram_bnb1:auto_generated|sld_mod_ram_rom:mgl_prim2|ram_rom_data_reg[10]           ; altera_reserved_tck ; altera_reserved_tck ; 100.000      ; -0.069     ; 5.939      ;
; 94.013 ; sld_hub:auto_hub|sld_jtag_hub:\jtag_hub_gen:sld_jtag_hub_inst|virtual_ir_scan_reg                                                                                 ; rom1:inst2|altsyncram:altsyncram_component|altsyncram_bnb1:auto_generated|sld_mod_ram_rom:mgl_prim2|ram_rom_data_reg[9]            ; altera_reserved_tck ; altera_reserved_tck ; 100.000      ; -0.069     ; 5.939      ;
; 94.013 ; sld_hub:auto_hub|sld_jtag_hub:\jtag_hub_gen:sld_jtag_hub_inst|virtual_ir_scan_reg                                                                                 ; rom1:inst2|altsyncram:altsyncram_component|altsyncram_bnb1:auto_generated|sld_mod_ram_rom:mgl_prim2|ram_rom_data_reg[8]            ; altera_reserved_tck ; altera_reserved_tck ; 100.000      ; -0.069     ; 5.939      ;
; 94.013 ; sld_hub:auto_hub|sld_jtag_hub:\jtag_hub_gen:sld_jtag_hub_inst|virtual_ir_scan_reg                                                                                 ; rom1:inst2|altsyncram:altsyncram_component|altsyncram_bnb1:auto_generated|sld_mod_ram_rom:mgl_prim2|ram_rom_data_reg[7]            ; altera_reserved_tck ; altera_reserved_tck ; 100.000      ; -0.069     ; 5.939      ;
; 94.013 ; sld_hub:auto_hub|sld_jtag_hub:\jtag_hub_gen:sld_jtag_hub_inst|virtual_ir_scan_reg                                                                                 ; rom1:inst2|altsyncram:altsyncram_component|altsyncram_bnb1:auto_generated|sld_mod_ram_rom:mgl_prim2|ram_rom_data_reg[6]            ; altera_reserved_tck ; altera_reserved_tck ; 100.000      ; -0.069     ; 5.939      ;
; 94.013 ; sld_hub:auto_hub|sld_jtag_hub:\jtag_hub_gen:sld_jtag_hub_inst|virtual_ir_scan_reg                                                                                 ; rom1:inst2|altsyncram:altsyncram_component|altsyncram_bnb1:auto_generated|sld_mod_ram_rom:mgl_prim2|ram_rom_data_reg[5]            ; altera_reserved_tck ; altera_reserved_tck ; 100.000      ; -0.069     ; 5.939      ;
; 94.013 ; sld_hub:auto_hub|sld_jtag_hub:\jtag_hub_gen:sld_jtag_hub_inst|virtual_ir_scan_reg                                                                                 ; rom1:inst2|altsyncram:altsyncram_component|altsyncram_bnb1:auto_generated|sld_mod_ram_rom:mgl_prim2|ram_rom_data_reg[4]            ; altera_reserved_tck ; altera_reserved_tck ; 100.000      ; -0.069     ; 5.939      ;
; 94.013 ; sld_hub:auto_hub|sld_jtag_hub:\jtag_hub_gen:sld_jtag_hub_inst|virtual_ir_scan_reg                                                                                 ; rom1:inst2|altsyncram:altsyncram_component|altsyncram_bnb1:auto_generated|sld_mod_ram_rom:mgl_prim2|ram_rom_data_reg[3]            ; altera_reserved_tck ; altera_reserved_tck ; 100.000      ; -0.069     ; 5.939      ;
; 94.013 ; sld_hub:auto_hub|sld_jtag_hub:\jtag_hub_gen:sld_jtag_hub_inst|virtual_ir_scan_reg                                                                                 ; rom1:inst2|altsyncram:altsyncram_component|altsyncram_bnb1:auto_generated|sld_mod_ram_rom:mgl_prim2|ram_rom_data_reg[2]            ; altera_reserved_tck ; altera_reserved_tck ; 100.000      ; -0.069     ; 5.939      ;
; 94.013 ; sld_hub:auto_hub|sld_jtag_hub:\jtag_hub_gen:sld_jtag_hub_inst|virtual_ir_scan_reg                                                                                 ; rom1:inst2|altsyncram:altsyncram_component|altsyncram_bnb1:auto_generated|sld_mod_ram_rom:mgl_prim2|ram_rom_data_reg[1]            ; altera_reserved_tck ; altera_reserved_tck ; 100.000      ; -0.069     ; 5.939      ;
; 94.013 ; sld_hub:auto_hub|sld_jtag_hub:\jtag_hub_gen:sld_jtag_hub_inst|virtual_ir_scan_reg                                                                                 ; rom1:inst2|altsyncram:altsyncram_component|altsyncram_bnb1:auto_generated|sld_mod_ram_rom:mgl_prim2|ram_rom_data_reg[0]            ; altera_reserved_tck ; altera_reserved_tck ; 100.000      ; -0.069     ; 5.939      ;
; 94.031 ; sld_hub:auto_hub|sld_jtag_hub:\jtag_hub_gen:sld_jtag_hub_inst|virtual_ir_scan_reg                                                                                 ; sld_hub:auto_hub|sld_jtag_hub:\jtag_hub_gen:sld_jtag_hub_inst|irf_reg[1][0]                                                        ; altera_reserved_tck ; altera_reserved_tck ; 100.000      ; -0.069     ; 5.921      ;
; 94.031 ; sld_hub:auto_hub|sld_jtag_hub:\jtag_hub_gen:sld_jtag_hub_inst|virtual_ir_scan_reg                                                                                 ; sld_hub:auto_hub|sld_jtag_hub:\jtag_hub_gen:sld_jtag_hub_inst|irf_reg[1][1]                                                        ; altera_reserved_tck ; altera_reserved_tck ; 100.000      ; -0.069     ; 5.921      ;
; 94.031 ; sld_hub:auto_hub|sld_jtag_hub:\jtag_hub_gen:sld_jtag_hub_inst|virtual_ir_scan_reg                                                                                 ; sld_hub:auto_hub|sld_jtag_hub:\jtag_hub_gen:sld_jtag_hub_inst|irf_reg[1][2]                                                        ; altera_reserved_tck ; altera_reserved_tck ; 100.000      ; -0.069     ; 5.921      ;
; 94.031 ; sld_hub:auto_hub|sld_jtag_hub:\jtag_hub_gen:sld_jtag_hub_inst|virtual_ir_scan_reg                                                                                 ; sld_hub:auto_hub|sld_jtag_hub:\jtag_hub_gen:sld_jtag_hub_inst|irf_reg[1][4]                                                        ; altera_reserved_tck ; altera_reserved_tck ; 100.000      ; -0.069     ; 5.921      ;
; 94.031 ; sld_hub:auto_hub|sld_jtag_hub:\jtag_hub_gen:sld_jtag_hub_inst|virtual_ir_scan_reg                                                                                 ; sld_hub:auto_hub|sld_jtag_hub:\jtag_hub_gen:sld_jtag_hub_inst|irf_reg[1][3]                                                        ; altera_reserved_tck ; altera_reserved_tck ; 100.000      ; -0.069     ; 5.921      ;
; 94.088 ; rom1:inst2|altsyncram:altsyncram_component|altsyncram_bnb1:auto_generated|sld_mod_ram_rom:mgl_prim2|ram_rom_data_shift_cntr_reg[0]                                ; rom1:inst2|altsyncram:altsyncram_component|altsyncram_bnb1:auto_generated|sld_mod_ram_rom:mgl_prim2|ram_rom_data_reg[22]           ; altera_reserved_tck ; altera_reserved_tck ; 100.000      ; -0.094     ; 5.839      ;
; 94.088 ; rom1:inst2|altsyncram:altsyncram_component|altsyncram_bnb1:auto_generated|sld_mod_ram_rom:mgl_prim2|ram_rom_data_shift_cntr_reg[0]                                ; rom1:inst2|altsyncram:altsyncram_component|altsyncram_bnb1:auto_generated|sld_mod_ram_rom:mgl_prim2|ram_rom_data_reg[21]           ; altera_reserved_tck ; altera_reserved_tck ; 100.000      ; -0.094     ; 5.839      ;
; 94.088 ; rom1:inst2|altsyncram:altsyncram_component|altsyncram_bnb1:auto_generated|sld_mod_ram_rom:mgl_prim2|ram_rom_data_shift_cntr_reg[0]                                ; rom1:inst2|altsyncram:altsyncram_component|altsyncram_bnb1:auto_generated|sld_mod_ram_rom:mgl_prim2|ram_rom_data_reg[20]           ; altera_reserved_tck ; altera_reserved_tck ; 100.000      ; -0.094     ; 5.839      ;
; 94.088 ; rom1:inst2|altsyncram:altsyncram_component|altsyncram_bnb1:auto_generated|sld_mod_ram_rom:mgl_prim2|ram_rom_data_shift_cntr_reg[0]                                ; rom1:inst2|altsyncram:altsyncram_component|altsyncram_bnb1:auto_generated|sld_mod_ram_rom:mgl_prim2|ram_rom_data_reg[19]           ; altera_reserved_tck ; altera_reserved_tck ; 100.000      ; -0.094     ; 5.839      ;
; 94.088 ; rom1:inst2|altsyncram:altsyncram_component|altsyncram_bnb1:auto_generated|sld_mod_ram_rom:mgl_prim2|ram_rom_data_shift_cntr_reg[0]                                ; rom1:inst2|altsyncram:altsyncram_component|altsyncram_bnb1:auto_generated|sld_mod_ram_rom:mgl_prim2|ram_rom_data_reg[18]           ; altera_reserved_tck ; altera_reserved_tck ; 100.000      ; -0.094     ; 5.839      ;
; 94.088 ; rom1:inst2|altsyncram:altsyncram_component|altsyncram_bnb1:auto_generated|sld_mod_ram_rom:mgl_prim2|ram_rom_data_shift_cntr_reg[0]                                ; rom1:inst2|altsyncram:altsyncram_component|altsyncram_bnb1:auto_generated|sld_mod_ram_rom:mgl_prim2|ram_rom_data_reg[17]           ; altera_reserved_tck ; altera_reserved_tck ; 100.000      ; -0.094     ; 5.839      ;
; 94.088 ; rom1:inst2|altsyncram:altsyncram_component|altsyncram_bnb1:auto_generated|sld_mod_ram_rom:mgl_prim2|ram_rom_data_shift_cntr_reg[0]                                ; rom1:inst2|altsyncram:altsyncram_component|altsyncram_bnb1:auto_generated|sld_mod_ram_rom:mgl_prim2|ram_rom_data_reg[16]           ; altera_reserved_tck ; altera_reserved_tck ; 100.000      ; -0.094     ; 5.839      ;
; 94.088 ; rom1:inst2|altsyncram:altsyncram_component|altsyncram_bnb1:auto_generated|sld_mod_ram_rom:mgl_prim2|ram_rom_data_shift_cntr_reg[0]                                ; rom1:inst2|altsyncram:altsyncram_component|altsyncram_bnb1:auto_generated|sld_mod_ram_rom:mgl_prim2|ram_rom_data_reg[15]           ; altera_reserved_tck ; altera_reserved_tck ; 100.000      ; -0.094     ; 5.839      ;
; 94.088 ; rom1:inst2|altsyncram:altsyncram_component|altsyncram_bnb1:auto_generated|sld_mod_ram_rom:mgl_prim2|ram_rom_data_shift_cntr_reg[0]                                ; rom1:inst2|altsyncram:altsyncram_component|altsyncram_bnb1:auto_generated|sld_mod_ram_rom:mgl_prim2|ram_rom_data_reg[23]           ; altera_reserved_tck ; altera_reserved_tck ; 100.000      ; -0.094     ; 5.839      ;
; 94.092 ; sld_hub:auto_hub|sld_jtag_hub:\jtag_hub_gen:sld_jtag_hub_inst|virtual_ir_scan_reg                                                                                 ; rom1:inst2|altsyncram:altsyncram_component|altsyncram_bnb1:auto_generated|sld_mod_ram_rom:mgl_prim2|ram_rom_data_shift_cntr_reg[3] ; altera_reserved_tck ; altera_reserved_tck ; 100.000      ; -0.050     ; 5.879      ;
; 94.092 ; sld_hub:auto_hub|sld_jtag_hub:\jtag_hub_gen:sld_jtag_hub_inst|virtual_ir_scan_reg                                                                                 ; rom1:inst2|altsyncram:altsyncram_component|altsyncram_bnb1:auto_generated|sld_mod_ram_rom:mgl_prim2|ram_rom_data_shift_cntr_reg[4] ; altera_reserved_tck ; altera_reserved_tck ; 100.000      ; -0.050     ; 5.879      ;
; 94.125 ; sld_hub:auto_hub|sld_jtag_hub:\jtag_hub_gen:sld_jtag_hub_inst|virtual_ir_scan_reg                                                                                 ; rom1:inst2|altsyncram:altsyncram_component|altsyncram_bnb1:auto_generated|sld_mod_ram_rom:mgl_prim2|ram_rom_data_shift_cntr_reg[0] ; altera_reserved_tck ; altera_reserved_tck ; 100.000      ; -0.050     ; 5.846      ;
; 94.125 ; sld_hub:auto_hub|sld_jtag_hub:\jtag_hub_gen:sld_jtag_hub_inst|virtual_ir_scan_reg                                                                                 ; rom1:inst2|altsyncram:altsyncram_component|altsyncram_bnb1:auto_generated|sld_mod_ram_rom:mgl_prim2|ram_rom_data_shift_cntr_reg[2] ; altera_reserved_tck ; altera_reserved_tck ; 100.000      ; -0.050     ; 5.846      ;
; 94.251 ; rom1:inst2|altsyncram:altsyncram_component|altsyncram_bnb1:auto_generated|sld_mod_ram_rom:mgl_prim2|ram_rom_data_shift_cntr_reg[3]                                ; rom1:inst2|altsyncram:altsyncram_component|altsyncram_bnb1:auto_generated|sld_mod_ram_rom:mgl_prim2|ram_rom_data_reg[14]           ; altera_reserved_tck ; altera_reserved_tck ; 100.000      ; -0.101     ; 5.669      ;
; 94.251 ; rom1:inst2|altsyncram:altsyncram_component|altsyncram_bnb1:auto_generated|sld_mod_ram_rom:mgl_prim2|ram_rom_data_shift_cntr_reg[3]                                ; rom1:inst2|altsyncram:altsyncram_component|altsyncram_bnb1:auto_generated|sld_mod_ram_rom:mgl_prim2|ram_rom_data_reg[13]           ; altera_reserved_tck ; altera_reserved_tck ; 100.000      ; -0.101     ; 5.669      ;
; 94.251 ; rom1:inst2|altsyncram:altsyncram_component|altsyncram_bnb1:auto_generated|sld_mod_ram_rom:mgl_prim2|ram_rom_data_shift_cntr_reg[3]                                ; rom1:inst2|altsyncram:altsyncram_component|altsyncram_bnb1:auto_generated|sld_mod_ram_rom:mgl_prim2|ram_rom_data_reg[12]           ; altera_reserved_tck ; altera_reserved_tck ; 100.000      ; -0.101     ; 5.669      ;
; 94.251 ; rom1:inst2|altsyncram:altsyncram_component|altsyncram_bnb1:auto_generated|sld_mod_ram_rom:mgl_prim2|ram_rom_data_shift_cntr_reg[3]                                ; rom1:inst2|altsyncram:altsyncram_component|altsyncram_bnb1:auto_generated|sld_mod_ram_rom:mgl_prim2|ram_rom_data_reg[11]           ; altera_reserved_tck ; altera_reserved_tck ; 100.000      ; -0.101     ; 5.669      ;
; 94.251 ; rom1:inst2|altsyncram:altsyncram_component|altsyncram_bnb1:auto_generated|sld_mod_ram_rom:mgl_prim2|ram_rom_data_shift_cntr_reg[3]                                ; rom1:inst2|altsyncram:altsyncram_component|altsyncram_bnb1:auto_generated|sld_mod_ram_rom:mgl_prim2|ram_rom_data_reg[10]           ; altera_reserved_tck ; altera_reserved_tck ; 100.000      ; -0.101     ; 5.669      ;
+--------+-------------------------------------------------------------------------------------------------------------------------------------------------------------------+------------------------------------------------------------------------------------------------------------------------------------+---------------------+---------------------+--------------+------------+------------+


+-------------------------------------------------------------------------------------------------------------------------------------------------------------------------------------------------------------------------------------------------------------------------------------------------------------------------------------------------------------------------+
; Slow 1200mV 85C Model Hold: 'altera_reserved_tck'                                                                                                                                                                                                                                                                                                                       ;
+-------+------------------------------------------------------------------------------------------------------------------------------------+---------------------------------------------------------------------------------------------------------------------------------------+---------------------+---------------------+--------------+------------+------------+
; Slack ; From Node                                                                                                                          ; To Node                                                                                                                               ; Launch Clock        ; Latch Clock         ; Relationship ; Clock Skew ; Data Delay ;
+-------+------------------------------------------------------------------------------------------------------------------------------------+---------------------------------------------------------------------------------------------------------------------------------------+---------------------+---------------------+--------------+------------+------------+
; 0.452 ; rom1:inst2|altsyncram:altsyncram_component|altsyncram_bnb1:auto_generated|sld_mod_ram_rom:mgl_prim2|ram_rom_data_shift_cntr_reg[1] ; rom1:inst2|altsyncram:altsyncram_component|altsyncram_bnb1:auto_generated|sld_mod_ram_rom:mgl_prim2|ram_rom_data_shift_cntr_reg[1]    ; altera_reserved_tck ; altera_reserved_tck ; 0.000        ; 0.082      ; 0.746      ;
; 0.452 ; rom1:inst2|altsyncram:altsyncram_component|altsyncram_bnb1:auto_generated|sld_mod_ram_rom:mgl_prim2|ram_rom_data_shift_cntr_reg[0] ; rom1:inst2|altsyncram:altsyncram_component|altsyncram_bnb1:auto_generated|sld_mod_ram_rom:mgl_prim2|ram_rom_data_shift_cntr_reg[0]    ; altera_reserved_tck ; altera_reserved_tck ; 0.000        ; 0.082      ; 0.746      ;
; 0.452 ; rom1:inst2|altsyncram:altsyncram_component|altsyncram_bnb1:auto_generated|sld_mod_ram_rom:mgl_prim2|ram_rom_data_shift_cntr_reg[2] ; rom1:inst2|altsyncram:altsyncram_component|altsyncram_bnb1:auto_generated|sld_mod_ram_rom:mgl_prim2|ram_rom_data_shift_cntr_reg[2]    ; altera_reserved_tck ; altera_reserved_tck ; 0.000        ; 0.082      ; 0.746      ;
; 0.452 ; rom1:inst2|altsyncram:altsyncram_component|altsyncram_bnb1:auto_generated|sld_mod_ram_rom:mgl_prim2|ram_rom_data_shift_cntr_reg[3] ; rom1:inst2|altsyncram:altsyncram_component|altsyncram_bnb1:auto_generated|sld_mod_ram_rom:mgl_prim2|ram_rom_data_shift_cntr_reg[3]    ; altera_reserved_tck ; altera_reserved_tck ; 0.000        ; 0.082      ; 0.746      ;
; 0.452 ; rom1:inst2|altsyncram:altsyncram_component|altsyncram_bnb1:auto_generated|sld_mod_ram_rom:mgl_prim2|ram_rom_data_shift_cntr_reg[4] ; rom1:inst2|altsyncram:altsyncram_component|altsyncram_bnb1:auto_generated|sld_mod_ram_rom:mgl_prim2|ram_rom_data_shift_cntr_reg[4]    ; altera_reserved_tck ; altera_reserved_tck ; 0.000        ; 0.082      ; 0.746      ;
; 0.453 ; sld_hub:auto_hub|sld_jtag_hub:\jtag_hub_gen:sld_jtag_hub_inst|sld_shadow_jsm:shadow_jsm|tms_cnt[1]                                 ; sld_hub:auto_hub|sld_jtag_hub:\jtag_hub_gen:sld_jtag_hub_inst|sld_shadow_jsm:shadow_jsm|tms_cnt[1]                                    ; altera_reserved_tck ; altera_reserved_tck ; 0.000        ; 0.081      ; 0.746      ;
; 0.453 ; sld_hub:auto_hub|sld_jtag_hub:\jtag_hub_gen:sld_jtag_hub_inst|sld_shadow_jsm:shadow_jsm|tms_cnt[2]                                 ; sld_hub:auto_hub|sld_jtag_hub:\jtag_hub_gen:sld_jtag_hub_inst|sld_shadow_jsm:shadow_jsm|tms_cnt[2]                                    ; altera_reserved_tck ; altera_reserved_tck ; 0.000        ; 0.081      ; 0.746      ;
; 0.453 ; sld_hub:auto_hub|sld_jtag_hub:\jtag_hub_gen:sld_jtag_hub_inst|sld_shadow_jsm:shadow_jsm|state[0]                                   ; sld_hub:auto_hub|sld_jtag_hub:\jtag_hub_gen:sld_jtag_hub_inst|sld_shadow_jsm:shadow_jsm|state[0]                                      ; altera_reserved_tck ; altera_reserved_tck ; 0.000        ; 0.081      ; 0.746      ;
; 0.453 ; sld_hub:auto_hub|sld_jtag_hub:\jtag_hub_gen:sld_jtag_hub_inst|node_ena[1]~reg0                                                     ; sld_hub:auto_hub|sld_jtag_hub:\jtag_hub_gen:sld_jtag_hub_inst|node_ena[1]~reg0                                                        ; altera_reserved_tck ; altera_reserved_tck ; 0.000        ; 0.081      ; 0.746      ;
; 0.453 ; sld_hub:auto_hub|sld_jtag_hub:\jtag_hub_gen:sld_jtag_hub_inst|hub_mode_reg[0]                                                      ; sld_hub:auto_hub|sld_jtag_hub:\jtag_hub_gen:sld_jtag_hub_inst|hub_mode_reg[0]                                                         ; altera_reserved_tck ; altera_reserved_tck ; 0.000        ; 0.081      ; 0.746      ;
; 0.453 ; rom1:inst2|altsyncram:altsyncram_component|altsyncram_bnb1:auto_generated|sld_mod_ram_rom:mgl_prim2|is_in_use_reg                  ; rom1:inst2|altsyncram:altsyncram_component|altsyncram_bnb1:auto_generated|sld_mod_ram_rom:mgl_prim2|is_in_use_reg                     ; altera_reserved_tck ; altera_reserved_tck ; 0.000        ; 0.081      ; 0.746      ;
; 0.453 ; sld_hub:auto_hub|sld_jtag_hub:\jtag_hub_gen:sld_jtag_hub_inst|hub_mode_reg[1]                                                      ; sld_hub:auto_hub|sld_jtag_hub:\jtag_hub_gen:sld_jtag_hub_inst|hub_mode_reg[1]                                                         ; altera_reserved_tck ; altera_reserved_tck ; 0.000        ; 0.081      ; 0.746      ;
; 0.453 ; sld_hub:auto_hub|sld_jtag_hub:\jtag_hub_gen:sld_jtag_hub_inst|hub_mode_reg[2]                                                      ; sld_hub:auto_hub|sld_jtag_hub:\jtag_hub_gen:sld_jtag_hub_inst|hub_mode_reg[2]                                                         ; altera_reserved_tck ; altera_reserved_tck ; 0.000        ; 0.081      ; 0.746      ;
; 0.453 ; sld_hub:auto_hub|sld_jtag_hub:\jtag_hub_gen:sld_jtag_hub_inst|irsr_reg[5]                                                          ; sld_hub:auto_hub|sld_jtag_hub:\jtag_hub_gen:sld_jtag_hub_inst|irsr_reg[5]                                                             ; altera_reserved_tck ; altera_reserved_tck ; 0.000        ; 0.081      ; 0.746      ;
; 0.453 ; sld_hub:auto_hub|sld_jtag_hub:\jtag_hub_gen:sld_jtag_hub_inst|tdo_bypass_reg                                                       ; sld_hub:auto_hub|sld_jtag_hub:\jtag_hub_gen:sld_jtag_hub_inst|tdo_bypass_reg                                                          ; altera_reserved_tck ; altera_reserved_tck ; 0.000        ; 0.081      ; 0.746      ;
; 0.453 ; rom1:inst2|altsyncram:altsyncram_component|altsyncram_bnb1:auto_generated|sld_mod_ram_rom:mgl_prim2|bypass_reg_out                 ; rom1:inst2|altsyncram:altsyncram_component|altsyncram_bnb1:auto_generated|sld_mod_ram_rom:mgl_prim2|bypass_reg_out                    ; altera_reserved_tck ; altera_reserved_tck ; 0.000        ; 0.081      ; 0.746      ;
; 0.454 ; sld_hub:auto_hub|sld_jtag_hub:\jtag_hub_gen:sld_jtag_hub_inst|sld_shadow_jsm:shadow_jsm|state[1]                                   ; sld_hub:auto_hub|sld_jtag_hub:\jtag_hub_gen:sld_jtag_hub_inst|sld_shadow_jsm:shadow_jsm|state[1]                                      ; altera_reserved_tck ; altera_reserved_tck ; 0.000        ; 0.080      ; 0.746      ;
; 0.454 ; sld_hub:auto_hub|sld_jtag_hub:\jtag_hub_gen:sld_jtag_hub_inst|sld_shadow_jsm:shadow_jsm|state[6]                                   ; sld_hub:auto_hub|sld_jtag_hub:\jtag_hub_gen:sld_jtag_hub_inst|sld_shadow_jsm:shadow_jsm|state[6]                                      ; altera_reserved_tck ; altera_reserved_tck ; 0.000        ; 0.080      ; 0.746      ;
; 0.454 ; sld_hub:auto_hub|sld_jtag_hub:\jtag_hub_gen:sld_jtag_hub_inst|sld_shadow_jsm:shadow_jsm|state[4]                                   ; sld_hub:auto_hub|sld_jtag_hub:\jtag_hub_gen:sld_jtag_hub_inst|sld_shadow_jsm:shadow_jsm|state[4]                                      ; altera_reserved_tck ; altera_reserved_tck ; 0.000        ; 0.080      ; 0.746      ;
; 0.454 ; sld_hub:auto_hub|sld_jtag_hub:\jtag_hub_gen:sld_jtag_hub_inst|sld_shadow_jsm:shadow_jsm|state[11]                                  ; sld_hub:auto_hub|sld_jtag_hub:\jtag_hub_gen:sld_jtag_hub_inst|sld_shadow_jsm:shadow_jsm|state[11]                                     ; altera_reserved_tck ; altera_reserved_tck ; 0.000        ; 0.080      ; 0.746      ;
; 0.454 ; sld_hub:auto_hub|sld_jtag_hub:\jtag_hub_gen:sld_jtag_hub_inst|sld_shadow_jsm:shadow_jsm|state[13]                                  ; sld_hub:auto_hub|sld_jtag_hub:\jtag_hub_gen:sld_jtag_hub_inst|sld_shadow_jsm:shadow_jsm|state[13]                                     ; altera_reserved_tck ; altera_reserved_tck ; 0.000        ; 0.080      ; 0.746      ;
; 0.465 ; sld_hub:auto_hub|sld_jtag_hub:\jtag_hub_gen:sld_jtag_hub_inst|sld_shadow_jsm:shadow_jsm|tms_cnt[0]                                 ; sld_hub:auto_hub|sld_jtag_hub:\jtag_hub_gen:sld_jtag_hub_inst|sld_shadow_jsm:shadow_jsm|tms_cnt[0]                                    ; altera_reserved_tck ; altera_reserved_tck ; 0.000        ; 0.081      ; 0.758      ;
; 0.492 ; sld_hub:auto_hub|sld_jtag_hub:\jtag_hub_gen:sld_jtag_hub_inst|sld_shadow_jsm:shadow_jsm|tms_cnt[0]                                 ; sld_hub:auto_hub|sld_jtag_hub:\jtag_hub_gen:sld_jtag_hub_inst|sld_shadow_jsm:shadow_jsm|tms_cnt[2]                                    ; altera_reserved_tck ; altera_reserved_tck ; 0.000        ; 0.081      ; 0.785      ;
; 0.493 ; sld_hub:auto_hub|sld_jtag_hub:\jtag_hub_gen:sld_jtag_hub_inst|sld_shadow_jsm:shadow_jsm|tms_cnt[0]                                 ; sld_hub:auto_hub|sld_jtag_hub:\jtag_hub_gen:sld_jtag_hub_inst|sld_shadow_jsm:shadow_jsm|tms_cnt[1]                                    ; altera_reserved_tck ; altera_reserved_tck ; 0.000        ; 0.081      ; 0.786      ;
; 0.498 ; rom1:inst2|altsyncram:altsyncram_component|altsyncram_bnb1:auto_generated|sld_mod_ram_rom:mgl_prim2|ram_rom_data_reg[1]            ; rom1:inst2|altsyncram:altsyncram_component|altsyncram_bnb1:auto_generated|altsyncram_67d2:altsyncram1|ram_block3a0~portb_datain_reg0  ; altera_reserved_tck ; altera_reserved_tck ; 0.000        ; 0.411      ; 1.163      ;
; 0.501 ; sld_hub:auto_hub|sld_jtag_hub:\jtag_hub_gen:sld_jtag_hub_inst|sld_rom_sr:hub_info_reg|WORD_SR[3]                                   ; sld_hub:auto_hub|sld_jtag_hub:\jtag_hub_gen:sld_jtag_hub_inst|sld_rom_sr:hub_info_reg|WORD_SR[2]                                      ; altera_reserved_tck ; altera_reserved_tck ; 0.000        ; 0.081      ; 0.794      ;
; 0.502 ; rom1:inst2|altsyncram:altsyncram_component|altsyncram_bnb1:auto_generated|sld_mod_ram_rom:mgl_prim2|ram_rom_data_reg[8]            ; rom1:inst2|altsyncram:altsyncram_component|altsyncram_bnb1:auto_generated|altsyncram_67d2:altsyncram1|ram_block3a0~portb_datain_reg0  ; altera_reserved_tck ; altera_reserved_tck ; 0.000        ; 0.411      ; 1.167      ;
; 0.507 ; sld_hub:auto_hub|sld_jtag_hub:\jtag_hub_gen:sld_jtag_hub_inst|sld_shadow_jsm:shadow_jsm|state[14]                                  ; sld_hub:auto_hub|sld_jtag_hub:\jtag_hub_gen:sld_jtag_hub_inst|sld_shadow_jsm:shadow_jsm|state[15]                                     ; altera_reserved_tck ; altera_reserved_tck ; 0.000        ; 0.080      ; 0.799      ;
; 0.509 ; sld_hub:auto_hub|sld_jtag_hub:\jtag_hub_gen:sld_jtag_hub_inst|identity_contrib_shift_reg[2]                                        ; sld_hub:auto_hub|sld_jtag_hub:\jtag_hub_gen:sld_jtag_hub_inst|identity_contrib_shift_reg[1]                                           ; altera_reserved_tck ; altera_reserved_tck ; 0.000        ; 0.081      ; 0.802      ;
; 0.509 ; sld_hub:auto_hub|sld_jtag_hub:\jtag_hub_gen:sld_jtag_hub_inst|identity_contrib_shift_reg[1]                                        ; sld_hub:auto_hub|sld_jtag_hub:\jtag_hub_gen:sld_jtag_hub_inst|identity_contrib_shift_reg[0]                                           ; altera_reserved_tck ; altera_reserved_tck ; 0.000        ; 0.081      ; 0.802      ;
; 0.510 ; rom1:inst2|altsyncram:altsyncram_component|altsyncram_bnb1:auto_generated|sld_mod_ram_rom:mgl_prim2|ram_rom_data_reg[6]            ; rom1:inst2|altsyncram:altsyncram_component|altsyncram_bnb1:auto_generated|altsyncram_67d2:altsyncram1|ram_block3a0~portb_datain_reg0  ; altera_reserved_tck ; altera_reserved_tck ; 0.000        ; 0.411      ; 1.175      ;
; 0.510 ; sld_hub:auto_hub|sld_jtag_hub:\jtag_hub_gen:sld_jtag_hub_inst|jtag_ir_reg[7]                                                       ; sld_hub:auto_hub|sld_jtag_hub:\jtag_hub_gen:sld_jtag_hub_inst|jtag_ir_reg[6]                                                          ; altera_reserved_tck ; altera_reserved_tck ; 0.000        ; 0.080      ; 0.802      ;
; 0.510 ; sld_hub:auto_hub|sld_jtag_hub:\jtag_hub_gen:sld_jtag_hub_inst|identity_contrib_shift_reg[1]                                        ; sld_hub:auto_hub|sld_jtag_hub:\jtag_hub_gen:sld_jtag_hub_inst|identity_contrib_update_reg[1]                                          ; altera_reserved_tck ; altera_reserved_tck ; 0.000        ; 0.081      ; 0.803      ;
; 0.511 ; sld_hub:auto_hub|sld_jtag_hub:\jtag_hub_gen:sld_jtag_hub_inst|jtag_ir_reg[3]                                                       ; sld_hub:auto_hub|sld_jtag_hub:\jtag_hub_gen:sld_jtag_hub_inst|jtag_ir_reg[2]                                                          ; altera_reserved_tck ; altera_reserved_tck ; 0.000        ; 0.080      ; 0.803      ;
; 0.512 ; sld_hub:auto_hub|sld_jtag_hub:\jtag_hub_gen:sld_jtag_hub_inst|sld_shadow_jsm:shadow_jsm|state[14]                                  ; sld_hub:auto_hub|sld_jtag_hub:\jtag_hub_gen:sld_jtag_hub_inst|sld_shadow_jsm:shadow_jsm|state[11]                                     ; altera_reserved_tck ; altera_reserved_tck ; 0.000        ; 0.080      ; 0.804      ;
; 0.513 ; sld_hub:auto_hub|sld_jtag_hub:\jtag_hub_gen:sld_jtag_hub_inst|identity_contrib_shift_reg[2]                                        ; sld_hub:auto_hub|sld_jtag_hub:\jtag_hub_gen:sld_jtag_hub_inst|identity_contrib_update_reg[2]                                          ; altera_reserved_tck ; altera_reserved_tck ; 0.000        ; 0.081      ; 0.806      ;
; 0.514 ; rom1:inst2|altsyncram:altsyncram_component|altsyncram_bnb1:auto_generated|sld_mod_ram_rom:mgl_prim2|ram_rom_data_reg[7]            ; rom1:inst2|altsyncram:altsyncram_component|altsyncram_bnb1:auto_generated|altsyncram_67d2:altsyncram1|ram_block3a0~portb_datain_reg0  ; altera_reserved_tck ; altera_reserved_tck ; 0.000        ; 0.411      ; 1.179      ;
; 0.516 ; sld_hub:auto_hub|sld_jtag_hub:\jtag_hub_gen:sld_jtag_hub_inst|sld_shadow_jsm:shadow_jsm|state[7]                                   ; sld_hub:auto_hub|sld_jtag_hub:\jtag_hub_gen:sld_jtag_hub_inst|sld_shadow_jsm:shadow_jsm|state[4]                                      ; altera_reserved_tck ; altera_reserved_tck ; 0.000        ; 0.080      ; 0.808      ;
; 0.517 ; rom1:inst2|altsyncram:altsyncram_component|altsyncram_bnb1:auto_generated|sld_mod_ram_rom:mgl_prim2|ram_rom_data_reg[17]           ; rom1:inst2|altsyncram:altsyncram_component|altsyncram_bnb1:auto_generated|altsyncram_67d2:altsyncram1|ram_block3a0~portb_datain_reg0  ; altera_reserved_tck ; altera_reserved_tck ; 0.000        ; 0.404      ; 1.175      ;
; 0.519 ; rom1:inst2|altsyncram:altsyncram_component|altsyncram_bnb1:auto_generated|sld_mod_ram_rom:mgl_prim2|ram_rom_data_reg[18]           ; rom1:inst2|altsyncram:altsyncram_component|altsyncram_bnb1:auto_generated|altsyncram_67d2:altsyncram1|ram_block3a0~portb_datain_reg0  ; altera_reserved_tck ; altera_reserved_tck ; 0.000        ; 0.404      ; 1.177      ;
; 0.525 ; rom1:inst2|altsyncram:altsyncram_component|altsyncram_bnb1:auto_generated|sld_mod_ram_rom:mgl_prim2|ram_rom_data_reg[1]            ; rom1:inst2|altsyncram:altsyncram_component|altsyncram_bnb1:auto_generated|sld_mod_ram_rom:mgl_prim2|ram_rom_data_reg[0]               ; altera_reserved_tck ; altera_reserved_tck ; 0.000        ; 0.081      ; 0.818      ;
; 0.527 ; rom1:inst2|altsyncram:altsyncram_component|altsyncram_bnb1:auto_generated|sld_mod_ram_rom:mgl_prim2|ram_rom_data_reg[13]           ; rom1:inst2|altsyncram:altsyncram_component|altsyncram_bnb1:auto_generated|sld_mod_ram_rom:mgl_prim2|ram_rom_data_reg[12]              ; altera_reserved_tck ; altera_reserved_tck ; 0.000        ; 0.081      ; 0.820      ;
; 0.527 ; rom1:inst2|altsyncram:altsyncram_component|altsyncram_bnb1:auto_generated|sld_mod_ram_rom:mgl_prim2|ram_rom_data_reg[11]           ; rom1:inst2|altsyncram:altsyncram_component|altsyncram_bnb1:auto_generated|sld_mod_ram_rom:mgl_prim2|ram_rom_data_reg[10]              ; altera_reserved_tck ; altera_reserved_tck ; 0.000        ; 0.081      ; 0.820      ;
; 0.527 ; rom1:inst2|altsyncram:altsyncram_component|altsyncram_bnb1:auto_generated|sld_mod_ram_rom:mgl_prim2|ram_rom_data_reg[5]            ; rom1:inst2|altsyncram:altsyncram_component|altsyncram_bnb1:auto_generated|sld_mod_ram_rom:mgl_prim2|ram_rom_data_reg[4]               ; altera_reserved_tck ; altera_reserved_tck ; 0.000        ; 0.081      ; 0.820      ;
; 0.528 ; sld_hub:auto_hub|sld_jtag_hub:\jtag_hub_gen:sld_jtag_hub_inst|sld_shadow_jsm:shadow_jsm|state[4]                                   ; sld_hub:auto_hub|sld_jtag_hub:\jtag_hub_gen:sld_jtag_hub_inst|sld_shadow_jsm:shadow_jsm|state[5]                                      ; altera_reserved_tck ; altera_reserved_tck ; 0.000        ; 0.080      ; 0.820      ;
; 0.528 ; sld_hub:auto_hub|sld_jtag_hub:\jtag_hub_gen:sld_jtag_hub_inst|jtag_ir_reg[2]                                                       ; sld_hub:auto_hub|sld_jtag_hub:\jtag_hub_gen:sld_jtag_hub_inst|jtag_ir_reg[1]                                                          ; altera_reserved_tck ; altera_reserved_tck ; 0.000        ; 0.080      ; 0.820      ;
; 0.529 ; rom1:inst2|altsyncram:altsyncram_component|altsyncram_bnb1:auto_generated|sld_mod_ram_rom:mgl_prim2|ram_rom_data_reg[2]            ; rom1:inst2|altsyncram:altsyncram_component|altsyncram_bnb1:auto_generated|sld_mod_ram_rom:mgl_prim2|ram_rom_data_reg[1]               ; altera_reserved_tck ; altera_reserved_tck ; 0.000        ; 0.081      ; 0.822      ;
; 0.533 ; sld_hub:auto_hub|sld_jtag_hub:\jtag_hub_gen:sld_jtag_hub_inst|irsr_reg[2]                                                          ; sld_hub:auto_hub|sld_jtag_hub:\jtag_hub_gen:sld_jtag_hub_inst|irsr_reg[1]                                                             ; altera_reserved_tck ; altera_reserved_tck ; 0.000        ; 0.081      ; 0.826      ;
; 0.535 ; rom1:inst2|altsyncram:altsyncram_component|altsyncram_bnb1:auto_generated|sld_mod_ram_rom:mgl_prim2|ram_rom_data_reg[14]           ; rom1:inst2|altsyncram:altsyncram_component|altsyncram_bnb1:auto_generated|altsyncram_67d2:altsyncram1|ram_block3a10~portb_datain_reg0 ; altera_reserved_tck ; altera_reserved_tck ; 0.000        ; 0.411      ; 1.200      ;
; 0.535 ; sld_hub:auto_hub|sld_jtag_hub:\jtag_hub_gen:sld_jtag_hub_inst|irsr_reg[1]                                                          ; sld_hub:auto_hub|sld_jtag_hub:\jtag_hub_gen:sld_jtag_hub_inst|irsr_reg[0]                                                             ; altera_reserved_tck ; altera_reserved_tck ; 0.000        ; 0.081      ; 0.828      ;
; 0.536 ; sld_hub:auto_hub|sld_jtag_hub:\jtag_hub_gen:sld_jtag_hub_inst|sld_shadow_jsm:shadow_jsm|state[8]                                   ; sld_hub:auto_hub|sld_jtag_hub:\jtag_hub_gen:sld_jtag_hub_inst|sld_shadow_jsm:shadow_jsm|state[2]                                      ; altera_reserved_tck ; altera_reserved_tck ; 0.000        ; 0.080      ; 0.828      ;
; 0.536 ; sld_hub:auto_hub|sld_jtag_hub:\jtag_hub_gen:sld_jtag_hub_inst|sld_shadow_jsm:shadow_jsm|state[8]                                   ; sld_hub:auto_hub|sld_jtag_hub:\jtag_hub_gen:sld_jtag_hub_inst|sld_shadow_jsm:shadow_jsm|state[1]                                      ; altera_reserved_tck ; altera_reserved_tck ; 0.000        ; 0.080      ; 0.828      ;
; 0.540 ; rom1:inst2|altsyncram:altsyncram_component|altsyncram_bnb1:auto_generated|sld_mod_ram_rom:mgl_prim2|ram_rom_data_reg[2]            ; rom1:inst2|altsyncram:altsyncram_component|altsyncram_bnb1:auto_generated|altsyncram_67d2:altsyncram1|ram_block3a0~portb_datain_reg0  ; altera_reserved_tck ; altera_reserved_tck ; 0.000        ; 0.411      ; 1.205      ;
; 0.540 ; rom1:inst2|altsyncram:altsyncram_component|altsyncram_bnb1:auto_generated|sld_mod_ram_rom:mgl_prim2|ram_rom_data_reg[3]            ; rom1:inst2|altsyncram:altsyncram_component|altsyncram_bnb1:auto_generated|altsyncram_67d2:altsyncram1|ram_block3a0~portb_datain_reg0  ; altera_reserved_tck ; altera_reserved_tck ; 0.000        ; 0.411      ; 1.205      ;
; 0.542 ; rom1:inst2|altsyncram:altsyncram_component|altsyncram_bnb1:auto_generated|sld_mod_ram_rom:mgl_prim2|ram_rom_data_reg[21]           ; rom1:inst2|altsyncram:altsyncram_component|altsyncram_bnb1:auto_generated|altsyncram_67d2:altsyncram1|ram_block3a0~portb_datain_reg0  ; altera_reserved_tck ; altera_reserved_tck ; 0.000        ; 0.404      ; 1.200      ;
; 0.542 ; sld_hub:auto_hub|sld_jtag_hub:\jtag_hub_gen:sld_jtag_hub_inst|sld_shadow_jsm:shadow_jsm|state[3]                                   ; sld_hub:auto_hub|sld_jtag_hub:\jtag_hub_gen:sld_jtag_hub_inst|hub_minor_ver_reg[3]                                                    ; altera_reserved_tck ; altera_reserved_tck ; 0.000        ; 0.081      ; 0.835      ;
; 0.542 ; sld_hub:auto_hub|sld_jtag_hub:\jtag_hub_gen:sld_jtag_hub_inst|sld_shadow_jsm:shadow_jsm|state[3]                                   ; sld_hub:auto_hub|sld_jtag_hub:\jtag_hub_gen:sld_jtag_hub_inst|hub_minor_ver_reg[1]                                                    ; altera_reserved_tck ; altera_reserved_tck ; 0.000        ; 0.081      ; 0.835      ;
; 0.543 ; rom1:inst2|altsyncram:altsyncram_component|altsyncram_bnb1:auto_generated|sld_mod_ram_rom:mgl_prim2|ram_rom_data_reg[20]           ; rom1:inst2|altsyncram:altsyncram_component|altsyncram_bnb1:auto_generated|altsyncram_67d2:altsyncram1|ram_block3a0~portb_datain_reg0  ; altera_reserved_tck ; altera_reserved_tck ; 0.000        ; 0.404      ; 1.201      ;
; 0.544 ; rom1:inst2|altsyncram:altsyncram_component|altsyncram_bnb1:auto_generated|sld_mod_ram_rom:mgl_prim2|ram_rom_data_reg[9]            ; rom1:inst2|altsyncram:altsyncram_component|altsyncram_bnb1:auto_generated|altsyncram_67d2:altsyncram1|ram_block3a0~portb_datain_reg0  ; altera_reserved_tck ; altera_reserved_tck ; 0.000        ; 0.411      ; 1.209      ;
; 0.546 ; rom1:inst2|altsyncram:altsyncram_component|altsyncram_bnb1:auto_generated|sld_mod_ram_rom:mgl_prim2|ram_rom_data_reg[16]           ; rom1:inst2|altsyncram:altsyncram_component|altsyncram_bnb1:auto_generated|altsyncram_67d2:altsyncram1|ram_block3a0~portb_datain_reg0  ; altera_reserved_tck ; altera_reserved_tck ; 0.000        ; 0.404      ; 1.204      ;
; 0.549 ; rom1:inst2|altsyncram:altsyncram_component|altsyncram_bnb1:auto_generated|sld_mod_ram_rom:mgl_prim2|ram_rom_data_reg[5]            ; rom1:inst2|altsyncram:altsyncram_component|altsyncram_bnb1:auto_generated|altsyncram_67d2:altsyncram1|ram_block3a0~portb_datain_reg0  ; altera_reserved_tck ; altera_reserved_tck ; 0.000        ; 0.411      ; 1.214      ;
; 0.556 ; rom1:inst2|altsyncram:altsyncram_component|altsyncram_bnb1:auto_generated|sld_mod_ram_rom:mgl_prim2|ram_rom_data_reg[19]           ; rom1:inst2|altsyncram:altsyncram_component|altsyncram_bnb1:auto_generated|altsyncram_67d2:altsyncram1|ram_block3a0~portb_datain_reg0  ; altera_reserved_tck ; altera_reserved_tck ; 0.000        ; 0.404      ; 1.214      ;
; 0.557 ; rom1:inst2|altsyncram:altsyncram_component|altsyncram_bnb1:auto_generated|sld_mod_ram_rom:mgl_prim2|ram_rom_data_reg[4]            ; rom1:inst2|altsyncram:altsyncram_component|altsyncram_bnb1:auto_generated|altsyncram_67d2:altsyncram1|ram_block3a0~portb_datain_reg0  ; altera_reserved_tck ; altera_reserved_tck ; 0.000        ; 0.411      ; 1.222      ;
; 0.560 ; sld_hub:auto_hub|sld_jtag_hub:\jtag_hub_gen:sld_jtag_hub_inst|sld_shadow_jsm:shadow_jsm|state[3]                                   ; sld_hub:auto_hub|sld_jtag_hub:\jtag_hub_gen:sld_jtag_hub_inst|hub_minor_ver_reg[2]                                                    ; altera_reserved_tck ; altera_reserved_tck ; 0.000        ; 0.081      ; 0.853      ;
; 0.560 ; sld_hub:auto_hub|sld_jtag_hub:\jtag_hub_gen:sld_jtag_hub_inst|sld_shadow_jsm:shadow_jsm|state[3]                                   ; sld_hub:auto_hub|sld_jtag_hub:\jtag_hub_gen:sld_jtag_hub_inst|hub_minor_ver_reg[0]                                                    ; altera_reserved_tck ; altera_reserved_tck ; 0.000        ; 0.081      ; 0.853      ;
; 0.574 ; rom1:inst2|altsyncram:altsyncram_component|altsyncram_bnb1:auto_generated|sld_mod_ram_rom:mgl_prim2|ram_rom_data_reg[22]           ; rom1:inst2|altsyncram:altsyncram_component|altsyncram_bnb1:auto_generated|altsyncram_67d2:altsyncram1|ram_block3a0~portb_datain_reg0  ; altera_reserved_tck ; altera_reserved_tck ; 0.000        ; 0.404      ; 1.232      ;
; 0.613 ; rom1:inst2|altsyncram:altsyncram_component|altsyncram_bnb1:auto_generated|sld_mod_ram_rom:mgl_prim2|ram_rom_data_reg[15]           ; rom1:inst2|altsyncram:altsyncram_component|altsyncram_bnb1:auto_generated|altsyncram_67d2:altsyncram1|ram_block3a10~portb_datain_reg0 ; altera_reserved_tck ; altera_reserved_tck ; 0.000        ; 0.404      ; 1.271      ;
; 0.634 ; rom1:inst2|altsyncram:altsyncram_component|altsyncram_bnb1:auto_generated|sld_mod_ram_rom:mgl_prim2|ram_rom_data_reg[23]           ; rom1:inst2|altsyncram:altsyncram_component|altsyncram_bnb1:auto_generated|altsyncram_67d2:altsyncram1|ram_block3a0~portb_datain_reg0  ; altera_reserved_tck ; altera_reserved_tck ; 0.000        ; 0.404      ; 1.292      ;
; 0.636 ; sld_hub:auto_hub|sld_jtag_hub:\jtag_hub_gen:sld_jtag_hub_inst|jtag_ir_reg[0]                                                       ; sld_hub:auto_hub|sld_jtag_hub:\jtag_hub_gen:sld_jtag_hub_inst|virtual_ir_scan_reg                                                     ; altera_reserved_tck ; altera_reserved_tck ; 0.000        ; 0.080      ; 0.928      ;
; 0.638 ; sld_hub:auto_hub|sld_jtag_hub:\jtag_hub_gen:sld_jtag_hub_inst|jtag_ir_reg[0]                                                       ; sld_hub:auto_hub|sld_jtag_hub:\jtag_hub_gen:sld_jtag_hub_inst|virtual_dr_scan_reg                                                     ; altera_reserved_tck ; altera_reserved_tck ; 0.000        ; 0.080      ; 0.930      ;
; 0.642 ; sld_hub:auto_hub|sld_jtag_hub:\jtag_hub_gen:sld_jtag_hub_inst|sld_shadow_jsm:shadow_jsm|state[13]                                  ; sld_hub:auto_hub|sld_jtag_hub:\jtag_hub_gen:sld_jtag_hub_inst|sld_shadow_jsm:shadow_jsm|state[14]                                     ; altera_reserved_tck ; altera_reserved_tck ; 0.000        ; 0.080      ; 0.934      ;
; 0.643 ; sld_hub:auto_hub|sld_jtag_hub:\jtag_hub_gen:sld_jtag_hub_inst|sld_rom_sr:hub_info_reg|WORD_SR[1]                                   ; sld_hub:auto_hub|sld_jtag_hub:\jtag_hub_gen:sld_jtag_hub_inst|sld_rom_sr:hub_info_reg|WORD_SR[0]                                      ; altera_reserved_tck ; altera_reserved_tck ; 0.000        ; 0.081      ; 0.936      ;
; 0.645 ; sld_hub:auto_hub|sld_jtag_hub:\jtag_hub_gen:sld_jtag_hub_inst|sld_shadow_jsm:shadow_jsm|state[6]                                   ; sld_hub:auto_hub|sld_jtag_hub:\jtag_hub_gen:sld_jtag_hub_inst|sld_shadow_jsm:shadow_jsm|state[7]                                      ; altera_reserved_tck ; altera_reserved_tck ; 0.000        ; 0.080      ; 0.937      ;
; 0.656 ; sld_hub:auto_hub|sld_jtag_hub:\jtag_hub_gen:sld_jtag_hub_inst|sld_shadow_jsm:shadow_jsm|state[12]                                  ; sld_hub:auto_hub|sld_jtag_hub:\jtag_hub_gen:sld_jtag_hub_inst|sld_shadow_jsm:shadow_jsm|state[15]                                     ; altera_reserved_tck ; altera_reserved_tck ; 0.000        ; 0.080      ; 0.948      ;
; 0.668 ; rom1:inst2|altsyncram:altsyncram_component|altsyncram_bnb1:auto_generated|sld_mod_ram_rom:mgl_prim2|ram_rom_data_reg[14]           ; rom1:inst2|altsyncram:altsyncram_component|altsyncram_bnb1:auto_generated|sld_mod_ram_rom:mgl_prim2|ram_rom_data_reg[13]              ; altera_reserved_tck ; altera_reserved_tck ; 0.000        ; 0.081      ; 0.961      ;
; 0.668 ; rom1:inst2|altsyncram:altsyncram_component|altsyncram_bnb1:auto_generated|sld_mod_ram_rom:mgl_prim2|ram_rom_data_reg[8]            ; rom1:inst2|altsyncram:altsyncram_component|altsyncram_bnb1:auto_generated|sld_mod_ram_rom:mgl_prim2|ram_rom_data_reg[7]               ; altera_reserved_tck ; altera_reserved_tck ; 0.000        ; 0.081      ; 0.961      ;
; 0.668 ; rom1:inst2|altsyncram:altsyncram_component|altsyncram_bnb1:auto_generated|sld_mod_ram_rom:mgl_prim2|ram_rom_data_reg[6]            ; rom1:inst2|altsyncram:altsyncram_component|altsyncram_bnb1:auto_generated|sld_mod_ram_rom:mgl_prim2|ram_rom_data_reg[5]               ; altera_reserved_tck ; altera_reserved_tck ; 0.000        ; 0.081      ; 0.961      ;
; 0.668 ; sld_hub:auto_hub|sld_jtag_hub:\jtag_hub_gen:sld_jtag_hub_inst|sld_shadow_jsm:shadow_jsm|state[11]                                  ; sld_hub:auto_hub|sld_jtag_hub:\jtag_hub_gen:sld_jtag_hub_inst|sld_shadow_jsm:shadow_jsm|state[12]                                     ; altera_reserved_tck ; altera_reserved_tck ; 0.000        ; 0.080      ; 0.960      ;
; 0.669 ; rom1:inst2|altsyncram:altsyncram_component|altsyncram_bnb1:auto_generated|sld_mod_ram_rom:mgl_prim2|ram_rom_data_reg[4]            ; rom1:inst2|altsyncram:altsyncram_component|altsyncram_bnb1:auto_generated|sld_mod_ram_rom:mgl_prim2|ram_rom_data_reg[3]               ; altera_reserved_tck ; altera_reserved_tck ; 0.000        ; 0.081      ; 0.962      ;
; 0.681 ; sld_hub:auto_hub|sld_jtag_hub:\jtag_hub_gen:sld_jtag_hub_inst|sld_shadow_jsm:shadow_jsm|state[5]                                   ; sld_hub:auto_hub|sld_jtag_hub:\jtag_hub_gen:sld_jtag_hub_inst|reset_ena_reg                                                           ; altera_reserved_tck ; altera_reserved_tck ; 0.000        ; 0.080      ; 0.973      ;
; 0.683 ; sld_hub:auto_hub|sld_jtag_hub:\jtag_hub_gen:sld_jtag_hub_inst|sld_shadow_jsm:shadow_jsm|state[5]                                   ; sld_hub:auto_hub|sld_jtag_hub:\jtag_hub_gen:sld_jtag_hub_inst|sld_shadow_jsm:shadow_jsm|state[8]                                      ; altera_reserved_tck ; altera_reserved_tck ; 0.000        ; 0.080      ; 0.975      ;
; 0.697 ; sld_hub:auto_hub|sld_jtag_hub:\jtag_hub_gen:sld_jtag_hub_inst|jtag_ir_reg[1]                                                       ; sld_hub:auto_hub|sld_jtag_hub:\jtag_hub_gen:sld_jtag_hub_inst|jtag_ir_reg[0]                                                          ; altera_reserved_tck ; altera_reserved_tck ; 0.000        ; 0.080      ; 0.989      ;
; 0.700 ; sld_hub:auto_hub|sld_jtag_hub:\jtag_hub_gen:sld_jtag_hub_inst|jtag_ir_reg[5]                                                       ; sld_hub:auto_hub|sld_jtag_hub:\jtag_hub_gen:sld_jtag_hub_inst|jtag_ir_reg[4]                                                          ; altera_reserved_tck ; altera_reserved_tck ; 0.000        ; 0.080      ; 0.992      ;
; 0.702 ; sld_hub:auto_hub|sld_jtag_hub:\jtag_hub_gen:sld_jtag_hub_inst|design_hash_reg[3]                                                   ; sld_hub:auto_hub|sld_jtag_hub:\jtag_hub_gen:sld_jtag_hub_inst|design_hash_reg[2]                                                      ; altera_reserved_tck ; altera_reserved_tck ; 0.000        ; 0.080      ; 0.994      ;
; 0.702 ; sld_hub:auto_hub|sld_jtag_hub:\jtag_hub_gen:sld_jtag_hub_inst|design_hash_reg[2]                                                   ; sld_hub:auto_hub|sld_jtag_hub:\jtag_hub_gen:sld_jtag_hub_inst|design_hash_reg[1]                                                      ; altera_reserved_tck ; altera_reserved_tck ; 0.000        ; 0.080      ; 0.994      ;
; 0.703 ; sld_hub:auto_hub|sld_jtag_hub:\jtag_hub_gen:sld_jtag_hub_inst|design_hash_reg[1]                                                   ; sld_hub:auto_hub|sld_jtag_hub:\jtag_hub_gen:sld_jtag_hub_inst|design_hash_reg[0]                                                      ; altera_reserved_tck ; altera_reserved_tck ; 0.000        ; 0.080      ; 0.995      ;
; 0.708 ; sld_hub:auto_hub|sld_jtag_hub:\jtag_hub_gen:sld_jtag_hub_inst|jtag_ir_reg[6]                                                       ; sld_hub:auto_hub|sld_jtag_hub:\jtag_hub_gen:sld_jtag_hub_inst|jtag_ir_reg[5]                                                          ; altera_reserved_tck ; altera_reserved_tck ; 0.000        ; 0.080      ; 1.000      ;
; 0.712 ; sld_hub:auto_hub|sld_jtag_hub:\jtag_hub_gen:sld_jtag_hub_inst|irsr_reg[4]                                                          ; sld_hub:auto_hub|sld_jtag_hub:\jtag_hub_gen:sld_jtag_hub_inst|irf_reg[1][4]                                                           ; altera_reserved_tck ; altera_reserved_tck ; 0.000        ; 0.070      ; 0.994      ;
; 0.725 ; sld_hub:auto_hub|sld_jtag_hub:\jtag_hub_gen:sld_jtag_hub_inst|jtag_ir_reg[8]                                                       ; sld_hub:auto_hub|sld_jtag_hub:\jtag_hub_gen:sld_jtag_hub_inst|jtag_ir_reg[7]                                                          ; altera_reserved_tck ; altera_reserved_tck ; 0.000        ; 0.080      ; 1.017      ;
; 0.725 ; sld_hub:auto_hub|sld_jtag_hub:\jtag_hub_gen:sld_jtag_hub_inst|jtag_ir_reg[4]                                                       ; sld_hub:auto_hub|sld_jtag_hub:\jtag_hub_gen:sld_jtag_hub_inst|jtag_ir_reg[3]                                                          ; altera_reserved_tck ; altera_reserved_tck ; 0.000        ; 0.080      ; 1.017      ;
; 0.727 ; sld_hub:auto_hub|sld_jtag_hub:\jtag_hub_gen:sld_jtag_hub_inst|identity_contrib_shift_reg[3]                                        ; sld_hub:auto_hub|sld_jtag_hub:\jtag_hub_gen:sld_jtag_hub_inst|identity_contrib_shift_reg[2]                                           ; altera_reserved_tck ; altera_reserved_tck ; 0.000        ; 0.081      ; 1.020      ;
; 0.731 ; rom1:inst2|altsyncram:altsyncram_component|altsyncram_bnb1:auto_generated|sld_mod_ram_rom:mgl_prim2|ram_rom_addr_reg[2]            ; rom1:inst2|altsyncram:altsyncram_component|altsyncram_bnb1:auto_generated|sld_mod_ram_rom:mgl_prim2|ram_rom_addr_reg[1]               ; altera_reserved_tck ; altera_reserved_tck ; 0.000        ; 0.081      ; 1.024      ;
; 0.731 ; rom1:inst2|altsyncram:altsyncram_component|altsyncram_bnb1:auto_generated|sld_mod_ram_rom:mgl_prim2|ram_rom_addr_reg[4]            ; rom1:inst2|altsyncram:altsyncram_component|altsyncram_bnb1:auto_generated|sld_mod_ram_rom:mgl_prim2|ram_rom_addr_reg[3]               ; altera_reserved_tck ; altera_reserved_tck ; 0.000        ; 0.081      ; 1.024      ;
; 0.732 ; rom1:inst2|altsyncram:altsyncram_component|altsyncram_bnb1:auto_generated|sld_mod_ram_rom:mgl_prim2|ram_rom_addr_reg[7]            ; rom1:inst2|altsyncram:altsyncram_component|altsyncram_bnb1:auto_generated|sld_mod_ram_rom:mgl_prim2|ram_rom_addr_reg[6]               ; altera_reserved_tck ; altera_reserved_tck ; 0.000        ; 0.081      ; 1.025      ;
; 0.743 ; sld_hub:auto_hub|sld_jtag_hub:\jtag_hub_gen:sld_jtag_hub_inst|sld_shadow_jsm:shadow_jsm|tms_cnt[1]                                 ; sld_hub:auto_hub|sld_jtag_hub:\jtag_hub_gen:sld_jtag_hub_inst|sld_shadow_jsm:shadow_jsm|tms_cnt[2]                                    ; altera_reserved_tck ; altera_reserved_tck ; 0.000        ; 0.081      ; 1.036      ;
; 0.746 ; sld_hub:auto_hub|sld_jtag_hub:\jtag_hub_gen:sld_jtag_hub_inst|irf_reg[1][0]                                                        ; rom1:inst2|altsyncram:altsyncram_component|altsyncram_bnb1:auto_generated|sld_mod_ram_rom:mgl_prim2|is_in_use_reg                     ; altera_reserved_tck ; altera_reserved_tck ; 0.000        ; 0.082      ; 1.040      ;
; 0.749 ; sld_hub:auto_hub|sld_jtag_hub:\jtag_hub_gen:sld_jtag_hub_inst|sld_shadow_jsm:shadow_jsm|state[10]                                  ; sld_hub:auto_hub|sld_jtag_hub:\jtag_hub_gen:sld_jtag_hub_inst|sld_shadow_jsm:shadow_jsm|state[12]                                     ; altera_reserved_tck ; altera_reserved_tck ; 0.000        ; 0.080      ; 1.041      ;
; 0.750 ; sld_hub:auto_hub|sld_jtag_hub:\jtag_hub_gen:sld_jtag_hub_inst|sld_shadow_jsm:shadow_jsm|state[1]                                   ; sld_hub:auto_hub|sld_jtag_hub:\jtag_hub_gen:sld_jtag_hub_inst|clr_reg                                                                 ; altera_reserved_tck ; altera_reserved_tck ; 0.000        ; 0.080      ; 1.042      ;
; 0.751 ; sld_hub:auto_hub|sld_jtag_hub:\jtag_hub_gen:sld_jtag_hub_inst|sld_shadow_jsm:shadow_jsm|state[12]                                  ; sld_hub:auto_hub|sld_jtag_hub:\jtag_hub_gen:sld_jtag_hub_inst|sld_shadow_jsm:shadow_jsm|state[13]                                     ; altera_reserved_tck ; altera_reserved_tck ; 0.000        ; 0.080      ; 1.043      ;
; 0.756 ; sld_hub:auto_hub|sld_jtag_hub:\jtag_hub_gen:sld_jtag_hub_inst|sld_shadow_jsm:shadow_jsm|state[7]                                   ; sld_hub:auto_hub|sld_jtag_hub:\jtag_hub_gen:sld_jtag_hub_inst|reset_ena_reg                                                           ; altera_reserved_tck ; altera_reserved_tck ; 0.000        ; 0.080      ; 1.048      ;
+-------+------------------------------------------------------------------------------------------------------------------------------------+---------------------------------------------------------------------------------------------------------------------------------------+---------------------+---------------------+--------------+------------+------------+


+-------------------------------------------------------------------------------------------------------------------------------------------------------------------------------------------------------------------------------------------------------------------------------------------------------------------------------------+
; Slow 1200mV 85C Model Recovery: 'altera_reserved_tck'                                                                                                                                                                                                                                                                               ;
+--------+--------------------------------------------------------------------------------------------------+------------------------------------------------------------------------------------------------------------------------------------+---------------------+---------------------+--------------+------------+------------+
; Slack  ; From Node                                                                                        ; To Node                                                                                                                            ; Launch Clock        ; Latch Clock         ; Relationship ; Clock Skew ; Data Delay ;
+--------+--------------------------------------------------------------------------------------------------+------------------------------------------------------------------------------------------------------------------------------------+---------------------+---------------------+--------------+------------+------------+
; 46.808 ; sld_hub:auto_hub|sld_jtag_hub:\jtag_hub_gen:sld_jtag_hub_inst|sld_shadow_jsm:shadow_jsm|state[8] ; sld_hub:auto_hub|sld_jtag_hub:\jtag_hub_gen:sld_jtag_hub_inst|tdo                                                                  ; altera_reserved_tck ; altera_reserved_tck ; 50.000       ; 0.223      ; 3.436      ;
; 96.876 ; sld_hub:auto_hub|sld_jtag_hub:\jtag_hub_gen:sld_jtag_hub_inst|irf_reg[1][4]                      ; rom1:inst2|altsyncram:altsyncram_component|altsyncram_bnb1:auto_generated|sld_mod_ram_rom:mgl_prim2|ir_loaded_address_reg[2]       ; altera_reserved_tck ; altera_reserved_tck ; 100.000      ; -0.068     ; 3.077      ;
; 96.876 ; sld_hub:auto_hub|sld_jtag_hub:\jtag_hub_gen:sld_jtag_hub_inst|irf_reg[1][4]                      ; rom1:inst2|altsyncram:altsyncram_component|altsyncram_bnb1:auto_generated|sld_mod_ram_rom:mgl_prim2|ir_loaded_address_reg[1]       ; altera_reserved_tck ; altera_reserved_tck ; 100.000      ; -0.068     ; 3.077      ;
; 96.876 ; sld_hub:auto_hub|sld_jtag_hub:\jtag_hub_gen:sld_jtag_hub_inst|irf_reg[1][4]                      ; rom1:inst2|altsyncram:altsyncram_component|altsyncram_bnb1:auto_generated|sld_mod_ram_rom:mgl_prim2|ir_loaded_address_reg[3]       ; altera_reserved_tck ; altera_reserved_tck ; 100.000      ; -0.068     ; 3.077      ;
; 96.876 ; sld_hub:auto_hub|sld_jtag_hub:\jtag_hub_gen:sld_jtag_hub_inst|irf_reg[1][4]                      ; rom1:inst2|altsyncram:altsyncram_component|altsyncram_bnb1:auto_generated|sld_mod_ram_rom:mgl_prim2|ir_loaded_address_reg[0]       ; altera_reserved_tck ; altera_reserved_tck ; 100.000      ; -0.068     ; 3.077      ;
; 97.117 ; sld_hub:auto_hub|sld_jtag_hub:\jtag_hub_gen:sld_jtag_hub_inst|virtual_ir_scan_reg                ; sld_hub:auto_hub|sld_jtag_hub:\jtag_hub_gen:sld_jtag_hub_inst|hub_mode_reg[2]                                                      ; altera_reserved_tck ; altera_reserved_tck ; 100.000      ; -0.056     ; 2.848      ;
; 97.218 ; sld_hub:auto_hub|sld_jtag_hub:\jtag_hub_gen:sld_jtag_hub_inst|irf_reg[1][0]                      ; rom1:inst2|altsyncram:altsyncram_component|altsyncram_bnb1:auto_generated|sld_mod_ram_rom:mgl_prim2|ir_loaded_address_reg[2]       ; altera_reserved_tck ; altera_reserved_tck ; 100.000      ; -0.068     ; 2.735      ;
; 97.218 ; sld_hub:auto_hub|sld_jtag_hub:\jtag_hub_gen:sld_jtag_hub_inst|irf_reg[1][0]                      ; rom1:inst2|altsyncram:altsyncram_component|altsyncram_bnb1:auto_generated|sld_mod_ram_rom:mgl_prim2|ir_loaded_address_reg[1]       ; altera_reserved_tck ; altera_reserved_tck ; 100.000      ; -0.068     ; 2.735      ;
; 97.218 ; sld_hub:auto_hub|sld_jtag_hub:\jtag_hub_gen:sld_jtag_hub_inst|irf_reg[1][0]                      ; rom1:inst2|altsyncram:altsyncram_component|altsyncram_bnb1:auto_generated|sld_mod_ram_rom:mgl_prim2|ir_loaded_address_reg[3]       ; altera_reserved_tck ; altera_reserved_tck ; 100.000      ; -0.068     ; 2.735      ;
; 97.218 ; sld_hub:auto_hub|sld_jtag_hub:\jtag_hub_gen:sld_jtag_hub_inst|irf_reg[1][0]                      ; rom1:inst2|altsyncram:altsyncram_component|altsyncram_bnb1:auto_generated|sld_mod_ram_rom:mgl_prim2|ir_loaded_address_reg[0]       ; altera_reserved_tck ; altera_reserved_tck ; 100.000      ; -0.068     ; 2.735      ;
; 97.435 ; sld_hub:auto_hub|sld_jtag_hub:\jtag_hub_gen:sld_jtag_hub_inst|clr_reg                            ; rom1:inst2|altsyncram:altsyncram_component|altsyncram_bnb1:auto_generated|sld_mod_ram_rom:mgl_prim2|bypass_reg_out                 ; altera_reserved_tck ; altera_reserved_tck ; 100.000      ; -0.068     ; 2.518      ;
; 97.476 ; sld_hub:auto_hub|sld_jtag_hub:\jtag_hub_gen:sld_jtag_hub_inst|clr_reg                            ; sld_hub:auto_hub|sld_jtag_hub:\jtag_hub_gen:sld_jtag_hub_inst|irf_reg[1][0]                                                        ; altera_reserved_tck ; altera_reserved_tck ; 100.000      ; -0.068     ; 2.477      ;
; 97.476 ; sld_hub:auto_hub|sld_jtag_hub:\jtag_hub_gen:sld_jtag_hub_inst|clr_reg                            ; sld_hub:auto_hub|sld_jtag_hub:\jtag_hub_gen:sld_jtag_hub_inst|irf_reg[1][1]                                                        ; altera_reserved_tck ; altera_reserved_tck ; 100.000      ; -0.068     ; 2.477      ;
; 97.476 ; sld_hub:auto_hub|sld_jtag_hub:\jtag_hub_gen:sld_jtag_hub_inst|clr_reg                            ; sld_hub:auto_hub|sld_jtag_hub:\jtag_hub_gen:sld_jtag_hub_inst|irf_reg[1][2]                                                        ; altera_reserved_tck ; altera_reserved_tck ; 100.000      ; -0.068     ; 2.477      ;
; 97.476 ; sld_hub:auto_hub|sld_jtag_hub:\jtag_hub_gen:sld_jtag_hub_inst|clr_reg                            ; sld_hub:auto_hub|sld_jtag_hub:\jtag_hub_gen:sld_jtag_hub_inst|irf_reg[1][4]                                                        ; altera_reserved_tck ; altera_reserved_tck ; 100.000      ; -0.068     ; 2.477      ;
; 97.476 ; sld_hub:auto_hub|sld_jtag_hub:\jtag_hub_gen:sld_jtag_hub_inst|clr_reg                            ; sld_hub:auto_hub|sld_jtag_hub:\jtag_hub_gen:sld_jtag_hub_inst|irf_reg[1][3]                                                        ; altera_reserved_tck ; altera_reserved_tck ; 100.000      ; -0.068     ; 2.477      ;
; 97.489 ; sld_hub:auto_hub|sld_jtag_hub:\jtag_hub_gen:sld_jtag_hub_inst|clr_reg                            ; rom1:inst2|altsyncram:altsyncram_component|altsyncram_bnb1:auto_generated|sld_mod_ram_rom:mgl_prim2|is_in_use_reg                  ; altera_reserved_tck ; altera_reserved_tck ; 100.000      ; -0.067     ; 2.465      ;
; 97.511 ; sld_hub:auto_hub|sld_jtag_hub:\jtag_hub_gen:sld_jtag_hub_inst|clr_reg                            ; sld_hub:auto_hub|sld_jtag_hub:\jtag_hub_gen:sld_jtag_hub_inst|hub_mode_reg[0]                                                      ; altera_reserved_tck ; altera_reserved_tck ; 100.000      ; -0.053     ; 2.457      ;
; 97.511 ; sld_hub:auto_hub|sld_jtag_hub:\jtag_hub_gen:sld_jtag_hub_inst|clr_reg                            ; sld_hub:auto_hub|sld_jtag_hub:\jtag_hub_gen:sld_jtag_hub_inst|irsr_reg[3]                                                          ; altera_reserved_tck ; altera_reserved_tck ; 100.000      ; -0.053     ; 2.457      ;
; 97.511 ; sld_hub:auto_hub|sld_jtag_hub:\jtag_hub_gen:sld_jtag_hub_inst|clr_reg                            ; sld_hub:auto_hub|sld_jtag_hub:\jtag_hub_gen:sld_jtag_hub_inst|hub_mode_reg[1]                                                      ; altera_reserved_tck ; altera_reserved_tck ; 100.000      ; -0.053     ; 2.457      ;
; 97.546 ; sld_hub:auto_hub|sld_jtag_hub:\jtag_hub_gen:sld_jtag_hub_inst|irf_reg[1][3]                      ; rom1:inst2|altsyncram:altsyncram_component|altsyncram_bnb1:auto_generated|sld_mod_ram_rom:mgl_prim2|ram_rom_data_shift_cntr_reg[1] ; altera_reserved_tck ; altera_reserved_tck ; 100.000      ; -0.062     ; 2.413      ;
; 97.546 ; sld_hub:auto_hub|sld_jtag_hub:\jtag_hub_gen:sld_jtag_hub_inst|irf_reg[1][3]                      ; rom1:inst2|altsyncram:altsyncram_component|altsyncram_bnb1:auto_generated|sld_mod_ram_rom:mgl_prim2|ram_rom_data_shift_cntr_reg[0] ; altera_reserved_tck ; altera_reserved_tck ; 100.000      ; -0.062     ; 2.413      ;
; 97.546 ; sld_hub:auto_hub|sld_jtag_hub:\jtag_hub_gen:sld_jtag_hub_inst|irf_reg[1][3]                      ; rom1:inst2|altsyncram:altsyncram_component|altsyncram_bnb1:auto_generated|sld_mod_ram_rom:mgl_prim2|ram_rom_data_shift_cntr_reg[2] ; altera_reserved_tck ; altera_reserved_tck ; 100.000      ; -0.062     ; 2.413      ;
; 97.546 ; sld_hub:auto_hub|sld_jtag_hub:\jtag_hub_gen:sld_jtag_hub_inst|irf_reg[1][3]                      ; rom1:inst2|altsyncram:altsyncram_component|altsyncram_bnb1:auto_generated|sld_mod_ram_rom:mgl_prim2|ram_rom_data_shift_cntr_reg[3] ; altera_reserved_tck ; altera_reserved_tck ; 100.000      ; -0.062     ; 2.413      ;
; 97.546 ; sld_hub:auto_hub|sld_jtag_hub:\jtag_hub_gen:sld_jtag_hub_inst|irf_reg[1][3]                      ; rom1:inst2|altsyncram:altsyncram_component|altsyncram_bnb1:auto_generated|sld_mod_ram_rom:mgl_prim2|ram_rom_data_shift_cntr_reg[4] ; altera_reserved_tck ; altera_reserved_tck ; 100.000      ; -0.062     ; 2.413      ;
; 97.777 ; sld_hub:auto_hub|sld_jtag_hub:\jtag_hub_gen:sld_jtag_hub_inst|sld_shadow_jsm:shadow_jsm|state[0] ; sld_hub:auto_hub|sld_jtag_hub:\jtag_hub_gen:sld_jtag_hub_inst|jtag_ir_reg[9]                                                       ; altera_reserved_tck ; altera_reserved_tck ; 100.000      ; -0.081     ; 2.163      ;
; 97.777 ; sld_hub:auto_hub|sld_jtag_hub:\jtag_hub_gen:sld_jtag_hub_inst|sld_shadow_jsm:shadow_jsm|state[0] ; sld_hub:auto_hub|sld_jtag_hub:\jtag_hub_gen:sld_jtag_hub_inst|jtag_ir_reg[8]                                                       ; altera_reserved_tck ; altera_reserved_tck ; 100.000      ; -0.081     ; 2.163      ;
; 97.777 ; sld_hub:auto_hub|sld_jtag_hub:\jtag_hub_gen:sld_jtag_hub_inst|sld_shadow_jsm:shadow_jsm|state[0] ; sld_hub:auto_hub|sld_jtag_hub:\jtag_hub_gen:sld_jtag_hub_inst|jtag_ir_reg[7]                                                       ; altera_reserved_tck ; altera_reserved_tck ; 100.000      ; -0.081     ; 2.163      ;
; 97.777 ; sld_hub:auto_hub|sld_jtag_hub:\jtag_hub_gen:sld_jtag_hub_inst|sld_shadow_jsm:shadow_jsm|state[0] ; sld_hub:auto_hub|sld_jtag_hub:\jtag_hub_gen:sld_jtag_hub_inst|jtag_ir_reg[6]                                                       ; altera_reserved_tck ; altera_reserved_tck ; 100.000      ; -0.081     ; 2.163      ;
; 97.777 ; sld_hub:auto_hub|sld_jtag_hub:\jtag_hub_gen:sld_jtag_hub_inst|sld_shadow_jsm:shadow_jsm|state[0] ; sld_hub:auto_hub|sld_jtag_hub:\jtag_hub_gen:sld_jtag_hub_inst|jtag_ir_reg[5]                                                       ; altera_reserved_tck ; altera_reserved_tck ; 100.000      ; -0.081     ; 2.163      ;
; 97.777 ; sld_hub:auto_hub|sld_jtag_hub:\jtag_hub_gen:sld_jtag_hub_inst|sld_shadow_jsm:shadow_jsm|state[0] ; sld_hub:auto_hub|sld_jtag_hub:\jtag_hub_gen:sld_jtag_hub_inst|jtag_ir_reg[4]                                                       ; altera_reserved_tck ; altera_reserved_tck ; 100.000      ; -0.081     ; 2.163      ;
; 97.777 ; sld_hub:auto_hub|sld_jtag_hub:\jtag_hub_gen:sld_jtag_hub_inst|sld_shadow_jsm:shadow_jsm|state[0] ; sld_hub:auto_hub|sld_jtag_hub:\jtag_hub_gen:sld_jtag_hub_inst|jtag_ir_reg[3]                                                       ; altera_reserved_tck ; altera_reserved_tck ; 100.000      ; -0.081     ; 2.163      ;
; 97.777 ; sld_hub:auto_hub|sld_jtag_hub:\jtag_hub_gen:sld_jtag_hub_inst|sld_shadow_jsm:shadow_jsm|state[0] ; sld_hub:auto_hub|sld_jtag_hub:\jtag_hub_gen:sld_jtag_hub_inst|jtag_ir_reg[2]                                                       ; altera_reserved_tck ; altera_reserved_tck ; 100.000      ; -0.081     ; 2.163      ;
; 97.777 ; sld_hub:auto_hub|sld_jtag_hub:\jtag_hub_gen:sld_jtag_hub_inst|sld_shadow_jsm:shadow_jsm|state[0] ; sld_hub:auto_hub|sld_jtag_hub:\jtag_hub_gen:sld_jtag_hub_inst|jtag_ir_reg[1]                                                       ; altera_reserved_tck ; altera_reserved_tck ; 100.000      ; -0.081     ; 2.163      ;
; 97.777 ; sld_hub:auto_hub|sld_jtag_hub:\jtag_hub_gen:sld_jtag_hub_inst|sld_shadow_jsm:shadow_jsm|state[0] ; sld_hub:auto_hub|sld_jtag_hub:\jtag_hub_gen:sld_jtag_hub_inst|jtag_ir_reg[0]                                                       ; altera_reserved_tck ; altera_reserved_tck ; 100.000      ; -0.081     ; 2.163      ;
; 97.777 ; sld_hub:auto_hub|sld_jtag_hub:\jtag_hub_gen:sld_jtag_hub_inst|sld_shadow_jsm:shadow_jsm|state[0] ; sld_hub:auto_hub|sld_jtag_hub:\jtag_hub_gen:sld_jtag_hub_inst|virtual_dr_scan_reg                                                  ; altera_reserved_tck ; altera_reserved_tck ; 100.000      ; -0.081     ; 2.163      ;
; 97.777 ; sld_hub:auto_hub|sld_jtag_hub:\jtag_hub_gen:sld_jtag_hub_inst|sld_shadow_jsm:shadow_jsm|state[0] ; sld_hub:auto_hub|sld_jtag_hub:\jtag_hub_gen:sld_jtag_hub_inst|virtual_ir_scan_reg                                                  ; altera_reserved_tck ; altera_reserved_tck ; 100.000      ; -0.081     ; 2.163      ;
; 97.813 ; sld_hub:auto_hub|sld_jtag_hub:\jtag_hub_gen:sld_jtag_hub_inst|clr_reg                            ; sld_hub:auto_hub|sld_jtag_hub:\jtag_hub_gen:sld_jtag_hub_inst|node_ena[1]~reg0                                                     ; altera_reserved_tck ; altera_reserved_tck ; 100.000      ; -0.079     ; 2.129      ;
; 97.865 ; sld_hub:auto_hub|sld_jtag_hub:\jtag_hub_gen:sld_jtag_hub_inst|clr_reg                            ; sld_hub:auto_hub|sld_jtag_hub:\jtag_hub_gen:sld_jtag_hub_inst|irsr_reg[2]                                                          ; altera_reserved_tck ; altera_reserved_tck ; 100.000      ; -0.057     ; 2.099      ;
; 97.865 ; sld_hub:auto_hub|sld_jtag_hub:\jtag_hub_gen:sld_jtag_hub_inst|clr_reg                            ; sld_hub:auto_hub|sld_jtag_hub:\jtag_hub_gen:sld_jtag_hub_inst|irsr_reg[4]                                                          ; altera_reserved_tck ; altera_reserved_tck ; 100.000      ; -0.057     ; 2.099      ;
; 97.865 ; sld_hub:auto_hub|sld_jtag_hub:\jtag_hub_gen:sld_jtag_hub_inst|clr_reg                            ; sld_hub:auto_hub|sld_jtag_hub:\jtag_hub_gen:sld_jtag_hub_inst|irsr_reg[0]                                                          ; altera_reserved_tck ; altera_reserved_tck ; 100.000      ; -0.057     ; 2.099      ;
; 97.865 ; sld_hub:auto_hub|sld_jtag_hub:\jtag_hub_gen:sld_jtag_hub_inst|clr_reg                            ; sld_hub:auto_hub|sld_jtag_hub:\jtag_hub_gen:sld_jtag_hub_inst|irsr_reg[5]                                                          ; altera_reserved_tck ; altera_reserved_tck ; 100.000      ; -0.057     ; 2.099      ;
; 97.865 ; sld_hub:auto_hub|sld_jtag_hub:\jtag_hub_gen:sld_jtag_hub_inst|clr_reg                            ; sld_hub:auto_hub|sld_jtag_hub:\jtag_hub_gen:sld_jtag_hub_inst|irsr_reg[1]                                                          ; altera_reserved_tck ; altera_reserved_tck ; 100.000      ; -0.057     ; 2.099      ;
; 98.177 ; sld_hub:auto_hub|sld_jtag_hub:\jtag_hub_gen:sld_jtag_hub_inst|irf_reg[1][0]                      ; rom1:inst2|altsyncram:altsyncram_component|altsyncram_bnb1:auto_generated|sld_mod_ram_rom:mgl_prim2|ram_rom_addr_reg[1]            ; altera_reserved_tck ; altera_reserved_tck ; 100.000      ; -0.080     ; 1.764      ;
; 98.177 ; sld_hub:auto_hub|sld_jtag_hub:\jtag_hub_gen:sld_jtag_hub_inst|irf_reg[1][0]                      ; rom1:inst2|altsyncram:altsyncram_component|altsyncram_bnb1:auto_generated|sld_mod_ram_rom:mgl_prim2|ram_rom_addr_reg[0]            ; altera_reserved_tck ; altera_reserved_tck ; 100.000      ; -0.080     ; 1.764      ;
; 98.177 ; sld_hub:auto_hub|sld_jtag_hub:\jtag_hub_gen:sld_jtag_hub_inst|irf_reg[1][0]                      ; rom1:inst2|altsyncram:altsyncram_component|altsyncram_bnb1:auto_generated|sld_mod_ram_rom:mgl_prim2|ram_rom_addr_reg[2]            ; altera_reserved_tck ; altera_reserved_tck ; 100.000      ; -0.080     ; 1.764      ;
; 98.177 ; sld_hub:auto_hub|sld_jtag_hub:\jtag_hub_gen:sld_jtag_hub_inst|irf_reg[1][0]                      ; rom1:inst2|altsyncram:altsyncram_component|altsyncram_bnb1:auto_generated|sld_mod_ram_rom:mgl_prim2|ram_rom_addr_reg[7]            ; altera_reserved_tck ; altera_reserved_tck ; 100.000      ; -0.080     ; 1.764      ;
; 98.177 ; sld_hub:auto_hub|sld_jtag_hub:\jtag_hub_gen:sld_jtag_hub_inst|irf_reg[1][0]                      ; rom1:inst2|altsyncram:altsyncram_component|altsyncram_bnb1:auto_generated|sld_mod_ram_rom:mgl_prim2|ram_rom_addr_reg[6]            ; altera_reserved_tck ; altera_reserved_tck ; 100.000      ; -0.080     ; 1.764      ;
; 98.177 ; sld_hub:auto_hub|sld_jtag_hub:\jtag_hub_gen:sld_jtag_hub_inst|irf_reg[1][0]                      ; rom1:inst2|altsyncram:altsyncram_component|altsyncram_bnb1:auto_generated|sld_mod_ram_rom:mgl_prim2|ram_rom_addr_reg[5]            ; altera_reserved_tck ; altera_reserved_tck ; 100.000      ; -0.080     ; 1.764      ;
; 98.177 ; sld_hub:auto_hub|sld_jtag_hub:\jtag_hub_gen:sld_jtag_hub_inst|irf_reg[1][0]                      ; rom1:inst2|altsyncram:altsyncram_component|altsyncram_bnb1:auto_generated|sld_mod_ram_rom:mgl_prim2|ram_rom_addr_reg[4]            ; altera_reserved_tck ; altera_reserved_tck ; 100.000      ; -0.080     ; 1.764      ;
; 98.177 ; sld_hub:auto_hub|sld_jtag_hub:\jtag_hub_gen:sld_jtag_hub_inst|irf_reg[1][0]                      ; rom1:inst2|altsyncram:altsyncram_component|altsyncram_bnb1:auto_generated|sld_mod_ram_rom:mgl_prim2|ram_rom_addr_reg[3]            ; altera_reserved_tck ; altera_reserved_tck ; 100.000      ; -0.080     ; 1.764      ;
+--------+--------------------------------------------------------------------------------------------------+------------------------------------------------------------------------------------------------------------------------------------+---------------------+---------------------+--------------+------------+------------+


+-------------------------------------------------------------------------------------------------------------------------------------------------------------------------------------------------------------------------------------------------------------------------------------------------------------------------------------+
; Slow 1200mV 85C Model Removal: 'altera_reserved_tck'                                                                                                                                                                                                                                                                                ;
+--------+--------------------------------------------------------------------------------------------------+------------------------------------------------------------------------------------------------------------------------------------+---------------------+---------------------+--------------+------------+------------+
; Slack  ; From Node                                                                                        ; To Node                                                                                                                            ; Launch Clock        ; Latch Clock         ; Relationship ; Clock Skew ; Data Delay ;
+--------+--------------------------------------------------------------------------------------------------+------------------------------------------------------------------------------------------------------------------------------------+---------------------+---------------------+--------------+------------+------------+
; 1.357  ; sld_hub:auto_hub|sld_jtag_hub:\jtag_hub_gen:sld_jtag_hub_inst|irf_reg[1][0]                      ; rom1:inst2|altsyncram:altsyncram_component|altsyncram_bnb1:auto_generated|sld_mod_ram_rom:mgl_prim2|ram_rom_addr_reg[1]            ; altera_reserved_tck ; altera_reserved_tck ; 0.000        ; 0.082      ; 1.651      ;
; 1.357  ; sld_hub:auto_hub|sld_jtag_hub:\jtag_hub_gen:sld_jtag_hub_inst|irf_reg[1][0]                      ; rom1:inst2|altsyncram:altsyncram_component|altsyncram_bnb1:auto_generated|sld_mod_ram_rom:mgl_prim2|ram_rom_addr_reg[0]            ; altera_reserved_tck ; altera_reserved_tck ; 0.000        ; 0.082      ; 1.651      ;
; 1.357  ; sld_hub:auto_hub|sld_jtag_hub:\jtag_hub_gen:sld_jtag_hub_inst|irf_reg[1][0]                      ; rom1:inst2|altsyncram:altsyncram_component|altsyncram_bnb1:auto_generated|sld_mod_ram_rom:mgl_prim2|ram_rom_addr_reg[2]            ; altera_reserved_tck ; altera_reserved_tck ; 0.000        ; 0.082      ; 1.651      ;
; 1.357  ; sld_hub:auto_hub|sld_jtag_hub:\jtag_hub_gen:sld_jtag_hub_inst|irf_reg[1][0]                      ; rom1:inst2|altsyncram:altsyncram_component|altsyncram_bnb1:auto_generated|sld_mod_ram_rom:mgl_prim2|ram_rom_addr_reg[7]            ; altera_reserved_tck ; altera_reserved_tck ; 0.000        ; 0.082      ; 1.651      ;
; 1.357  ; sld_hub:auto_hub|sld_jtag_hub:\jtag_hub_gen:sld_jtag_hub_inst|irf_reg[1][0]                      ; rom1:inst2|altsyncram:altsyncram_component|altsyncram_bnb1:auto_generated|sld_mod_ram_rom:mgl_prim2|ram_rom_addr_reg[6]            ; altera_reserved_tck ; altera_reserved_tck ; 0.000        ; 0.082      ; 1.651      ;
; 1.357  ; sld_hub:auto_hub|sld_jtag_hub:\jtag_hub_gen:sld_jtag_hub_inst|irf_reg[1][0]                      ; rom1:inst2|altsyncram:altsyncram_component|altsyncram_bnb1:auto_generated|sld_mod_ram_rom:mgl_prim2|ram_rom_addr_reg[5]            ; altera_reserved_tck ; altera_reserved_tck ; 0.000        ; 0.082      ; 1.651      ;
; 1.357  ; sld_hub:auto_hub|sld_jtag_hub:\jtag_hub_gen:sld_jtag_hub_inst|irf_reg[1][0]                      ; rom1:inst2|altsyncram:altsyncram_component|altsyncram_bnb1:auto_generated|sld_mod_ram_rom:mgl_prim2|ram_rom_addr_reg[4]            ; altera_reserved_tck ; altera_reserved_tck ; 0.000        ; 0.082      ; 1.651      ;
; 1.357  ; sld_hub:auto_hub|sld_jtag_hub:\jtag_hub_gen:sld_jtag_hub_inst|irf_reg[1][0]                      ; rom1:inst2|altsyncram:altsyncram_component|altsyncram_bnb1:auto_generated|sld_mod_ram_rom:mgl_prim2|ram_rom_addr_reg[3]            ; altera_reserved_tck ; altera_reserved_tck ; 0.000        ; 0.082      ; 1.651      ;
; 1.673  ; sld_hub:auto_hub|sld_jtag_hub:\jtag_hub_gen:sld_jtag_hub_inst|clr_reg                            ; sld_hub:auto_hub|sld_jtag_hub:\jtag_hub_gen:sld_jtag_hub_inst|irsr_reg[2]                                                          ; altera_reserved_tck ; altera_reserved_tck ; 0.000        ; 0.104      ; 1.989      ;
; 1.673  ; sld_hub:auto_hub|sld_jtag_hub:\jtag_hub_gen:sld_jtag_hub_inst|clr_reg                            ; sld_hub:auto_hub|sld_jtag_hub:\jtag_hub_gen:sld_jtag_hub_inst|irsr_reg[4]                                                          ; altera_reserved_tck ; altera_reserved_tck ; 0.000        ; 0.104      ; 1.989      ;
; 1.673  ; sld_hub:auto_hub|sld_jtag_hub:\jtag_hub_gen:sld_jtag_hub_inst|clr_reg                            ; sld_hub:auto_hub|sld_jtag_hub:\jtag_hub_gen:sld_jtag_hub_inst|irsr_reg[0]                                                          ; altera_reserved_tck ; altera_reserved_tck ; 0.000        ; 0.104      ; 1.989      ;
; 1.673  ; sld_hub:auto_hub|sld_jtag_hub:\jtag_hub_gen:sld_jtag_hub_inst|clr_reg                            ; sld_hub:auto_hub|sld_jtag_hub:\jtag_hub_gen:sld_jtag_hub_inst|irsr_reg[5]                                                          ; altera_reserved_tck ; altera_reserved_tck ; 0.000        ; 0.104      ; 1.989      ;
; 1.673  ; sld_hub:auto_hub|sld_jtag_hub:\jtag_hub_gen:sld_jtag_hub_inst|clr_reg                            ; sld_hub:auto_hub|sld_jtag_hub:\jtag_hub_gen:sld_jtag_hub_inst|irsr_reg[1]                                                          ; altera_reserved_tck ; altera_reserved_tck ; 0.000        ; 0.104      ; 1.989      ;
; 1.721  ; sld_hub:auto_hub|sld_jtag_hub:\jtag_hub_gen:sld_jtag_hub_inst|sld_shadow_jsm:shadow_jsm|state[0] ; sld_hub:auto_hub|sld_jtag_hub:\jtag_hub_gen:sld_jtag_hub_inst|jtag_ir_reg[9]                                                       ; altera_reserved_tck ; altera_reserved_tck ; 0.000        ; 0.080      ; 2.013      ;
; 1.721  ; sld_hub:auto_hub|sld_jtag_hub:\jtag_hub_gen:sld_jtag_hub_inst|sld_shadow_jsm:shadow_jsm|state[0] ; sld_hub:auto_hub|sld_jtag_hub:\jtag_hub_gen:sld_jtag_hub_inst|jtag_ir_reg[8]                                                       ; altera_reserved_tck ; altera_reserved_tck ; 0.000        ; 0.080      ; 2.013      ;
; 1.721  ; sld_hub:auto_hub|sld_jtag_hub:\jtag_hub_gen:sld_jtag_hub_inst|sld_shadow_jsm:shadow_jsm|state[0] ; sld_hub:auto_hub|sld_jtag_hub:\jtag_hub_gen:sld_jtag_hub_inst|jtag_ir_reg[7]                                                       ; altera_reserved_tck ; altera_reserved_tck ; 0.000        ; 0.080      ; 2.013      ;
; 1.721  ; sld_hub:auto_hub|sld_jtag_hub:\jtag_hub_gen:sld_jtag_hub_inst|sld_shadow_jsm:shadow_jsm|state[0] ; sld_hub:auto_hub|sld_jtag_hub:\jtag_hub_gen:sld_jtag_hub_inst|jtag_ir_reg[6]                                                       ; altera_reserved_tck ; altera_reserved_tck ; 0.000        ; 0.080      ; 2.013      ;
; 1.721  ; sld_hub:auto_hub|sld_jtag_hub:\jtag_hub_gen:sld_jtag_hub_inst|sld_shadow_jsm:shadow_jsm|state[0] ; sld_hub:auto_hub|sld_jtag_hub:\jtag_hub_gen:sld_jtag_hub_inst|jtag_ir_reg[5]                                                       ; altera_reserved_tck ; altera_reserved_tck ; 0.000        ; 0.080      ; 2.013      ;
; 1.721  ; sld_hub:auto_hub|sld_jtag_hub:\jtag_hub_gen:sld_jtag_hub_inst|sld_shadow_jsm:shadow_jsm|state[0] ; sld_hub:auto_hub|sld_jtag_hub:\jtag_hub_gen:sld_jtag_hub_inst|jtag_ir_reg[4]                                                       ; altera_reserved_tck ; altera_reserved_tck ; 0.000        ; 0.080      ; 2.013      ;
; 1.721  ; sld_hub:auto_hub|sld_jtag_hub:\jtag_hub_gen:sld_jtag_hub_inst|sld_shadow_jsm:shadow_jsm|state[0] ; sld_hub:auto_hub|sld_jtag_hub:\jtag_hub_gen:sld_jtag_hub_inst|jtag_ir_reg[3]                                                       ; altera_reserved_tck ; altera_reserved_tck ; 0.000        ; 0.080      ; 2.013      ;
; 1.721  ; sld_hub:auto_hub|sld_jtag_hub:\jtag_hub_gen:sld_jtag_hub_inst|sld_shadow_jsm:shadow_jsm|state[0] ; sld_hub:auto_hub|sld_jtag_hub:\jtag_hub_gen:sld_jtag_hub_inst|jtag_ir_reg[2]                                                       ; altera_reserved_tck ; altera_reserved_tck ; 0.000        ; 0.080      ; 2.013      ;
; 1.721  ; sld_hub:auto_hub|sld_jtag_hub:\jtag_hub_gen:sld_jtag_hub_inst|sld_shadow_jsm:shadow_jsm|state[0] ; sld_hub:auto_hub|sld_jtag_hub:\jtag_hub_gen:sld_jtag_hub_inst|jtag_ir_reg[1]                                                       ; altera_reserved_tck ; altera_reserved_tck ; 0.000        ; 0.080      ; 2.013      ;
; 1.721  ; sld_hub:auto_hub|sld_jtag_hub:\jtag_hub_gen:sld_jtag_hub_inst|sld_shadow_jsm:shadow_jsm|state[0] ; sld_hub:auto_hub|sld_jtag_hub:\jtag_hub_gen:sld_jtag_hub_inst|jtag_ir_reg[0]                                                       ; altera_reserved_tck ; altera_reserved_tck ; 0.000        ; 0.080      ; 2.013      ;
; 1.721  ; sld_hub:auto_hub|sld_jtag_hub:\jtag_hub_gen:sld_jtag_hub_inst|sld_shadow_jsm:shadow_jsm|state[0] ; sld_hub:auto_hub|sld_jtag_hub:\jtag_hub_gen:sld_jtag_hub_inst|virtual_dr_scan_reg                                                  ; altera_reserved_tck ; altera_reserved_tck ; 0.000        ; 0.080      ; 2.013      ;
; 1.721  ; sld_hub:auto_hub|sld_jtag_hub:\jtag_hub_gen:sld_jtag_hub_inst|sld_shadow_jsm:shadow_jsm|state[0] ; sld_hub:auto_hub|sld_jtag_hub:\jtag_hub_gen:sld_jtag_hub_inst|virtual_ir_scan_reg                                                  ; altera_reserved_tck ; altera_reserved_tck ; 0.000        ; 0.080      ; 2.013      ;
; 1.740  ; sld_hub:auto_hub|sld_jtag_hub:\jtag_hub_gen:sld_jtag_hub_inst|clr_reg                            ; sld_hub:auto_hub|sld_jtag_hub:\jtag_hub_gen:sld_jtag_hub_inst|node_ena[1]~reg0                                                     ; altera_reserved_tck ; altera_reserved_tck ; 0.000        ; 0.082      ; 2.034      ;
; 1.981  ; sld_hub:auto_hub|sld_jtag_hub:\jtag_hub_gen:sld_jtag_hub_inst|irf_reg[1][3]                      ; rom1:inst2|altsyncram:altsyncram_component|altsyncram_bnb1:auto_generated|sld_mod_ram_rom:mgl_prim2|ram_rom_data_shift_cntr_reg[1] ; altera_reserved_tck ; altera_reserved_tck ; 0.000        ; 0.101      ; 2.294      ;
; 1.981  ; sld_hub:auto_hub|sld_jtag_hub:\jtag_hub_gen:sld_jtag_hub_inst|irf_reg[1][3]                      ; rom1:inst2|altsyncram:altsyncram_component|altsyncram_bnb1:auto_generated|sld_mod_ram_rom:mgl_prim2|ram_rom_data_shift_cntr_reg[0] ; altera_reserved_tck ; altera_reserved_tck ; 0.000        ; 0.101      ; 2.294      ;
; 1.981  ; sld_hub:auto_hub|sld_jtag_hub:\jtag_hub_gen:sld_jtag_hub_inst|irf_reg[1][3]                      ; rom1:inst2|altsyncram:altsyncram_component|altsyncram_bnb1:auto_generated|sld_mod_ram_rom:mgl_prim2|ram_rom_data_shift_cntr_reg[2] ; altera_reserved_tck ; altera_reserved_tck ; 0.000        ; 0.101      ; 2.294      ;
; 1.981  ; sld_hub:auto_hub|sld_jtag_hub:\jtag_hub_gen:sld_jtag_hub_inst|irf_reg[1][3]                      ; rom1:inst2|altsyncram:altsyncram_component|altsyncram_bnb1:auto_generated|sld_mod_ram_rom:mgl_prim2|ram_rom_data_shift_cntr_reg[3] ; altera_reserved_tck ; altera_reserved_tck ; 0.000        ; 0.101      ; 2.294      ;
; 1.981  ; sld_hub:auto_hub|sld_jtag_hub:\jtag_hub_gen:sld_jtag_hub_inst|irf_reg[1][3]                      ; rom1:inst2|altsyncram:altsyncram_component|altsyncram_bnb1:auto_generated|sld_mod_ram_rom:mgl_prim2|ram_rom_data_shift_cntr_reg[4] ; altera_reserved_tck ; altera_reserved_tck ; 0.000        ; 0.101      ; 2.294      ;
; 2.032  ; sld_hub:auto_hub|sld_jtag_hub:\jtag_hub_gen:sld_jtag_hub_inst|clr_reg                            ; sld_hub:auto_hub|sld_jtag_hub:\jtag_hub_gen:sld_jtag_hub_inst|hub_mode_reg[0]                                                      ; altera_reserved_tck ; altera_reserved_tck ; 0.000        ; 0.108      ; 2.352      ;
; 2.032  ; sld_hub:auto_hub|sld_jtag_hub:\jtag_hub_gen:sld_jtag_hub_inst|clr_reg                            ; sld_hub:auto_hub|sld_jtag_hub:\jtag_hub_gen:sld_jtag_hub_inst|irsr_reg[3]                                                          ; altera_reserved_tck ; altera_reserved_tck ; 0.000        ; 0.108      ; 2.352      ;
; 2.032  ; sld_hub:auto_hub|sld_jtag_hub:\jtag_hub_gen:sld_jtag_hub_inst|clr_reg                            ; sld_hub:auto_hub|sld_jtag_hub:\jtag_hub_gen:sld_jtag_hub_inst|hub_mode_reg[1]                                                      ; altera_reserved_tck ; altera_reserved_tck ; 0.000        ; 0.108      ; 2.352      ;
; 2.046  ; sld_hub:auto_hub|sld_jtag_hub:\jtag_hub_gen:sld_jtag_hub_inst|clr_reg                            ; rom1:inst2|altsyncram:altsyncram_component|altsyncram_bnb1:auto_generated|sld_mod_ram_rom:mgl_prim2|is_in_use_reg                  ; altera_reserved_tck ; altera_reserved_tck ; 0.000        ; 0.094      ; 2.352      ;
; 2.050  ; sld_hub:auto_hub|sld_jtag_hub:\jtag_hub_gen:sld_jtag_hub_inst|clr_reg                            ; sld_hub:auto_hub|sld_jtag_hub:\jtag_hub_gen:sld_jtag_hub_inst|irf_reg[1][0]                                                        ; altera_reserved_tck ; altera_reserved_tck ; 0.000        ; 0.093      ; 2.355      ;
; 2.050  ; sld_hub:auto_hub|sld_jtag_hub:\jtag_hub_gen:sld_jtag_hub_inst|clr_reg                            ; sld_hub:auto_hub|sld_jtag_hub:\jtag_hub_gen:sld_jtag_hub_inst|irf_reg[1][1]                                                        ; altera_reserved_tck ; altera_reserved_tck ; 0.000        ; 0.093      ; 2.355      ;
; 2.050  ; sld_hub:auto_hub|sld_jtag_hub:\jtag_hub_gen:sld_jtag_hub_inst|clr_reg                            ; sld_hub:auto_hub|sld_jtag_hub:\jtag_hub_gen:sld_jtag_hub_inst|irf_reg[1][2]                                                        ; altera_reserved_tck ; altera_reserved_tck ; 0.000        ; 0.093      ; 2.355      ;
; 2.050  ; sld_hub:auto_hub|sld_jtag_hub:\jtag_hub_gen:sld_jtag_hub_inst|clr_reg                            ; sld_hub:auto_hub|sld_jtag_hub:\jtag_hub_gen:sld_jtag_hub_inst|irf_reg[1][4]                                                        ; altera_reserved_tck ; altera_reserved_tck ; 0.000        ; 0.093      ; 2.355      ;
; 2.050  ; sld_hub:auto_hub|sld_jtag_hub:\jtag_hub_gen:sld_jtag_hub_inst|clr_reg                            ; sld_hub:auto_hub|sld_jtag_hub:\jtag_hub_gen:sld_jtag_hub_inst|irf_reg[1][3]                                                        ; altera_reserved_tck ; altera_reserved_tck ; 0.000        ; 0.093      ; 2.355      ;
; 2.097  ; sld_hub:auto_hub|sld_jtag_hub:\jtag_hub_gen:sld_jtag_hub_inst|clr_reg                            ; rom1:inst2|altsyncram:altsyncram_component|altsyncram_bnb1:auto_generated|sld_mod_ram_rom:mgl_prim2|bypass_reg_out                 ; altera_reserved_tck ; altera_reserved_tck ; 0.000        ; 0.093      ; 2.402      ;
; 2.260  ; sld_hub:auto_hub|sld_jtag_hub:\jtag_hub_gen:sld_jtag_hub_inst|virtual_ir_scan_reg                ; sld_hub:auto_hub|sld_jtag_hub:\jtag_hub_gen:sld_jtag_hub_inst|hub_mode_reg[2]                                                      ; altera_reserved_tck ; altera_reserved_tck ; 0.000        ; 0.105      ; 2.577      ;
; 2.270  ; sld_hub:auto_hub|sld_jtag_hub:\jtag_hub_gen:sld_jtag_hub_inst|irf_reg[1][0]                      ; rom1:inst2|altsyncram:altsyncram_component|altsyncram_bnb1:auto_generated|sld_mod_ram_rom:mgl_prim2|ir_loaded_address_reg[2]       ; altera_reserved_tck ; altera_reserved_tck ; 0.000        ; 0.095      ; 2.577      ;
; 2.270  ; sld_hub:auto_hub|sld_jtag_hub:\jtag_hub_gen:sld_jtag_hub_inst|irf_reg[1][0]                      ; rom1:inst2|altsyncram:altsyncram_component|altsyncram_bnb1:auto_generated|sld_mod_ram_rom:mgl_prim2|ir_loaded_address_reg[1]       ; altera_reserved_tck ; altera_reserved_tck ; 0.000        ; 0.095      ; 2.577      ;
; 2.270  ; sld_hub:auto_hub|sld_jtag_hub:\jtag_hub_gen:sld_jtag_hub_inst|irf_reg[1][0]                      ; rom1:inst2|altsyncram:altsyncram_component|altsyncram_bnb1:auto_generated|sld_mod_ram_rom:mgl_prim2|ir_loaded_address_reg[3]       ; altera_reserved_tck ; altera_reserved_tck ; 0.000        ; 0.095      ; 2.577      ;
; 2.270  ; sld_hub:auto_hub|sld_jtag_hub:\jtag_hub_gen:sld_jtag_hub_inst|irf_reg[1][0]                      ; rom1:inst2|altsyncram:altsyncram_component|altsyncram_bnb1:auto_generated|sld_mod_ram_rom:mgl_prim2|ir_loaded_address_reg[0]       ; altera_reserved_tck ; altera_reserved_tck ; 0.000        ; 0.095      ; 2.577      ;
; 2.568  ; sld_hub:auto_hub|sld_jtag_hub:\jtag_hub_gen:sld_jtag_hub_inst|irf_reg[1][4]                      ; rom1:inst2|altsyncram:altsyncram_component|altsyncram_bnb1:auto_generated|sld_mod_ram_rom:mgl_prim2|ir_loaded_address_reg[2]       ; altera_reserved_tck ; altera_reserved_tck ; 0.000        ; 0.095      ; 2.875      ;
; 2.568  ; sld_hub:auto_hub|sld_jtag_hub:\jtag_hub_gen:sld_jtag_hub_inst|irf_reg[1][4]                      ; rom1:inst2|altsyncram:altsyncram_component|altsyncram_bnb1:auto_generated|sld_mod_ram_rom:mgl_prim2|ir_loaded_address_reg[1]       ; altera_reserved_tck ; altera_reserved_tck ; 0.000        ; 0.095      ; 2.875      ;
; 2.568  ; sld_hub:auto_hub|sld_jtag_hub:\jtag_hub_gen:sld_jtag_hub_inst|irf_reg[1][4]                      ; rom1:inst2|altsyncram:altsyncram_component|altsyncram_bnb1:auto_generated|sld_mod_ram_rom:mgl_prim2|ir_loaded_address_reg[3]       ; altera_reserved_tck ; altera_reserved_tck ; 0.000        ; 0.095      ; 2.875      ;
; 2.568  ; sld_hub:auto_hub|sld_jtag_hub:\jtag_hub_gen:sld_jtag_hub_inst|irf_reg[1][4]                      ; rom1:inst2|altsyncram:altsyncram_component|altsyncram_bnb1:auto_generated|sld_mod_ram_rom:mgl_prim2|ir_loaded_address_reg[0]       ; altera_reserved_tck ; altera_reserved_tck ; 0.000        ; 0.095      ; 2.875      ;
; 52.624 ; sld_hub:auto_hub|sld_jtag_hub:\jtag_hub_gen:sld_jtag_hub_inst|sld_shadow_jsm:shadow_jsm|state[8] ; sld_hub:auto_hub|sld_jtag_hub:\jtag_hub_gen:sld_jtag_hub_inst|tdo                                                                  ; altera_reserved_tck ; altera_reserved_tck ; -50.000      ; 0.394      ; 3.230      ;
+--------+--------------------------------------------------------------------------------------------------+------------------------------------------------------------------------------------------------------------------------------------+---------------------+---------------------+--------------+------------+------------+


+-----------------------------------------------------------------------------------------------------------------------------------------------------------------------------------------------------------------------------------------------------------------------+
; Slow 1200mV 85C Model Minimum Pulse Width: 'altera_reserved_tck'                                                                                                                                                                                                      ;
+--------+--------------+----------------+------------------+---------------------+------------+------------------------------------------------------------------------------------------------------------------------------------------------------------------------+
; Slack  ; Actual Width ; Required Width ; Type             ; Clock               ; Clock Edge ; Target                                                                                                                                                                 ;
+--------+--------------+----------------+------------------+---------------------+------------+------------------------------------------------------------------------------------------------------------------------------------------------------------------------+
; 49.450 ; 49.685       ; 0.235          ; Low Pulse Width  ; altera_reserved_tck ; Rise       ; rom1:inst2|altsyncram:altsyncram_component|altsyncram_bnb1:auto_generated|altsyncram_67d2:altsyncram1|ram_block3a10~portb_address_reg0                                 ;
; 49.450 ; 49.685       ; 0.235          ; Low Pulse Width  ; altera_reserved_tck ; Rise       ; rom1:inst2|altsyncram:altsyncram_component|altsyncram_bnb1:auto_generated|altsyncram_67d2:altsyncram1|ram_block3a10~portb_we_reg                                       ;
; 49.451 ; 49.686       ; 0.235          ; Low Pulse Width  ; altera_reserved_tck ; Rise       ; rom1:inst2|altsyncram:altsyncram_component|altsyncram_bnb1:auto_generated|altsyncram_67d2:altsyncram1|ram_block3a0~portb_address_reg0                                  ;
; 49.451 ; 49.686       ; 0.235          ; Low Pulse Width  ; altera_reserved_tck ; Rise       ; rom1:inst2|altsyncram:altsyncram_component|altsyncram_bnb1:auto_generated|altsyncram_67d2:altsyncram1|ram_block3a0~portb_we_reg                                        ;
; 49.453 ; 49.688       ; 0.235          ; Low Pulse Width  ; altera_reserved_tck ; Rise       ; rom1:inst2|altsyncram:altsyncram_component|altsyncram_bnb1:auto_generated|altsyncram_67d2:altsyncram1|ram_block3a10~portb_datain_reg0                                  ;
; 49.454 ; 49.689       ; 0.235          ; Low Pulse Width  ; altera_reserved_tck ; Rise       ; rom1:inst2|altsyncram:altsyncram_component|altsyncram_bnb1:auto_generated|altsyncram_67d2:altsyncram1|ram_block3a0~portb_datain_reg0                                   ;
; 49.505 ; 49.725       ; 0.220          ; High Pulse Width ; altera_reserved_tck ; Fall       ; sld_hub:auto_hub|sld_jtag_hub:\jtag_hub_gen:sld_jtag_hub_inst|tdo                                                                                                      ;
; 49.562 ; 49.750       ; 0.188          ; Low Pulse Width  ; altera_reserved_tck ; Rise       ; rom1:inst2|altsyncram:altsyncram_component|altsyncram_bnb1:auto_generated|sld_mod_ram_rom:mgl_prim2|sld_rom_sr:\ram_rom_logic_gen:name_gen:info_rom_sr|WORD_SR[0]      ;
; 49.562 ; 49.750       ; 0.188          ; Low Pulse Width  ; altera_reserved_tck ; Rise       ; rom1:inst2|altsyncram:altsyncram_component|altsyncram_bnb1:auto_generated|sld_mod_ram_rom:mgl_prim2|sld_rom_sr:\ram_rom_logic_gen:name_gen:info_rom_sr|WORD_SR[1]      ;
; 49.562 ; 49.750       ; 0.188          ; Low Pulse Width  ; altera_reserved_tck ; Rise       ; rom1:inst2|altsyncram:altsyncram_component|altsyncram_bnb1:auto_generated|sld_mod_ram_rom:mgl_prim2|sld_rom_sr:\ram_rom_logic_gen:name_gen:info_rom_sr|WORD_SR[2]      ;
; 49.562 ; 49.750       ; 0.188          ; Low Pulse Width  ; altera_reserved_tck ; Rise       ; rom1:inst2|altsyncram:altsyncram_component|altsyncram_bnb1:auto_generated|sld_mod_ram_rom:mgl_prim2|sld_rom_sr:\ram_rom_logic_gen:name_gen:info_rom_sr|WORD_SR[3]      ;
; 49.562 ; 49.750       ; 0.188          ; Low Pulse Width  ; altera_reserved_tck ; Rise       ; rom1:inst2|altsyncram:altsyncram_component|altsyncram_bnb1:auto_generated|sld_mod_ram_rom:mgl_prim2|sld_rom_sr:\ram_rom_logic_gen:name_gen:info_rom_sr|word_counter[0] ;
; 49.562 ; 49.750       ; 0.188          ; Low Pulse Width  ; altera_reserved_tck ; Rise       ; rom1:inst2|altsyncram:altsyncram_component|altsyncram_bnb1:auto_generated|sld_mod_ram_rom:mgl_prim2|sld_rom_sr:\ram_rom_logic_gen:name_gen:info_rom_sr|word_counter[1] ;
; 49.562 ; 49.750       ; 0.188          ; Low Pulse Width  ; altera_reserved_tck ; Rise       ; rom1:inst2|altsyncram:altsyncram_component|altsyncram_bnb1:auto_generated|sld_mod_ram_rom:mgl_prim2|sld_rom_sr:\ram_rom_logic_gen:name_gen:info_rom_sr|word_counter[2] ;
; 49.562 ; 49.750       ; 0.188          ; Low Pulse Width  ; altera_reserved_tck ; Rise       ; rom1:inst2|altsyncram:altsyncram_component|altsyncram_bnb1:auto_generated|sld_mod_ram_rom:mgl_prim2|sld_rom_sr:\ram_rom_logic_gen:name_gen:info_rom_sr|word_counter[3] ;
; 49.562 ; 49.750       ; 0.188          ; Low Pulse Width  ; altera_reserved_tck ; Rise       ; rom1:inst2|altsyncram:altsyncram_component|altsyncram_bnb1:auto_generated|sld_mod_ram_rom:mgl_prim2|sld_rom_sr:\ram_rom_logic_gen:name_gen:info_rom_sr|word_counter[4] ;
; 49.562 ; 49.750       ; 0.188          ; Low Pulse Width  ; altera_reserved_tck ; Rise       ; sld_hub:auto_hub|sld_jtag_hub:\jtag_hub_gen:sld_jtag_hub_inst|identity_contrib_shift_reg[0]                                                                            ;
; 49.562 ; 49.750       ; 0.188          ; Low Pulse Width  ; altera_reserved_tck ; Rise       ; sld_hub:auto_hub|sld_jtag_hub:\jtag_hub_gen:sld_jtag_hub_inst|identity_contrib_shift_reg[1]                                                                            ;
; 49.562 ; 49.750       ; 0.188          ; Low Pulse Width  ; altera_reserved_tck ; Rise       ; sld_hub:auto_hub|sld_jtag_hub:\jtag_hub_gen:sld_jtag_hub_inst|identity_contrib_shift_reg[2]                                                                            ;
; 49.562 ; 49.750       ; 0.188          ; Low Pulse Width  ; altera_reserved_tck ; Rise       ; sld_hub:auto_hub|sld_jtag_hub:\jtag_hub_gen:sld_jtag_hub_inst|identity_contrib_shift_reg[3]                                                                            ;
; 49.562 ; 49.750       ; 0.188          ; Low Pulse Width  ; altera_reserved_tck ; Rise       ; sld_hub:auto_hub|sld_jtag_hub:\jtag_hub_gen:sld_jtag_hub_inst|identity_contrib_update_reg[1]                                                                           ;
; 49.562 ; 49.750       ; 0.188          ; Low Pulse Width  ; altera_reserved_tck ; Rise       ; sld_hub:auto_hub|sld_jtag_hub:\jtag_hub_gen:sld_jtag_hub_inst|identity_contrib_update_reg[2]                                                                           ;
; 49.562 ; 49.750       ; 0.188          ; Low Pulse Width  ; altera_reserved_tck ; Rise       ; sld_hub:auto_hub|sld_jtag_hub:\jtag_hub_gen:sld_jtag_hub_inst|jtag_ir_reg[0]                                                                                           ;
; 49.562 ; 49.750       ; 0.188          ; Low Pulse Width  ; altera_reserved_tck ; Rise       ; sld_hub:auto_hub|sld_jtag_hub:\jtag_hub_gen:sld_jtag_hub_inst|jtag_ir_reg[1]                                                                                           ;
; 49.562 ; 49.750       ; 0.188          ; Low Pulse Width  ; altera_reserved_tck ; Rise       ; sld_hub:auto_hub|sld_jtag_hub:\jtag_hub_gen:sld_jtag_hub_inst|jtag_ir_reg[2]                                                                                           ;
; 49.562 ; 49.750       ; 0.188          ; Low Pulse Width  ; altera_reserved_tck ; Rise       ; sld_hub:auto_hub|sld_jtag_hub:\jtag_hub_gen:sld_jtag_hub_inst|jtag_ir_reg[3]                                                                                           ;
; 49.562 ; 49.750       ; 0.188          ; Low Pulse Width  ; altera_reserved_tck ; Rise       ; sld_hub:auto_hub|sld_jtag_hub:\jtag_hub_gen:sld_jtag_hub_inst|jtag_ir_reg[4]                                                                                           ;
; 49.562 ; 49.750       ; 0.188          ; Low Pulse Width  ; altera_reserved_tck ; Rise       ; sld_hub:auto_hub|sld_jtag_hub:\jtag_hub_gen:sld_jtag_hub_inst|jtag_ir_reg[5]                                                                                           ;
; 49.562 ; 49.750       ; 0.188          ; Low Pulse Width  ; altera_reserved_tck ; Rise       ; sld_hub:auto_hub|sld_jtag_hub:\jtag_hub_gen:sld_jtag_hub_inst|jtag_ir_reg[6]                                                                                           ;
; 49.562 ; 49.750       ; 0.188          ; Low Pulse Width  ; altera_reserved_tck ; Rise       ; sld_hub:auto_hub|sld_jtag_hub:\jtag_hub_gen:sld_jtag_hub_inst|jtag_ir_reg[7]                                                                                           ;
; 49.562 ; 49.750       ; 0.188          ; Low Pulse Width  ; altera_reserved_tck ; Rise       ; sld_hub:auto_hub|sld_jtag_hub:\jtag_hub_gen:sld_jtag_hub_inst|jtag_ir_reg[8]                                                                                           ;
; 49.562 ; 49.750       ; 0.188          ; Low Pulse Width  ; altera_reserved_tck ; Rise       ; sld_hub:auto_hub|sld_jtag_hub:\jtag_hub_gen:sld_jtag_hub_inst|jtag_ir_reg[9]                                                                                           ;
; 49.562 ; 49.750       ; 0.188          ; Low Pulse Width  ; altera_reserved_tck ; Rise       ; sld_hub:auto_hub|sld_jtag_hub:\jtag_hub_gen:sld_jtag_hub_inst|sld_rom_sr:hub_info_reg|WORD_SR[0]                                                                       ;
; 49.562 ; 49.750       ; 0.188          ; Low Pulse Width  ; altera_reserved_tck ; Rise       ; sld_hub:auto_hub|sld_jtag_hub:\jtag_hub_gen:sld_jtag_hub_inst|sld_rom_sr:hub_info_reg|WORD_SR[1]                                                                       ;
; 49.562 ; 49.750       ; 0.188          ; Low Pulse Width  ; altera_reserved_tck ; Rise       ; sld_hub:auto_hub|sld_jtag_hub:\jtag_hub_gen:sld_jtag_hub_inst|sld_rom_sr:hub_info_reg|WORD_SR[2]                                                                       ;
; 49.562 ; 49.750       ; 0.188          ; Low Pulse Width  ; altera_reserved_tck ; Rise       ; sld_hub:auto_hub|sld_jtag_hub:\jtag_hub_gen:sld_jtag_hub_inst|sld_rom_sr:hub_info_reg|WORD_SR[3]                                                                       ;
; 49.562 ; 49.750       ; 0.188          ; Low Pulse Width  ; altera_reserved_tck ; Rise       ; sld_hub:auto_hub|sld_jtag_hub:\jtag_hub_gen:sld_jtag_hub_inst|virtual_dr_scan_reg                                                                                      ;
; 49.562 ; 49.750       ; 0.188          ; Low Pulse Width  ; altera_reserved_tck ; Rise       ; sld_hub:auto_hub|sld_jtag_hub:\jtag_hub_gen:sld_jtag_hub_inst|virtual_ir_scan_reg                                                                                      ;
; 49.563 ; 49.751       ; 0.188          ; Low Pulse Width  ; altera_reserved_tck ; Rise       ; sld_hub:auto_hub|sld_jtag_hub:\jtag_hub_gen:sld_jtag_hub_inst|clr_reg                                                                                                  ;
; 49.563 ; 49.751       ; 0.188          ; Low Pulse Width  ; altera_reserved_tck ; Rise       ; sld_hub:auto_hub|sld_jtag_hub:\jtag_hub_gen:sld_jtag_hub_inst|hub_minor_ver_reg[0]                                                                                     ;
; 49.563 ; 49.751       ; 0.188          ; Low Pulse Width  ; altera_reserved_tck ; Rise       ; sld_hub:auto_hub|sld_jtag_hub:\jtag_hub_gen:sld_jtag_hub_inst|hub_minor_ver_reg[1]                                                                                     ;
; 49.563 ; 49.751       ; 0.188          ; Low Pulse Width  ; altera_reserved_tck ; Rise       ; sld_hub:auto_hub|sld_jtag_hub:\jtag_hub_gen:sld_jtag_hub_inst|hub_minor_ver_reg[2]                                                                                     ;
; 49.563 ; 49.751       ; 0.188          ; Low Pulse Width  ; altera_reserved_tck ; Rise       ; sld_hub:auto_hub|sld_jtag_hub:\jtag_hub_gen:sld_jtag_hub_inst|hub_minor_ver_reg[3]                                                                                     ;
; 49.563 ; 49.751       ; 0.188          ; Low Pulse Width  ; altera_reserved_tck ; Rise       ; sld_hub:auto_hub|sld_jtag_hub:\jtag_hub_gen:sld_jtag_hub_inst|node_ena[1]~reg0                                                                                         ;
; 49.563 ; 49.751       ; 0.188          ; Low Pulse Width  ; altera_reserved_tck ; Rise       ; sld_hub:auto_hub|sld_jtag_hub:\jtag_hub_gen:sld_jtag_hub_inst|reset_ena_reg                                                                                            ;
; 49.563 ; 49.751       ; 0.188          ; Low Pulse Width  ; altera_reserved_tck ; Rise       ; sld_hub:auto_hub|sld_jtag_hub:\jtag_hub_gen:sld_jtag_hub_inst|sld_shadow_jsm:shadow_jsm|state[0]                                                                       ;
; 49.563 ; 49.751       ; 0.188          ; Low Pulse Width  ; altera_reserved_tck ; Rise       ; sld_hub:auto_hub|sld_jtag_hub:\jtag_hub_gen:sld_jtag_hub_inst|sld_shadow_jsm:shadow_jsm|state[10]                                                                      ;
; 49.563 ; 49.751       ; 0.188          ; Low Pulse Width  ; altera_reserved_tck ; Rise       ; sld_hub:auto_hub|sld_jtag_hub:\jtag_hub_gen:sld_jtag_hub_inst|sld_shadow_jsm:shadow_jsm|state[11]                                                                      ;
; 49.563 ; 49.751       ; 0.188          ; Low Pulse Width  ; altera_reserved_tck ; Rise       ; sld_hub:auto_hub|sld_jtag_hub:\jtag_hub_gen:sld_jtag_hub_inst|sld_shadow_jsm:shadow_jsm|state[12]                                                                      ;
; 49.563 ; 49.751       ; 0.188          ; Low Pulse Width  ; altera_reserved_tck ; Rise       ; sld_hub:auto_hub|sld_jtag_hub:\jtag_hub_gen:sld_jtag_hub_inst|sld_shadow_jsm:shadow_jsm|state[13]                                                                      ;
; 49.563 ; 49.751       ; 0.188          ; Low Pulse Width  ; altera_reserved_tck ; Rise       ; sld_hub:auto_hub|sld_jtag_hub:\jtag_hub_gen:sld_jtag_hub_inst|sld_shadow_jsm:shadow_jsm|state[14]                                                                      ;
; 49.563 ; 49.751       ; 0.188          ; Low Pulse Width  ; altera_reserved_tck ; Rise       ; sld_hub:auto_hub|sld_jtag_hub:\jtag_hub_gen:sld_jtag_hub_inst|sld_shadow_jsm:shadow_jsm|state[15]                                                                      ;
; 49.563 ; 49.751       ; 0.188          ; Low Pulse Width  ; altera_reserved_tck ; Rise       ; sld_hub:auto_hub|sld_jtag_hub:\jtag_hub_gen:sld_jtag_hub_inst|sld_shadow_jsm:shadow_jsm|state[1]                                                                       ;
; 49.563 ; 49.751       ; 0.188          ; Low Pulse Width  ; altera_reserved_tck ; Rise       ; sld_hub:auto_hub|sld_jtag_hub:\jtag_hub_gen:sld_jtag_hub_inst|sld_shadow_jsm:shadow_jsm|state[2]                                                                       ;
; 49.563 ; 49.751       ; 0.188          ; Low Pulse Width  ; altera_reserved_tck ; Rise       ; sld_hub:auto_hub|sld_jtag_hub:\jtag_hub_gen:sld_jtag_hub_inst|sld_shadow_jsm:shadow_jsm|state[3]                                                                       ;
; 49.563 ; 49.751       ; 0.188          ; Low Pulse Width  ; altera_reserved_tck ; Rise       ; sld_hub:auto_hub|sld_jtag_hub:\jtag_hub_gen:sld_jtag_hub_inst|sld_shadow_jsm:shadow_jsm|state[4]                                                                       ;
; 49.563 ; 49.751       ; 0.188          ; Low Pulse Width  ; altera_reserved_tck ; Rise       ; sld_hub:auto_hub|sld_jtag_hub:\jtag_hub_gen:sld_jtag_hub_inst|sld_shadow_jsm:shadow_jsm|state[5]                                                                       ;
; 49.563 ; 49.751       ; 0.188          ; Low Pulse Width  ; altera_reserved_tck ; Rise       ; sld_hub:auto_hub|sld_jtag_hub:\jtag_hub_gen:sld_jtag_hub_inst|sld_shadow_jsm:shadow_jsm|state[6]                                                                       ;
; 49.563 ; 49.751       ; 0.188          ; Low Pulse Width  ; altera_reserved_tck ; Rise       ; sld_hub:auto_hub|sld_jtag_hub:\jtag_hub_gen:sld_jtag_hub_inst|sld_shadow_jsm:shadow_jsm|state[7]                                                                       ;
; 49.563 ; 49.751       ; 0.188          ; Low Pulse Width  ; altera_reserved_tck ; Rise       ; sld_hub:auto_hub|sld_jtag_hub:\jtag_hub_gen:sld_jtag_hub_inst|sld_shadow_jsm:shadow_jsm|state[8]                                                                       ;
; 49.563 ; 49.751       ; 0.188          ; Low Pulse Width  ; altera_reserved_tck ; Rise       ; sld_hub:auto_hub|sld_jtag_hub:\jtag_hub_gen:sld_jtag_hub_inst|sld_shadow_jsm:shadow_jsm|state[9]                                                                       ;
; 49.563 ; 49.751       ; 0.188          ; Low Pulse Width  ; altera_reserved_tck ; Rise       ; sld_hub:auto_hub|sld_jtag_hub:\jtag_hub_gen:sld_jtag_hub_inst|sld_shadow_jsm:shadow_jsm|tms_cnt[0]                                                                     ;
; 49.563 ; 49.751       ; 0.188          ; Low Pulse Width  ; altera_reserved_tck ; Rise       ; sld_hub:auto_hub|sld_jtag_hub:\jtag_hub_gen:sld_jtag_hub_inst|sld_shadow_jsm:shadow_jsm|tms_cnt[1]                                                                     ;
; 49.563 ; 49.751       ; 0.188          ; Low Pulse Width  ; altera_reserved_tck ; Rise       ; sld_hub:auto_hub|sld_jtag_hub:\jtag_hub_gen:sld_jtag_hub_inst|sld_shadow_jsm:shadow_jsm|tms_cnt[2]                                                                     ;
; 49.563 ; 49.751       ; 0.188          ; Low Pulse Width  ; altera_reserved_tck ; Rise       ; sld_hub:auto_hub|sld_jtag_hub:\jtag_hub_gen:sld_jtag_hub_inst|tdo_bypass_reg                                                                                           ;
; 49.564 ; 49.752       ; 0.188          ; Low Pulse Width  ; altera_reserved_tck ; Rise       ; sld_hub:auto_hub|sld_jtag_hub:\jtag_hub_gen:sld_jtag_hub_inst|sld_rom_sr:hub_info_reg|word_counter[0]                                                                  ;
; 49.564 ; 49.752       ; 0.188          ; Low Pulse Width  ; altera_reserved_tck ; Rise       ; sld_hub:auto_hub|sld_jtag_hub:\jtag_hub_gen:sld_jtag_hub_inst|sld_rom_sr:hub_info_reg|word_counter[1]                                                                  ;
; 49.564 ; 49.752       ; 0.188          ; Low Pulse Width  ; altera_reserved_tck ; Rise       ; sld_hub:auto_hub|sld_jtag_hub:\jtag_hub_gen:sld_jtag_hub_inst|sld_rom_sr:hub_info_reg|word_counter[2]                                                                  ;
; 49.564 ; 49.752       ; 0.188          ; Low Pulse Width  ; altera_reserved_tck ; Rise       ; sld_hub:auto_hub|sld_jtag_hub:\jtag_hub_gen:sld_jtag_hub_inst|sld_rom_sr:hub_info_reg|word_counter[3]                                                                  ;
; 49.564 ; 49.752       ; 0.188          ; Low Pulse Width  ; altera_reserved_tck ; Rise       ; sld_hub:auto_hub|sld_jtag_hub:\jtag_hub_gen:sld_jtag_hub_inst|sld_rom_sr:hub_info_reg|word_counter[4]                                                                  ;
; 49.565 ; 49.753       ; 0.188          ; Low Pulse Width  ; altera_reserved_tck ; Rise       ; sld_hub:auto_hub|sld_jtag_hub:\jtag_hub_gen:sld_jtag_hub_inst|hub_mode_reg[0]                                                                                          ;
; 49.565 ; 49.753       ; 0.188          ; Low Pulse Width  ; altera_reserved_tck ; Rise       ; sld_hub:auto_hub|sld_jtag_hub:\jtag_hub_gen:sld_jtag_hub_inst|hub_mode_reg[1]                                                                                          ;
; 49.565 ; 49.753       ; 0.188          ; Low Pulse Width  ; altera_reserved_tck ; Rise       ; sld_hub:auto_hub|sld_jtag_hub:\jtag_hub_gen:sld_jtag_hub_inst|hub_mode_reg[2]                                                                                          ;
; 49.565 ; 49.753       ; 0.188          ; Low Pulse Width  ; altera_reserved_tck ; Rise       ; sld_hub:auto_hub|sld_jtag_hub:\jtag_hub_gen:sld_jtag_hub_inst|irsr_reg[0]                                                                                              ;
; 49.565 ; 49.753       ; 0.188          ; Low Pulse Width  ; altera_reserved_tck ; Rise       ; sld_hub:auto_hub|sld_jtag_hub:\jtag_hub_gen:sld_jtag_hub_inst|irsr_reg[1]                                                                                              ;
; 49.565 ; 49.753       ; 0.188          ; Low Pulse Width  ; altera_reserved_tck ; Rise       ; sld_hub:auto_hub|sld_jtag_hub:\jtag_hub_gen:sld_jtag_hub_inst|irsr_reg[2]                                                                                              ;
; 49.565 ; 49.753       ; 0.188          ; Low Pulse Width  ; altera_reserved_tck ; Rise       ; sld_hub:auto_hub|sld_jtag_hub:\jtag_hub_gen:sld_jtag_hub_inst|irsr_reg[3]                                                                                              ;
; 49.565 ; 49.753       ; 0.188          ; Low Pulse Width  ; altera_reserved_tck ; Rise       ; sld_hub:auto_hub|sld_jtag_hub:\jtag_hub_gen:sld_jtag_hub_inst|irsr_reg[4]                                                                                              ;
; 49.565 ; 49.753       ; 0.188          ; Low Pulse Width  ; altera_reserved_tck ; Rise       ; sld_hub:auto_hub|sld_jtag_hub:\jtag_hub_gen:sld_jtag_hub_inst|irsr_reg[5]                                                                                              ;
; 49.566 ; 49.754       ; 0.188          ; Low Pulse Width  ; altera_reserved_tck ; Rise       ; rom1:inst2|altsyncram:altsyncram_component|altsyncram_bnb1:auto_generated|sld_mod_ram_rom:mgl_prim2|ram_rom_data_shift_cntr_reg[0]                                     ;
; 49.566 ; 49.754       ; 0.188          ; Low Pulse Width  ; altera_reserved_tck ; Rise       ; rom1:inst2|altsyncram:altsyncram_component|altsyncram_bnb1:auto_generated|sld_mod_ram_rom:mgl_prim2|ram_rom_data_shift_cntr_reg[1]                                     ;
; 49.566 ; 49.754       ; 0.188          ; Low Pulse Width  ; altera_reserved_tck ; Rise       ; rom1:inst2|altsyncram:altsyncram_component|altsyncram_bnb1:auto_generated|sld_mod_ram_rom:mgl_prim2|ram_rom_data_shift_cntr_reg[2]                                     ;
; 49.566 ; 49.754       ; 0.188          ; Low Pulse Width  ; altera_reserved_tck ; Rise       ; rom1:inst2|altsyncram:altsyncram_component|altsyncram_bnb1:auto_generated|sld_mod_ram_rom:mgl_prim2|ram_rom_data_shift_cntr_reg[3]                                     ;
; 49.566 ; 49.754       ; 0.188          ; Low Pulse Width  ; altera_reserved_tck ; Rise       ; rom1:inst2|altsyncram:altsyncram_component|altsyncram_bnb1:auto_generated|sld_mod_ram_rom:mgl_prim2|ram_rom_data_shift_cntr_reg[4]                                     ;
; 49.567 ; 49.755       ; 0.188          ; Low Pulse Width  ; altera_reserved_tck ; Rise       ; rom1:inst2|altsyncram:altsyncram_component|altsyncram_bnb1:auto_generated|sld_mod_ram_rom:mgl_prim2|ir_loaded_address_reg[0]                                           ;
; 49.567 ; 49.755       ; 0.188          ; Low Pulse Width  ; altera_reserved_tck ; Rise       ; rom1:inst2|altsyncram:altsyncram_component|altsyncram_bnb1:auto_generated|sld_mod_ram_rom:mgl_prim2|ir_loaded_address_reg[1]                                           ;
; 49.567 ; 49.755       ; 0.188          ; Low Pulse Width  ; altera_reserved_tck ; Rise       ; rom1:inst2|altsyncram:altsyncram_component|altsyncram_bnb1:auto_generated|sld_mod_ram_rom:mgl_prim2|ir_loaded_address_reg[2]                                           ;
; 49.567 ; 49.755       ; 0.188          ; Low Pulse Width  ; altera_reserved_tck ; Rise       ; rom1:inst2|altsyncram:altsyncram_component|altsyncram_bnb1:auto_generated|sld_mod_ram_rom:mgl_prim2|ir_loaded_address_reg[3]                                           ;
; 49.569 ; 49.757       ; 0.188          ; Low Pulse Width  ; altera_reserved_tck ; Rise       ; sld_hub:auto_hub|sld_jtag_hub:\jtag_hub_gen:sld_jtag_hub_inst|design_hash_reg[0]                                                                                       ;
; 49.569 ; 49.757       ; 0.188          ; Low Pulse Width  ; altera_reserved_tck ; Rise       ; sld_hub:auto_hub|sld_jtag_hub:\jtag_hub_gen:sld_jtag_hub_inst|design_hash_reg[1]                                                                                       ;
; 49.569 ; 49.757       ; 0.188          ; Low Pulse Width  ; altera_reserved_tck ; Rise       ; sld_hub:auto_hub|sld_jtag_hub:\jtag_hub_gen:sld_jtag_hub_inst|design_hash_reg[2]                                                                                       ;
; 49.569 ; 49.757       ; 0.188          ; Low Pulse Width  ; altera_reserved_tck ; Rise       ; sld_hub:auto_hub|sld_jtag_hub:\jtag_hub_gen:sld_jtag_hub_inst|design_hash_reg[3]                                                                                       ;
; 49.569 ; 49.757       ; 0.188          ; Low Pulse Width  ; altera_reserved_tck ; Rise       ; sld_hub:auto_hub|sld_jtag_hub:\jtag_hub_gen:sld_jtag_hub_inst|identity_contrib_update_reg[0]                                                                           ;
; 49.569 ; 49.757       ; 0.188          ; Low Pulse Width  ; altera_reserved_tck ; Rise       ; sld_hub:auto_hub|sld_jtag_hub:\jtag_hub_gen:sld_jtag_hub_inst|identity_contrib_update_reg[3]                                                                           ;
; 49.569 ; 49.757       ; 0.188          ; Low Pulse Width  ; altera_reserved_tck ; Rise       ; sld_hub:auto_hub|sld_jtag_hub:\jtag_hub_gen:sld_jtag_hub_inst|mixer_addr_reg[0]                                                                                        ;
; 49.569 ; 49.757       ; 0.188          ; Low Pulse Width  ; altera_reserved_tck ; Rise       ; sld_hub:auto_hub|sld_jtag_hub:\jtag_hub_gen:sld_jtag_hub_inst|mixer_addr_reg[1]                                                                                        ;
; 49.569 ; 49.757       ; 0.188          ; Low Pulse Width  ; altera_reserved_tck ; Rise       ; sld_hub:auto_hub|sld_jtag_hub:\jtag_hub_gen:sld_jtag_hub_inst|mixer_addr_reg[2]                                                                                        ;
; 49.569 ; 49.757       ; 0.188          ; Low Pulse Width  ; altera_reserved_tck ; Rise       ; sld_hub:auto_hub|sld_jtag_hub:\jtag_hub_gen:sld_jtag_hub_inst|mixer_addr_reg[3]                                                                                        ;
; 49.569 ; 49.757       ; 0.188          ; Low Pulse Width  ; altera_reserved_tck ; Rise       ; sld_hub:auto_hub|sld_jtag_hub:\jtag_hub_gen:sld_jtag_hub_inst|mixer_addr_reg[4]                                                                                        ;
; 49.571 ; 49.759       ; 0.188          ; Low Pulse Width  ; altera_reserved_tck ; Rise       ; rom1:inst2|altsyncram:altsyncram_component|altsyncram_bnb1:auto_generated|sld_mod_ram_rom:mgl_prim2|bypass_reg_out                                                     ;
+--------+--------------+----------------+------------------+---------------------+------------+------------------------------------------------------------------------------------------------------------------------------------------------------------------------+


+----------------------------------------------------------------------------------------------+
; Setup Times                                                                                  ;
+---------------------+---------------------+-------+-------+------------+---------------------+
; Data Port           ; Clock Port          ; Rise  ; Fall  ; Clock Edge ; Clock Reference     ;
+---------------------+---------------------+-------+-------+------------+---------------------+
; altera_reserved_tdi ; altera_reserved_tck ; 4.937 ; 5.047 ; Rise       ; altera_reserved_tck ;
; altera_reserved_tms ; altera_reserved_tck ; 8.432 ; 8.406 ; Rise       ; altera_reserved_tck ;
+---------------------+---------------------+-------+-------+------------+---------------------+


+------------------------------------------------------------------------------------------------+
; Hold Times                                                                                     ;
+---------------------+---------------------+--------+--------+------------+---------------------+
; Data Port           ; Clock Port          ; Rise   ; Fall   ; Clock Edge ; Clock Reference     ;
+---------------------+---------------------+--------+--------+------------+---------------------+
; altera_reserved_tdi ; altera_reserved_tck ; 1.445  ; 1.354  ; Rise       ; altera_reserved_tck ;
; altera_reserved_tms ; altera_reserved_tck ; -1.669 ; -1.825 ; Rise       ; altera_reserved_tck ;
+---------------------+---------------------+--------+--------+------------+---------------------+


+------------------------------------------------------------------------------------------------+
; Clock to Output Times                                                                          ;
+---------------------+---------------------+--------+--------+------------+---------------------+
; Data Port           ; Clock Port          ; Rise   ; Fall   ; Clock Edge ; Clock Reference     ;
+---------------------+---------------------+--------+--------+------------+---------------------+
; altera_reserved_tdo ; altera_reserved_tck ; 13.660 ; 14.184 ; Fall       ; altera_reserved_tck ;
+---------------------+---------------------+--------+--------+------------+---------------------+


+------------------------------------------------------------------------------------------------+
; Minimum Clock to Output Times                                                                  ;
+---------------------+---------------------+--------+--------+------------+---------------------+
; Data Port           ; Clock Port          ; Rise   ; Fall   ; Clock Edge ; Clock Reference     ;
+---------------------+---------------------+--------+--------+------------+---------------------+
; altera_reserved_tdo ; altera_reserved_tck ; 11.285 ; 11.817 ; Fall       ; altera_reserved_tck ;
+---------------------+---------------------+--------+--------+------------+---------------------+


----------------------------------------------
; Slow 1200mV 85C Model Metastability Report ;
----------------------------------------------
No synchronizer chains to report.


+----------------------------------------------------------+
; Slow 1200mV 0C Model Fmax Summary                        ;
+-----------+-----------------+---------------------+------+
; Fmax      ; Restricted Fmax ; Clock Name          ; Note ;
+-----------+-----------------+---------------------+------+
; 93.18 MHz ; 93.18 MHz       ; altera_reserved_tck ;      ;
+-----------+-----------------+---------------------+------+
This panel reports FMAX for every clock in the design, regardless of the user-specified clock periods.  FMAX is only computed for paths where the source and destination registers or ports are driven by the same clock.  Paths of different clocks, including generated clocks, are ignored.  For paths between a clock and its inversion, FMAX is computed as if the rising and falling edges are scaled along with FMAX, such that the duty cycle (in terms of a percentage) is maintained. Altera recommends that you always use clock constraints and other slack reports for sign-off analysis.


+----------------------------------------------+
; Slow 1200mV 0C Model Setup Summary           ;
+---------------------+--------+---------------+
; Clock               ; Slack  ; End Point TNS ;
+---------------------+--------+---------------+
; altera_reserved_tck ; 44.634 ; 0.000         ;
+---------------------+--------+---------------+


+---------------------------------------------+
; Slow 1200mV 0C Model Hold Summary           ;
+---------------------+-------+---------------+
; Clock               ; Slack ; End Point TNS ;
+---------------------+-------+---------------+
; altera_reserved_tck ; 0.401 ; 0.000         ;
+---------------------+-------+---------------+


+----------------------------------------------+
; Slow 1200mV 0C Model Recovery Summary        ;
+---------------------+--------+---------------+
; Clock               ; Slack  ; End Point TNS ;
+---------------------+--------+---------------+
; altera_reserved_tck ; 47.156 ; 0.000         ;
+---------------------+--------+---------------+


+---------------------------------------------+
; Slow 1200mV 0C Model Removal Summary        ;
+---------------------+-------+---------------+
; Clock               ; Slack ; End Point TNS ;
+---------------------+-------+---------------+
; altera_reserved_tck ; 1.258 ; 0.000         ;
+---------------------+-------+---------------+


+--------------------------------------------------+
; Slow 1200mV 0C Model Minimum Pulse Width Summary ;
+---------------------+--------+-------------------+
; Clock               ; Slack  ; End Point TNS     ;
+---------------------+--------+-------------------+
; altera_reserved_tck ; 49.293 ; 0.000             ;
+---------------------+--------+-------------------+


+------------------------------------------------------------------------------------------------------------------------------------------------------------------------------------------------------------------------------------------------------------------------------------------------------------------------------------------------------------------------------------------------------+
; Slow 1200mV 0C Model Setup: 'altera_reserved_tck'                                                                                                                                                                                                                                                                                                                                                    ;
+--------+-------------------------------------------------------------------------------------------------------------------------------------------------------------------+------------------------------------------------------------------------------------------------------------------------------------+---------------------+---------------------+--------------+------------+------------+
; Slack  ; From Node                                                                                                                                                         ; To Node                                                                                                                            ; Launch Clock        ; Latch Clock         ; Relationship ; Clock Skew ; Data Delay ;
+--------+-------------------------------------------------------------------------------------------------------------------------------------------------------------------+------------------------------------------------------------------------------------------------------------------------------------+---------------------+---------------------+--------------+------------+------------+
; 44.634 ; rom1:inst2|altsyncram:altsyncram_component|altsyncram_bnb1:auto_generated|sld_mod_ram_rom:mgl_prim2|ram_rom_data_reg[0]                                           ; sld_hub:auto_hub|sld_jtag_hub:\jtag_hub_gen:sld_jtag_hub_inst|tdo                                                                  ; altera_reserved_tck ; altera_reserved_tck ; 50.000       ; 0.334      ; 5.722      ;
; 45.292 ; rom1:inst2|altsyncram:altsyncram_component|altsyncram_bnb1:auto_generated|sld_mod_ram_rom:mgl_prim2|sld_rom_sr:\ram_rom_logic_gen:name_gen:info_rom_sr|WORD_SR[0] ; sld_hub:auto_hub|sld_jtag_hub:\jtag_hub_gen:sld_jtag_hub_inst|tdo                                                                  ; altera_reserved_tck ; altera_reserved_tck ; 50.000       ; 0.348      ; 5.078      ;
; 45.669 ; sld_hub:auto_hub|sld_jtag_hub:\jtag_hub_gen:sld_jtag_hub_inst|irf_reg[1][2]                                                                                       ; sld_hub:auto_hub|sld_jtag_hub:\jtag_hub_gen:sld_jtag_hub_inst|tdo                                                                  ; altera_reserved_tck ; altera_reserved_tck ; 50.000       ; 0.344      ; 4.697      ;
; 45.790 ; sld_hub:auto_hub|sld_jtag_hub:\jtag_hub_gen:sld_jtag_hub_inst|irf_reg[1][1]                                                                                       ; sld_hub:auto_hub|sld_jtag_hub:\jtag_hub_gen:sld_jtag_hub_inst|tdo                                                                  ; altera_reserved_tck ; altera_reserved_tck ; 50.000       ; 0.344      ; 4.576      ;
; 45.984 ; rom1:inst2|altsyncram:altsyncram_component|altsyncram_bnb1:auto_generated|sld_mod_ram_rom:mgl_prim2|bypass_reg_out                                                ; sld_hub:auto_hub|sld_jtag_hub:\jtag_hub_gen:sld_jtag_hub_inst|tdo                                                                  ; altera_reserved_tck ; altera_reserved_tck ; 50.000       ; 0.344      ; 4.382      ;
; 46.621 ; sld_hub:auto_hub|sld_jtag_hub:\jtag_hub_gen:sld_jtag_hub_inst|irsr_reg[2]                                                                                         ; sld_hub:auto_hub|sld_jtag_hub:\jtag_hub_gen:sld_jtag_hub_inst|tdo                                                                  ; altera_reserved_tck ; altera_reserved_tck ; 50.000       ; 0.334      ; 3.735      ;
; 46.627 ; sld_hub:auto_hub|sld_jtag_hub:\jtag_hub_gen:sld_jtag_hub_inst|irf_reg[1][0]                                                                                       ; sld_hub:auto_hub|sld_jtag_hub:\jtag_hub_gen:sld_jtag_hub_inst|tdo                                                                  ; altera_reserved_tck ; altera_reserved_tck ; 50.000       ; 0.344      ; 3.739      ;
; 46.721 ; sld_hub:auto_hub|sld_jtag_hub:\jtag_hub_gen:sld_jtag_hub_inst|irsr_reg[0]                                                                                         ; sld_hub:auto_hub|sld_jtag_hub:\jtag_hub_gen:sld_jtag_hub_inst|tdo                                                                  ; altera_reserved_tck ; altera_reserved_tck ; 50.000       ; 0.334      ; 3.635      ;
; 46.733 ; sld_hub:auto_hub|sld_jtag_hub:\jtag_hub_gen:sld_jtag_hub_inst|irsr_reg[5]                                                                                         ; sld_hub:auto_hub|sld_jtag_hub:\jtag_hub_gen:sld_jtag_hub_inst|tdo                                                                  ; altera_reserved_tck ; altera_reserved_tck ; 50.000       ; 0.334      ; 3.623      ;
; 46.830 ; sld_hub:auto_hub|sld_jtag_hub:\jtag_hub_gen:sld_jtag_hub_inst|irsr_reg[1]                                                                                         ; sld_hub:auto_hub|sld_jtag_hub:\jtag_hub_gen:sld_jtag_hub_inst|tdo                                                                  ; altera_reserved_tck ; altera_reserved_tck ; 50.000       ; 0.334      ; 3.526      ;
; 46.923 ; sld_hub:auto_hub|sld_jtag_hub:\jtag_hub_gen:sld_jtag_hub_inst|hub_minor_ver_reg[0]                                                                                ; sld_hub:auto_hub|sld_jtag_hub:\jtag_hub_gen:sld_jtag_hub_inst|tdo                                                                  ; altera_reserved_tck ; altera_reserved_tck ; 50.000       ; 0.354      ; 3.453      ;
; 47.036 ; sld_hub:auto_hub|sld_jtag_hub:\jtag_hub_gen:sld_jtag_hub_inst|sld_rom_sr:hub_info_reg|WORD_SR[0]                                                                  ; sld_hub:auto_hub|sld_jtag_hub:\jtag_hub_gen:sld_jtag_hub_inst|tdo                                                                  ; altera_reserved_tck ; altera_reserved_tck ; 50.000       ; 0.348      ; 3.334      ;
; 47.581 ; sld_hub:auto_hub|sld_jtag_hub:\jtag_hub_gen:sld_jtag_hub_inst|virtual_ir_scan_reg                                                                                 ; sld_hub:auto_hub|sld_jtag_hub:\jtag_hub_gen:sld_jtag_hub_inst|tdo                                                                  ; altera_reserved_tck ; altera_reserved_tck ; 50.000       ; 0.354      ; 2.795      ;
; 47.768 ; sld_hub:auto_hub|sld_jtag_hub:\jtag_hub_gen:sld_jtag_hub_inst|sld_shadow_jsm:shadow_jsm|state[4]                                                                  ; sld_hub:auto_hub|sld_jtag_hub:\jtag_hub_gen:sld_jtag_hub_inst|tdo                                                                  ; altera_reserved_tck ; altera_reserved_tck ; 50.000       ; 0.356      ; 2.610      ;
; 47.887 ; sld_hub:auto_hub|sld_jtag_hub:\jtag_hub_gen:sld_jtag_hub_inst|tdo_bypass_reg                                                                                      ; sld_hub:auto_hub|sld_jtag_hub:\jtag_hub_gen:sld_jtag_hub_inst|tdo                                                                  ; altera_reserved_tck ; altera_reserved_tck ; 50.000       ; 0.354      ; 2.489      ;
; 48.029 ; sld_hub:auto_hub|sld_jtag_hub:\jtag_hub_gen:sld_jtag_hub_inst|sld_shadow_jsm:shadow_jsm|state[3]                                                                  ; sld_hub:auto_hub|sld_jtag_hub:\jtag_hub_gen:sld_jtag_hub_inst|tdo                                                                  ; altera_reserved_tck ; altera_reserved_tck ; 50.000       ; 0.354      ; 2.347      ;
; 48.663 ; sld_hub:auto_hub|sld_jtag_hub:\jtag_hub_gen:sld_jtag_hub_inst|design_hash_reg[0]                                                                                  ; sld_hub:auto_hub|sld_jtag_hub:\jtag_hub_gen:sld_jtag_hub_inst|tdo                                                                  ; altera_reserved_tck ; altera_reserved_tck ; 50.000       ; 0.365      ; 1.724      ;
; 93.886 ; sld_hub:auto_hub|sld_jtag_hub:\jtag_hub_gen:sld_jtag_hub_inst|virtual_ir_scan_reg                                                                                 ; rom1:inst2|altsyncram:altsyncram_component|altsyncram_bnb1:auto_generated|sld_mod_ram_rom:mgl_prim2|ram_rom_data_reg[22]           ; altera_reserved_tck ; altera_reserved_tck ; 100.000      ; -0.055     ; 6.081      ;
; 93.886 ; sld_hub:auto_hub|sld_jtag_hub:\jtag_hub_gen:sld_jtag_hub_inst|virtual_ir_scan_reg                                                                                 ; rom1:inst2|altsyncram:altsyncram_component|altsyncram_bnb1:auto_generated|sld_mod_ram_rom:mgl_prim2|ram_rom_data_reg[21]           ; altera_reserved_tck ; altera_reserved_tck ; 100.000      ; -0.055     ; 6.081      ;
; 93.886 ; sld_hub:auto_hub|sld_jtag_hub:\jtag_hub_gen:sld_jtag_hub_inst|virtual_ir_scan_reg                                                                                 ; rom1:inst2|altsyncram:altsyncram_component|altsyncram_bnb1:auto_generated|sld_mod_ram_rom:mgl_prim2|ram_rom_data_reg[20]           ; altera_reserved_tck ; altera_reserved_tck ; 100.000      ; -0.055     ; 6.081      ;
; 93.886 ; sld_hub:auto_hub|sld_jtag_hub:\jtag_hub_gen:sld_jtag_hub_inst|virtual_ir_scan_reg                                                                                 ; rom1:inst2|altsyncram:altsyncram_component|altsyncram_bnb1:auto_generated|sld_mod_ram_rom:mgl_prim2|ram_rom_data_reg[19]           ; altera_reserved_tck ; altera_reserved_tck ; 100.000      ; -0.055     ; 6.081      ;
; 93.886 ; sld_hub:auto_hub|sld_jtag_hub:\jtag_hub_gen:sld_jtag_hub_inst|virtual_ir_scan_reg                                                                                 ; rom1:inst2|altsyncram:altsyncram_component|altsyncram_bnb1:auto_generated|sld_mod_ram_rom:mgl_prim2|ram_rom_data_reg[18]           ; altera_reserved_tck ; altera_reserved_tck ; 100.000      ; -0.055     ; 6.081      ;
; 93.886 ; sld_hub:auto_hub|sld_jtag_hub:\jtag_hub_gen:sld_jtag_hub_inst|virtual_ir_scan_reg                                                                                 ; rom1:inst2|altsyncram:altsyncram_component|altsyncram_bnb1:auto_generated|sld_mod_ram_rom:mgl_prim2|ram_rom_data_reg[17]           ; altera_reserved_tck ; altera_reserved_tck ; 100.000      ; -0.055     ; 6.081      ;
; 93.886 ; sld_hub:auto_hub|sld_jtag_hub:\jtag_hub_gen:sld_jtag_hub_inst|virtual_ir_scan_reg                                                                                 ; rom1:inst2|altsyncram:altsyncram_component|altsyncram_bnb1:auto_generated|sld_mod_ram_rom:mgl_prim2|ram_rom_data_reg[16]           ; altera_reserved_tck ; altera_reserved_tck ; 100.000      ; -0.055     ; 6.081      ;
; 93.886 ; sld_hub:auto_hub|sld_jtag_hub:\jtag_hub_gen:sld_jtag_hub_inst|virtual_ir_scan_reg                                                                                 ; rom1:inst2|altsyncram:altsyncram_component|altsyncram_bnb1:auto_generated|sld_mod_ram_rom:mgl_prim2|ram_rom_data_reg[15]           ; altera_reserved_tck ; altera_reserved_tck ; 100.000      ; -0.055     ; 6.081      ;
; 93.886 ; sld_hub:auto_hub|sld_jtag_hub:\jtag_hub_gen:sld_jtag_hub_inst|virtual_ir_scan_reg                                                                                 ; rom1:inst2|altsyncram:altsyncram_component|altsyncram_bnb1:auto_generated|sld_mod_ram_rom:mgl_prim2|ram_rom_data_reg[23]           ; altera_reserved_tck ; altera_reserved_tck ; 100.000      ; -0.055     ; 6.081      ;
; 94.068 ; sld_hub:auto_hub|sld_jtag_hub:\jtag_hub_gen:sld_jtag_hub_inst|node_ena[1]~reg0                                                                                    ; rom1:inst2|altsyncram:altsyncram_component|altsyncram_bnb1:auto_generated|sld_mod_ram_rom:mgl_prim2|ram_rom_data_reg[22]           ; altera_reserved_tck ; altera_reserved_tck ; 100.000      ; -0.055     ; 5.899      ;
; 94.068 ; sld_hub:auto_hub|sld_jtag_hub:\jtag_hub_gen:sld_jtag_hub_inst|node_ena[1]~reg0                                                                                    ; rom1:inst2|altsyncram:altsyncram_component|altsyncram_bnb1:auto_generated|sld_mod_ram_rom:mgl_prim2|ram_rom_data_reg[21]           ; altera_reserved_tck ; altera_reserved_tck ; 100.000      ; -0.055     ; 5.899      ;
; 94.068 ; sld_hub:auto_hub|sld_jtag_hub:\jtag_hub_gen:sld_jtag_hub_inst|node_ena[1]~reg0                                                                                    ; rom1:inst2|altsyncram:altsyncram_component|altsyncram_bnb1:auto_generated|sld_mod_ram_rom:mgl_prim2|ram_rom_data_reg[20]           ; altera_reserved_tck ; altera_reserved_tck ; 100.000      ; -0.055     ; 5.899      ;
; 94.068 ; sld_hub:auto_hub|sld_jtag_hub:\jtag_hub_gen:sld_jtag_hub_inst|node_ena[1]~reg0                                                                                    ; rom1:inst2|altsyncram:altsyncram_component|altsyncram_bnb1:auto_generated|sld_mod_ram_rom:mgl_prim2|ram_rom_data_reg[19]           ; altera_reserved_tck ; altera_reserved_tck ; 100.000      ; -0.055     ; 5.899      ;
; 94.068 ; sld_hub:auto_hub|sld_jtag_hub:\jtag_hub_gen:sld_jtag_hub_inst|node_ena[1]~reg0                                                                                    ; rom1:inst2|altsyncram:altsyncram_component|altsyncram_bnb1:auto_generated|sld_mod_ram_rom:mgl_prim2|ram_rom_data_reg[18]           ; altera_reserved_tck ; altera_reserved_tck ; 100.000      ; -0.055     ; 5.899      ;
; 94.068 ; sld_hub:auto_hub|sld_jtag_hub:\jtag_hub_gen:sld_jtag_hub_inst|node_ena[1]~reg0                                                                                    ; rom1:inst2|altsyncram:altsyncram_component|altsyncram_bnb1:auto_generated|sld_mod_ram_rom:mgl_prim2|ram_rom_data_reg[17]           ; altera_reserved_tck ; altera_reserved_tck ; 100.000      ; -0.055     ; 5.899      ;
; 94.068 ; sld_hub:auto_hub|sld_jtag_hub:\jtag_hub_gen:sld_jtag_hub_inst|node_ena[1]~reg0                                                                                    ; rom1:inst2|altsyncram:altsyncram_component|altsyncram_bnb1:auto_generated|sld_mod_ram_rom:mgl_prim2|ram_rom_data_reg[16]           ; altera_reserved_tck ; altera_reserved_tck ; 100.000      ; -0.055     ; 5.899      ;
; 94.068 ; sld_hub:auto_hub|sld_jtag_hub:\jtag_hub_gen:sld_jtag_hub_inst|node_ena[1]~reg0                                                                                    ; rom1:inst2|altsyncram:altsyncram_component|altsyncram_bnb1:auto_generated|sld_mod_ram_rom:mgl_prim2|ram_rom_data_reg[15]           ; altera_reserved_tck ; altera_reserved_tck ; 100.000      ; -0.055     ; 5.899      ;
; 94.068 ; sld_hub:auto_hub|sld_jtag_hub:\jtag_hub_gen:sld_jtag_hub_inst|node_ena[1]~reg0                                                                                    ; rom1:inst2|altsyncram:altsyncram_component|altsyncram_bnb1:auto_generated|sld_mod_ram_rom:mgl_prim2|ram_rom_data_reg[23]           ; altera_reserved_tck ; altera_reserved_tck ; 100.000      ; -0.055     ; 5.899      ;
; 94.069 ; rom1:inst2|altsyncram:altsyncram_component|altsyncram_bnb1:auto_generated|sld_mod_ram_rom:mgl_prim2|ram_rom_data_shift_cntr_reg[3]                                ; rom1:inst2|altsyncram:altsyncram_component|altsyncram_bnb1:auto_generated|sld_mod_ram_rom:mgl_prim2|ram_rom_data_reg[22]           ; altera_reserved_tck ; altera_reserved_tck ; 100.000      ; -0.083     ; 5.870      ;
; 94.069 ; rom1:inst2|altsyncram:altsyncram_component|altsyncram_bnb1:auto_generated|sld_mod_ram_rom:mgl_prim2|ram_rom_data_shift_cntr_reg[3]                                ; rom1:inst2|altsyncram:altsyncram_component|altsyncram_bnb1:auto_generated|sld_mod_ram_rom:mgl_prim2|ram_rom_data_reg[21]           ; altera_reserved_tck ; altera_reserved_tck ; 100.000      ; -0.083     ; 5.870      ;
; 94.069 ; rom1:inst2|altsyncram:altsyncram_component|altsyncram_bnb1:auto_generated|sld_mod_ram_rom:mgl_prim2|ram_rom_data_shift_cntr_reg[3]                                ; rom1:inst2|altsyncram:altsyncram_component|altsyncram_bnb1:auto_generated|sld_mod_ram_rom:mgl_prim2|ram_rom_data_reg[20]           ; altera_reserved_tck ; altera_reserved_tck ; 100.000      ; -0.083     ; 5.870      ;
; 94.069 ; rom1:inst2|altsyncram:altsyncram_component|altsyncram_bnb1:auto_generated|sld_mod_ram_rom:mgl_prim2|ram_rom_data_shift_cntr_reg[3]                                ; rom1:inst2|altsyncram:altsyncram_component|altsyncram_bnb1:auto_generated|sld_mod_ram_rom:mgl_prim2|ram_rom_data_reg[19]           ; altera_reserved_tck ; altera_reserved_tck ; 100.000      ; -0.083     ; 5.870      ;
; 94.069 ; rom1:inst2|altsyncram:altsyncram_component|altsyncram_bnb1:auto_generated|sld_mod_ram_rom:mgl_prim2|ram_rom_data_shift_cntr_reg[3]                                ; rom1:inst2|altsyncram:altsyncram_component|altsyncram_bnb1:auto_generated|sld_mod_ram_rom:mgl_prim2|ram_rom_data_reg[18]           ; altera_reserved_tck ; altera_reserved_tck ; 100.000      ; -0.083     ; 5.870      ;
; 94.069 ; rom1:inst2|altsyncram:altsyncram_component|altsyncram_bnb1:auto_generated|sld_mod_ram_rom:mgl_prim2|ram_rom_data_shift_cntr_reg[3]                                ; rom1:inst2|altsyncram:altsyncram_component|altsyncram_bnb1:auto_generated|sld_mod_ram_rom:mgl_prim2|ram_rom_data_reg[17]           ; altera_reserved_tck ; altera_reserved_tck ; 100.000      ; -0.083     ; 5.870      ;
; 94.069 ; rom1:inst2|altsyncram:altsyncram_component|altsyncram_bnb1:auto_generated|sld_mod_ram_rom:mgl_prim2|ram_rom_data_shift_cntr_reg[3]                                ; rom1:inst2|altsyncram:altsyncram_component|altsyncram_bnb1:auto_generated|sld_mod_ram_rom:mgl_prim2|ram_rom_data_reg[16]           ; altera_reserved_tck ; altera_reserved_tck ; 100.000      ; -0.083     ; 5.870      ;
; 94.069 ; rom1:inst2|altsyncram:altsyncram_component|altsyncram_bnb1:auto_generated|sld_mod_ram_rom:mgl_prim2|ram_rom_data_shift_cntr_reg[3]                                ; rom1:inst2|altsyncram:altsyncram_component|altsyncram_bnb1:auto_generated|sld_mod_ram_rom:mgl_prim2|ram_rom_data_reg[15]           ; altera_reserved_tck ; altera_reserved_tck ; 100.000      ; -0.083     ; 5.870      ;
; 94.069 ; rom1:inst2|altsyncram:altsyncram_component|altsyncram_bnb1:auto_generated|sld_mod_ram_rom:mgl_prim2|ram_rom_data_shift_cntr_reg[3]                                ; rom1:inst2|altsyncram:altsyncram_component|altsyncram_bnb1:auto_generated|sld_mod_ram_rom:mgl_prim2|ram_rom_data_reg[23]           ; altera_reserved_tck ; altera_reserved_tck ; 100.000      ; -0.083     ; 5.870      ;
; 94.132 ; rom1:inst2|altsyncram:altsyncram_component|altsyncram_bnb1:auto_generated|sld_mod_ram_rom:mgl_prim2|ram_rom_data_shift_cntr_reg[2]                                ; rom1:inst2|altsyncram:altsyncram_component|altsyncram_bnb1:auto_generated|sld_mod_ram_rom:mgl_prim2|ram_rom_data_reg[22]           ; altera_reserved_tck ; altera_reserved_tck ; 100.000      ; -0.083     ; 5.807      ;
; 94.132 ; rom1:inst2|altsyncram:altsyncram_component|altsyncram_bnb1:auto_generated|sld_mod_ram_rom:mgl_prim2|ram_rom_data_shift_cntr_reg[2]                                ; rom1:inst2|altsyncram:altsyncram_component|altsyncram_bnb1:auto_generated|sld_mod_ram_rom:mgl_prim2|ram_rom_data_reg[21]           ; altera_reserved_tck ; altera_reserved_tck ; 100.000      ; -0.083     ; 5.807      ;
; 94.132 ; rom1:inst2|altsyncram:altsyncram_component|altsyncram_bnb1:auto_generated|sld_mod_ram_rom:mgl_prim2|ram_rom_data_shift_cntr_reg[2]                                ; rom1:inst2|altsyncram:altsyncram_component|altsyncram_bnb1:auto_generated|sld_mod_ram_rom:mgl_prim2|ram_rom_data_reg[20]           ; altera_reserved_tck ; altera_reserved_tck ; 100.000      ; -0.083     ; 5.807      ;
; 94.132 ; rom1:inst2|altsyncram:altsyncram_component|altsyncram_bnb1:auto_generated|sld_mod_ram_rom:mgl_prim2|ram_rom_data_shift_cntr_reg[2]                                ; rom1:inst2|altsyncram:altsyncram_component|altsyncram_bnb1:auto_generated|sld_mod_ram_rom:mgl_prim2|ram_rom_data_reg[19]           ; altera_reserved_tck ; altera_reserved_tck ; 100.000      ; -0.083     ; 5.807      ;
; 94.132 ; rom1:inst2|altsyncram:altsyncram_component|altsyncram_bnb1:auto_generated|sld_mod_ram_rom:mgl_prim2|ram_rom_data_shift_cntr_reg[2]                                ; rom1:inst2|altsyncram:altsyncram_component|altsyncram_bnb1:auto_generated|sld_mod_ram_rom:mgl_prim2|ram_rom_data_reg[18]           ; altera_reserved_tck ; altera_reserved_tck ; 100.000      ; -0.083     ; 5.807      ;
; 94.132 ; rom1:inst2|altsyncram:altsyncram_component|altsyncram_bnb1:auto_generated|sld_mod_ram_rom:mgl_prim2|ram_rom_data_shift_cntr_reg[2]                                ; rom1:inst2|altsyncram:altsyncram_component|altsyncram_bnb1:auto_generated|sld_mod_ram_rom:mgl_prim2|ram_rom_data_reg[17]           ; altera_reserved_tck ; altera_reserved_tck ; 100.000      ; -0.083     ; 5.807      ;
; 94.132 ; rom1:inst2|altsyncram:altsyncram_component|altsyncram_bnb1:auto_generated|sld_mod_ram_rom:mgl_prim2|ram_rom_data_shift_cntr_reg[2]                                ; rom1:inst2|altsyncram:altsyncram_component|altsyncram_bnb1:auto_generated|sld_mod_ram_rom:mgl_prim2|ram_rom_data_reg[16]           ; altera_reserved_tck ; altera_reserved_tck ; 100.000      ; -0.083     ; 5.807      ;
; 94.132 ; rom1:inst2|altsyncram:altsyncram_component|altsyncram_bnb1:auto_generated|sld_mod_ram_rom:mgl_prim2|ram_rom_data_shift_cntr_reg[2]                                ; rom1:inst2|altsyncram:altsyncram_component|altsyncram_bnb1:auto_generated|sld_mod_ram_rom:mgl_prim2|ram_rom_data_reg[15]           ; altera_reserved_tck ; altera_reserved_tck ; 100.000      ; -0.083     ; 5.807      ;
; 94.132 ; rom1:inst2|altsyncram:altsyncram_component|altsyncram_bnb1:auto_generated|sld_mod_ram_rom:mgl_prim2|ram_rom_data_shift_cntr_reg[2]                                ; rom1:inst2|altsyncram:altsyncram_component|altsyncram_bnb1:auto_generated|sld_mod_ram_rom:mgl_prim2|ram_rom_data_reg[23]           ; altera_reserved_tck ; altera_reserved_tck ; 100.000      ; -0.083     ; 5.807      ;
; 94.252 ; rom1:inst2|altsyncram:altsyncram_component|altsyncram_bnb1:auto_generated|sld_mod_ram_rom:mgl_prim2|ram_rom_data_shift_cntr_reg[4]                                ; rom1:inst2|altsyncram:altsyncram_component|altsyncram_bnb1:auto_generated|sld_mod_ram_rom:mgl_prim2|ram_rom_data_reg[22]           ; altera_reserved_tck ; altera_reserved_tck ; 100.000      ; -0.083     ; 5.687      ;
; 94.252 ; rom1:inst2|altsyncram:altsyncram_component|altsyncram_bnb1:auto_generated|sld_mod_ram_rom:mgl_prim2|ram_rom_data_shift_cntr_reg[4]                                ; rom1:inst2|altsyncram:altsyncram_component|altsyncram_bnb1:auto_generated|sld_mod_ram_rom:mgl_prim2|ram_rom_data_reg[21]           ; altera_reserved_tck ; altera_reserved_tck ; 100.000      ; -0.083     ; 5.687      ;
; 94.252 ; rom1:inst2|altsyncram:altsyncram_component|altsyncram_bnb1:auto_generated|sld_mod_ram_rom:mgl_prim2|ram_rom_data_shift_cntr_reg[4]                                ; rom1:inst2|altsyncram:altsyncram_component|altsyncram_bnb1:auto_generated|sld_mod_ram_rom:mgl_prim2|ram_rom_data_reg[20]           ; altera_reserved_tck ; altera_reserved_tck ; 100.000      ; -0.083     ; 5.687      ;
; 94.252 ; rom1:inst2|altsyncram:altsyncram_component|altsyncram_bnb1:auto_generated|sld_mod_ram_rom:mgl_prim2|ram_rom_data_shift_cntr_reg[4]                                ; rom1:inst2|altsyncram:altsyncram_component|altsyncram_bnb1:auto_generated|sld_mod_ram_rom:mgl_prim2|ram_rom_data_reg[19]           ; altera_reserved_tck ; altera_reserved_tck ; 100.000      ; -0.083     ; 5.687      ;
; 94.252 ; rom1:inst2|altsyncram:altsyncram_component|altsyncram_bnb1:auto_generated|sld_mod_ram_rom:mgl_prim2|ram_rom_data_shift_cntr_reg[4]                                ; rom1:inst2|altsyncram:altsyncram_component|altsyncram_bnb1:auto_generated|sld_mod_ram_rom:mgl_prim2|ram_rom_data_reg[18]           ; altera_reserved_tck ; altera_reserved_tck ; 100.000      ; -0.083     ; 5.687      ;
; 94.252 ; rom1:inst2|altsyncram:altsyncram_component|altsyncram_bnb1:auto_generated|sld_mod_ram_rom:mgl_prim2|ram_rom_data_shift_cntr_reg[4]                                ; rom1:inst2|altsyncram:altsyncram_component|altsyncram_bnb1:auto_generated|sld_mod_ram_rom:mgl_prim2|ram_rom_data_reg[17]           ; altera_reserved_tck ; altera_reserved_tck ; 100.000      ; -0.083     ; 5.687      ;
; 94.252 ; rom1:inst2|altsyncram:altsyncram_component|altsyncram_bnb1:auto_generated|sld_mod_ram_rom:mgl_prim2|ram_rom_data_shift_cntr_reg[4]                                ; rom1:inst2|altsyncram:altsyncram_component|altsyncram_bnb1:auto_generated|sld_mod_ram_rom:mgl_prim2|ram_rom_data_reg[16]           ; altera_reserved_tck ; altera_reserved_tck ; 100.000      ; -0.083     ; 5.687      ;
; 94.252 ; rom1:inst2|altsyncram:altsyncram_component|altsyncram_bnb1:auto_generated|sld_mod_ram_rom:mgl_prim2|ram_rom_data_shift_cntr_reg[4]                                ; rom1:inst2|altsyncram:altsyncram_component|altsyncram_bnb1:auto_generated|sld_mod_ram_rom:mgl_prim2|ram_rom_data_reg[15]           ; altera_reserved_tck ; altera_reserved_tck ; 100.000      ; -0.083     ; 5.687      ;
; 94.252 ; rom1:inst2|altsyncram:altsyncram_component|altsyncram_bnb1:auto_generated|sld_mod_ram_rom:mgl_prim2|ram_rom_data_shift_cntr_reg[4]                                ; rom1:inst2|altsyncram:altsyncram_component|altsyncram_bnb1:auto_generated|sld_mod_ram_rom:mgl_prim2|ram_rom_data_reg[23]           ; altera_reserved_tck ; altera_reserved_tck ; 100.000      ; -0.083     ; 5.687      ;
; 94.315 ; sld_hub:auto_hub|sld_jtag_hub:\jtag_hub_gen:sld_jtag_hub_inst|virtual_ir_scan_reg                                                                                 ; sld_hub:auto_hub|sld_jtag_hub:\jtag_hub_gen:sld_jtag_hub_inst|irf_reg[1][0]                                                        ; altera_reserved_tck ; altera_reserved_tck ; 100.000      ; -0.063     ; 5.644      ;
; 94.315 ; sld_hub:auto_hub|sld_jtag_hub:\jtag_hub_gen:sld_jtag_hub_inst|virtual_ir_scan_reg                                                                                 ; sld_hub:auto_hub|sld_jtag_hub:\jtag_hub_gen:sld_jtag_hub_inst|irf_reg[1][1]                                                        ; altera_reserved_tck ; altera_reserved_tck ; 100.000      ; -0.063     ; 5.644      ;
; 94.315 ; sld_hub:auto_hub|sld_jtag_hub:\jtag_hub_gen:sld_jtag_hub_inst|virtual_ir_scan_reg                                                                                 ; sld_hub:auto_hub|sld_jtag_hub:\jtag_hub_gen:sld_jtag_hub_inst|irf_reg[1][2]                                                        ; altera_reserved_tck ; altera_reserved_tck ; 100.000      ; -0.063     ; 5.644      ;
; 94.315 ; sld_hub:auto_hub|sld_jtag_hub:\jtag_hub_gen:sld_jtag_hub_inst|virtual_ir_scan_reg                                                                                 ; sld_hub:auto_hub|sld_jtag_hub:\jtag_hub_gen:sld_jtag_hub_inst|irf_reg[1][4]                                                        ; altera_reserved_tck ; altera_reserved_tck ; 100.000      ; -0.063     ; 5.644      ;
; 94.315 ; sld_hub:auto_hub|sld_jtag_hub:\jtag_hub_gen:sld_jtag_hub_inst|virtual_ir_scan_reg                                                                                 ; sld_hub:auto_hub|sld_jtag_hub:\jtag_hub_gen:sld_jtag_hub_inst|irf_reg[1][3]                                                        ; altera_reserved_tck ; altera_reserved_tck ; 100.000      ; -0.063     ; 5.644      ;
; 94.384 ; rom1:inst2|altsyncram:altsyncram_component|altsyncram_bnb1:auto_generated|sld_mod_ram_rom:mgl_prim2|ram_rom_data_shift_cntr_reg[0]                                ; rom1:inst2|altsyncram:altsyncram_component|altsyncram_bnb1:auto_generated|sld_mod_ram_rom:mgl_prim2|ram_rom_data_reg[22]           ; altera_reserved_tck ; altera_reserved_tck ; 100.000      ; -0.083     ; 5.555      ;
; 94.384 ; rom1:inst2|altsyncram:altsyncram_component|altsyncram_bnb1:auto_generated|sld_mod_ram_rom:mgl_prim2|ram_rom_data_shift_cntr_reg[0]                                ; rom1:inst2|altsyncram:altsyncram_component|altsyncram_bnb1:auto_generated|sld_mod_ram_rom:mgl_prim2|ram_rom_data_reg[21]           ; altera_reserved_tck ; altera_reserved_tck ; 100.000      ; -0.083     ; 5.555      ;
; 94.384 ; rom1:inst2|altsyncram:altsyncram_component|altsyncram_bnb1:auto_generated|sld_mod_ram_rom:mgl_prim2|ram_rom_data_shift_cntr_reg[0]                                ; rom1:inst2|altsyncram:altsyncram_component|altsyncram_bnb1:auto_generated|sld_mod_ram_rom:mgl_prim2|ram_rom_data_reg[20]           ; altera_reserved_tck ; altera_reserved_tck ; 100.000      ; -0.083     ; 5.555      ;
; 94.384 ; rom1:inst2|altsyncram:altsyncram_component|altsyncram_bnb1:auto_generated|sld_mod_ram_rom:mgl_prim2|ram_rom_data_shift_cntr_reg[0]                                ; rom1:inst2|altsyncram:altsyncram_component|altsyncram_bnb1:auto_generated|sld_mod_ram_rom:mgl_prim2|ram_rom_data_reg[19]           ; altera_reserved_tck ; altera_reserved_tck ; 100.000      ; -0.083     ; 5.555      ;
; 94.384 ; rom1:inst2|altsyncram:altsyncram_component|altsyncram_bnb1:auto_generated|sld_mod_ram_rom:mgl_prim2|ram_rom_data_shift_cntr_reg[0]                                ; rom1:inst2|altsyncram:altsyncram_component|altsyncram_bnb1:auto_generated|sld_mod_ram_rom:mgl_prim2|ram_rom_data_reg[18]           ; altera_reserved_tck ; altera_reserved_tck ; 100.000      ; -0.083     ; 5.555      ;
; 94.384 ; rom1:inst2|altsyncram:altsyncram_component|altsyncram_bnb1:auto_generated|sld_mod_ram_rom:mgl_prim2|ram_rom_data_shift_cntr_reg[0]                                ; rom1:inst2|altsyncram:altsyncram_component|altsyncram_bnb1:auto_generated|sld_mod_ram_rom:mgl_prim2|ram_rom_data_reg[17]           ; altera_reserved_tck ; altera_reserved_tck ; 100.000      ; -0.083     ; 5.555      ;
; 94.384 ; rom1:inst2|altsyncram:altsyncram_component|altsyncram_bnb1:auto_generated|sld_mod_ram_rom:mgl_prim2|ram_rom_data_shift_cntr_reg[0]                                ; rom1:inst2|altsyncram:altsyncram_component|altsyncram_bnb1:auto_generated|sld_mod_ram_rom:mgl_prim2|ram_rom_data_reg[16]           ; altera_reserved_tck ; altera_reserved_tck ; 100.000      ; -0.083     ; 5.555      ;
; 94.384 ; rom1:inst2|altsyncram:altsyncram_component|altsyncram_bnb1:auto_generated|sld_mod_ram_rom:mgl_prim2|ram_rom_data_shift_cntr_reg[0]                                ; rom1:inst2|altsyncram:altsyncram_component|altsyncram_bnb1:auto_generated|sld_mod_ram_rom:mgl_prim2|ram_rom_data_reg[15]           ; altera_reserved_tck ; altera_reserved_tck ; 100.000      ; -0.083     ; 5.555      ;
; 94.384 ; rom1:inst2|altsyncram:altsyncram_component|altsyncram_bnb1:auto_generated|sld_mod_ram_rom:mgl_prim2|ram_rom_data_shift_cntr_reg[0]                                ; rom1:inst2|altsyncram:altsyncram_component|altsyncram_bnb1:auto_generated|sld_mod_ram_rom:mgl_prim2|ram_rom_data_reg[23]           ; altera_reserved_tck ; altera_reserved_tck ; 100.000      ; -0.083     ; 5.555      ;
; 94.419 ; sld_hub:auto_hub|sld_jtag_hub:\jtag_hub_gen:sld_jtag_hub_inst|virtual_ir_scan_reg                                                                                 ; rom1:inst2|altsyncram:altsyncram_component|altsyncram_bnb1:auto_generated|sld_mod_ram_rom:mgl_prim2|ram_rom_data_reg[14]           ; altera_reserved_tck ; altera_reserved_tck ; 100.000      ; -0.063     ; 5.540      ;
; 94.419 ; sld_hub:auto_hub|sld_jtag_hub:\jtag_hub_gen:sld_jtag_hub_inst|virtual_ir_scan_reg                                                                                 ; rom1:inst2|altsyncram:altsyncram_component|altsyncram_bnb1:auto_generated|sld_mod_ram_rom:mgl_prim2|ram_rom_data_reg[13]           ; altera_reserved_tck ; altera_reserved_tck ; 100.000      ; -0.063     ; 5.540      ;
; 94.419 ; sld_hub:auto_hub|sld_jtag_hub:\jtag_hub_gen:sld_jtag_hub_inst|virtual_ir_scan_reg                                                                                 ; rom1:inst2|altsyncram:altsyncram_component|altsyncram_bnb1:auto_generated|sld_mod_ram_rom:mgl_prim2|ram_rom_data_reg[12]           ; altera_reserved_tck ; altera_reserved_tck ; 100.000      ; -0.063     ; 5.540      ;
; 94.419 ; sld_hub:auto_hub|sld_jtag_hub:\jtag_hub_gen:sld_jtag_hub_inst|virtual_ir_scan_reg                                                                                 ; rom1:inst2|altsyncram:altsyncram_component|altsyncram_bnb1:auto_generated|sld_mod_ram_rom:mgl_prim2|ram_rom_data_reg[11]           ; altera_reserved_tck ; altera_reserved_tck ; 100.000      ; -0.063     ; 5.540      ;
; 94.419 ; sld_hub:auto_hub|sld_jtag_hub:\jtag_hub_gen:sld_jtag_hub_inst|virtual_ir_scan_reg                                                                                 ; rom1:inst2|altsyncram:altsyncram_component|altsyncram_bnb1:auto_generated|sld_mod_ram_rom:mgl_prim2|ram_rom_data_reg[10]           ; altera_reserved_tck ; altera_reserved_tck ; 100.000      ; -0.063     ; 5.540      ;
; 94.419 ; sld_hub:auto_hub|sld_jtag_hub:\jtag_hub_gen:sld_jtag_hub_inst|virtual_ir_scan_reg                                                                                 ; rom1:inst2|altsyncram:altsyncram_component|altsyncram_bnb1:auto_generated|sld_mod_ram_rom:mgl_prim2|ram_rom_data_reg[9]            ; altera_reserved_tck ; altera_reserved_tck ; 100.000      ; -0.063     ; 5.540      ;
; 94.419 ; sld_hub:auto_hub|sld_jtag_hub:\jtag_hub_gen:sld_jtag_hub_inst|virtual_ir_scan_reg                                                                                 ; rom1:inst2|altsyncram:altsyncram_component|altsyncram_bnb1:auto_generated|sld_mod_ram_rom:mgl_prim2|ram_rom_data_reg[8]            ; altera_reserved_tck ; altera_reserved_tck ; 100.000      ; -0.063     ; 5.540      ;
; 94.419 ; sld_hub:auto_hub|sld_jtag_hub:\jtag_hub_gen:sld_jtag_hub_inst|virtual_ir_scan_reg                                                                                 ; rom1:inst2|altsyncram:altsyncram_component|altsyncram_bnb1:auto_generated|sld_mod_ram_rom:mgl_prim2|ram_rom_data_reg[7]            ; altera_reserved_tck ; altera_reserved_tck ; 100.000      ; -0.063     ; 5.540      ;
; 94.419 ; sld_hub:auto_hub|sld_jtag_hub:\jtag_hub_gen:sld_jtag_hub_inst|virtual_ir_scan_reg                                                                                 ; rom1:inst2|altsyncram:altsyncram_component|altsyncram_bnb1:auto_generated|sld_mod_ram_rom:mgl_prim2|ram_rom_data_reg[6]            ; altera_reserved_tck ; altera_reserved_tck ; 100.000      ; -0.063     ; 5.540      ;
; 94.419 ; sld_hub:auto_hub|sld_jtag_hub:\jtag_hub_gen:sld_jtag_hub_inst|virtual_ir_scan_reg                                                                                 ; rom1:inst2|altsyncram:altsyncram_component|altsyncram_bnb1:auto_generated|sld_mod_ram_rom:mgl_prim2|ram_rom_data_reg[5]            ; altera_reserved_tck ; altera_reserved_tck ; 100.000      ; -0.063     ; 5.540      ;
; 94.419 ; sld_hub:auto_hub|sld_jtag_hub:\jtag_hub_gen:sld_jtag_hub_inst|virtual_ir_scan_reg                                                                                 ; rom1:inst2|altsyncram:altsyncram_component|altsyncram_bnb1:auto_generated|sld_mod_ram_rom:mgl_prim2|ram_rom_data_reg[4]            ; altera_reserved_tck ; altera_reserved_tck ; 100.000      ; -0.063     ; 5.540      ;
; 94.419 ; sld_hub:auto_hub|sld_jtag_hub:\jtag_hub_gen:sld_jtag_hub_inst|virtual_ir_scan_reg                                                                                 ; rom1:inst2|altsyncram:altsyncram_component|altsyncram_bnb1:auto_generated|sld_mod_ram_rom:mgl_prim2|ram_rom_data_reg[3]            ; altera_reserved_tck ; altera_reserved_tck ; 100.000      ; -0.063     ; 5.540      ;
; 94.419 ; sld_hub:auto_hub|sld_jtag_hub:\jtag_hub_gen:sld_jtag_hub_inst|virtual_ir_scan_reg                                                                                 ; rom1:inst2|altsyncram:altsyncram_component|altsyncram_bnb1:auto_generated|sld_mod_ram_rom:mgl_prim2|ram_rom_data_reg[2]            ; altera_reserved_tck ; altera_reserved_tck ; 100.000      ; -0.063     ; 5.540      ;
; 94.419 ; sld_hub:auto_hub|sld_jtag_hub:\jtag_hub_gen:sld_jtag_hub_inst|virtual_ir_scan_reg                                                                                 ; rom1:inst2|altsyncram:altsyncram_component|altsyncram_bnb1:auto_generated|sld_mod_ram_rom:mgl_prim2|ram_rom_data_reg[1]            ; altera_reserved_tck ; altera_reserved_tck ; 100.000      ; -0.063     ; 5.540      ;
; 94.419 ; sld_hub:auto_hub|sld_jtag_hub:\jtag_hub_gen:sld_jtag_hub_inst|virtual_ir_scan_reg                                                                                 ; rom1:inst2|altsyncram:altsyncram_component|altsyncram_bnb1:auto_generated|sld_mod_ram_rom:mgl_prim2|ram_rom_data_reg[0]            ; altera_reserved_tck ; altera_reserved_tck ; 100.000      ; -0.063     ; 5.540      ;
; 94.508 ; sld_hub:auto_hub|sld_jtag_hub:\jtag_hub_gen:sld_jtag_hub_inst|virtual_ir_scan_reg                                                                                 ; rom1:inst2|altsyncram:altsyncram_component|altsyncram_bnb1:auto_generated|sld_mod_ram_rom:mgl_prim2|ram_rom_data_shift_cntr_reg[3] ; altera_reserved_tck ; altera_reserved_tck ; 100.000      ; -0.045     ; 5.469      ;
; 94.508 ; sld_hub:auto_hub|sld_jtag_hub:\jtag_hub_gen:sld_jtag_hub_inst|virtual_ir_scan_reg                                                                                 ; rom1:inst2|altsyncram:altsyncram_component|altsyncram_bnb1:auto_generated|sld_mod_ram_rom:mgl_prim2|ram_rom_data_shift_cntr_reg[4] ; altera_reserved_tck ; altera_reserved_tck ; 100.000      ; -0.045     ; 5.469      ;
; 94.537 ; sld_hub:auto_hub|sld_jtag_hub:\jtag_hub_gen:sld_jtag_hub_inst|virtual_ir_scan_reg                                                                                 ; rom1:inst2|altsyncram:altsyncram_component|altsyncram_bnb1:auto_generated|sld_mod_ram_rom:mgl_prim2|ram_rom_data_shift_cntr_reg[0] ; altera_reserved_tck ; altera_reserved_tck ; 100.000      ; -0.045     ; 5.440      ;
; 94.538 ; sld_hub:auto_hub|sld_jtag_hub:\jtag_hub_gen:sld_jtag_hub_inst|virtual_ir_scan_reg                                                                                 ; rom1:inst2|altsyncram:altsyncram_component|altsyncram_bnb1:auto_generated|sld_mod_ram_rom:mgl_prim2|ram_rom_data_shift_cntr_reg[2] ; altera_reserved_tck ; altera_reserved_tck ; 100.000      ; -0.045     ; 5.439      ;
; 94.601 ; sld_hub:auto_hub|sld_jtag_hub:\jtag_hub_gen:sld_jtag_hub_inst|node_ena[1]~reg0                                                                                    ; rom1:inst2|altsyncram:altsyncram_component|altsyncram_bnb1:auto_generated|sld_mod_ram_rom:mgl_prim2|ram_rom_data_reg[14]           ; altera_reserved_tck ; altera_reserved_tck ; 100.000      ; -0.063     ; 5.358      ;
; 94.601 ; sld_hub:auto_hub|sld_jtag_hub:\jtag_hub_gen:sld_jtag_hub_inst|node_ena[1]~reg0                                                                                    ; rom1:inst2|altsyncram:altsyncram_component|altsyncram_bnb1:auto_generated|sld_mod_ram_rom:mgl_prim2|ram_rom_data_reg[13]           ; altera_reserved_tck ; altera_reserved_tck ; 100.000      ; -0.063     ; 5.358      ;
; 94.601 ; sld_hub:auto_hub|sld_jtag_hub:\jtag_hub_gen:sld_jtag_hub_inst|node_ena[1]~reg0                                                                                    ; rom1:inst2|altsyncram:altsyncram_component|altsyncram_bnb1:auto_generated|sld_mod_ram_rom:mgl_prim2|ram_rom_data_reg[12]           ; altera_reserved_tck ; altera_reserved_tck ; 100.000      ; -0.063     ; 5.358      ;
; 94.601 ; sld_hub:auto_hub|sld_jtag_hub:\jtag_hub_gen:sld_jtag_hub_inst|node_ena[1]~reg0                                                                                    ; rom1:inst2|altsyncram:altsyncram_component|altsyncram_bnb1:auto_generated|sld_mod_ram_rom:mgl_prim2|ram_rom_data_reg[11]           ; altera_reserved_tck ; altera_reserved_tck ; 100.000      ; -0.063     ; 5.358      ;
; 94.601 ; sld_hub:auto_hub|sld_jtag_hub:\jtag_hub_gen:sld_jtag_hub_inst|node_ena[1]~reg0                                                                                    ; rom1:inst2|altsyncram:altsyncram_component|altsyncram_bnb1:auto_generated|sld_mod_ram_rom:mgl_prim2|ram_rom_data_reg[10]           ; altera_reserved_tck ; altera_reserved_tck ; 100.000      ; -0.063     ; 5.358      ;
+--------+-------------------------------------------------------------------------------------------------------------------------------------------------------------------+------------------------------------------------------------------------------------------------------------------------------------+---------------------+---------------------+--------------+------------+------------+


+-------------------------------------------------------------------------------------------------------------------------------------------------------------------------------------------------------------------------------------------------------------------------------------------------------------------------------------------------------------------------+
; Slow 1200mV 0C Model Hold: 'altera_reserved_tck'                                                                                                                                                                                                                                                                                                                        ;
+-------+------------------------------------------------------------------------------------------------------------------------------------+---------------------------------------------------------------------------------------------------------------------------------------+---------------------+---------------------+--------------+------------+------------+
; Slack ; From Node                                                                                                                          ; To Node                                                                                                                               ; Launch Clock        ; Latch Clock         ; Relationship ; Clock Skew ; Data Delay ;
+-------+------------------------------------------------------------------------------------------------------------------------------------+---------------------------------------------------------------------------------------------------------------------------------------+---------------------+---------------------+--------------+------------+------------+
; 0.401 ; sld_hub:auto_hub|sld_jtag_hub:\jtag_hub_gen:sld_jtag_hub_inst|hub_mode_reg[0]                                                      ; sld_hub:auto_hub|sld_jtag_hub:\jtag_hub_gen:sld_jtag_hub_inst|hub_mode_reg[0]                                                         ; altera_reserved_tck ; altera_reserved_tck ; 0.000        ; 0.073      ; 0.669      ;
; 0.401 ; rom1:inst2|altsyncram:altsyncram_component|altsyncram_bnb1:auto_generated|sld_mod_ram_rom:mgl_prim2|ram_rom_data_shift_cntr_reg[1] ; rom1:inst2|altsyncram:altsyncram_component|altsyncram_bnb1:auto_generated|sld_mod_ram_rom:mgl_prim2|ram_rom_data_shift_cntr_reg[1]    ; altera_reserved_tck ; altera_reserved_tck ; 0.000        ; 0.073      ; 0.669      ;
; 0.401 ; rom1:inst2|altsyncram:altsyncram_component|altsyncram_bnb1:auto_generated|sld_mod_ram_rom:mgl_prim2|ram_rom_data_shift_cntr_reg[0] ; rom1:inst2|altsyncram:altsyncram_component|altsyncram_bnb1:auto_generated|sld_mod_ram_rom:mgl_prim2|ram_rom_data_shift_cntr_reg[0]    ; altera_reserved_tck ; altera_reserved_tck ; 0.000        ; 0.073      ; 0.669      ;
; 0.401 ; rom1:inst2|altsyncram:altsyncram_component|altsyncram_bnb1:auto_generated|sld_mod_ram_rom:mgl_prim2|ram_rom_data_shift_cntr_reg[2] ; rom1:inst2|altsyncram:altsyncram_component|altsyncram_bnb1:auto_generated|sld_mod_ram_rom:mgl_prim2|ram_rom_data_shift_cntr_reg[2]    ; altera_reserved_tck ; altera_reserved_tck ; 0.000        ; 0.073      ; 0.669      ;
; 0.401 ; rom1:inst2|altsyncram:altsyncram_component|altsyncram_bnb1:auto_generated|sld_mod_ram_rom:mgl_prim2|ram_rom_data_shift_cntr_reg[3] ; rom1:inst2|altsyncram:altsyncram_component|altsyncram_bnb1:auto_generated|sld_mod_ram_rom:mgl_prim2|ram_rom_data_shift_cntr_reg[3]    ; altera_reserved_tck ; altera_reserved_tck ; 0.000        ; 0.073      ; 0.669      ;
; 0.401 ; rom1:inst2|altsyncram:altsyncram_component|altsyncram_bnb1:auto_generated|sld_mod_ram_rom:mgl_prim2|ram_rom_data_shift_cntr_reg[4] ; rom1:inst2|altsyncram:altsyncram_component|altsyncram_bnb1:auto_generated|sld_mod_ram_rom:mgl_prim2|ram_rom_data_shift_cntr_reg[4]    ; altera_reserved_tck ; altera_reserved_tck ; 0.000        ; 0.073      ; 0.669      ;
; 0.401 ; sld_hub:auto_hub|sld_jtag_hub:\jtag_hub_gen:sld_jtag_hub_inst|hub_mode_reg[1]                                                      ; sld_hub:auto_hub|sld_jtag_hub:\jtag_hub_gen:sld_jtag_hub_inst|hub_mode_reg[1]                                                         ; altera_reserved_tck ; altera_reserved_tck ; 0.000        ; 0.073      ; 0.669      ;
; 0.401 ; rom1:inst2|altsyncram:altsyncram_component|altsyncram_bnb1:auto_generated|sld_mod_ram_rom:mgl_prim2|bypass_reg_out                 ; rom1:inst2|altsyncram:altsyncram_component|altsyncram_bnb1:auto_generated|sld_mod_ram_rom:mgl_prim2|bypass_reg_out                    ; altera_reserved_tck ; altera_reserved_tck ; 0.000        ; 0.073      ; 0.669      ;
; 0.402 ; sld_hub:auto_hub|sld_jtag_hub:\jtag_hub_gen:sld_jtag_hub_inst|sld_shadow_jsm:shadow_jsm|tms_cnt[1]                                 ; sld_hub:auto_hub|sld_jtag_hub:\jtag_hub_gen:sld_jtag_hub_inst|sld_shadow_jsm:shadow_jsm|tms_cnt[1]                                    ; altera_reserved_tck ; altera_reserved_tck ; 0.000        ; 0.072      ; 0.669      ;
; 0.402 ; sld_hub:auto_hub|sld_jtag_hub:\jtag_hub_gen:sld_jtag_hub_inst|sld_shadow_jsm:shadow_jsm|tms_cnt[2]                                 ; sld_hub:auto_hub|sld_jtag_hub:\jtag_hub_gen:sld_jtag_hub_inst|sld_shadow_jsm:shadow_jsm|tms_cnt[2]                                    ; altera_reserved_tck ; altera_reserved_tck ; 0.000        ; 0.072      ; 0.669      ;
; 0.402 ; sld_hub:auto_hub|sld_jtag_hub:\jtag_hub_gen:sld_jtag_hub_inst|sld_shadow_jsm:shadow_jsm|state[0]                                   ; sld_hub:auto_hub|sld_jtag_hub:\jtag_hub_gen:sld_jtag_hub_inst|sld_shadow_jsm:shadow_jsm|state[0]                                      ; altera_reserved_tck ; altera_reserved_tck ; 0.000        ; 0.072      ; 0.669      ;
; 0.402 ; sld_hub:auto_hub|sld_jtag_hub:\jtag_hub_gen:sld_jtag_hub_inst|sld_shadow_jsm:shadow_jsm|state[1]                                   ; sld_hub:auto_hub|sld_jtag_hub:\jtag_hub_gen:sld_jtag_hub_inst|sld_shadow_jsm:shadow_jsm|state[1]                                      ; altera_reserved_tck ; altera_reserved_tck ; 0.000        ; 0.072      ; 0.669      ;
; 0.402 ; sld_hub:auto_hub|sld_jtag_hub:\jtag_hub_gen:sld_jtag_hub_inst|sld_shadow_jsm:shadow_jsm|state[6]                                   ; sld_hub:auto_hub|sld_jtag_hub:\jtag_hub_gen:sld_jtag_hub_inst|sld_shadow_jsm:shadow_jsm|state[6]                                      ; altera_reserved_tck ; altera_reserved_tck ; 0.000        ; 0.072      ; 0.669      ;
; 0.402 ; sld_hub:auto_hub|sld_jtag_hub:\jtag_hub_gen:sld_jtag_hub_inst|sld_shadow_jsm:shadow_jsm|state[4]                                   ; sld_hub:auto_hub|sld_jtag_hub:\jtag_hub_gen:sld_jtag_hub_inst|sld_shadow_jsm:shadow_jsm|state[4]                                      ; altera_reserved_tck ; altera_reserved_tck ; 0.000        ; 0.072      ; 0.669      ;
; 0.402 ; sld_hub:auto_hub|sld_jtag_hub:\jtag_hub_gen:sld_jtag_hub_inst|sld_shadow_jsm:shadow_jsm|state[11]                                  ; sld_hub:auto_hub|sld_jtag_hub:\jtag_hub_gen:sld_jtag_hub_inst|sld_shadow_jsm:shadow_jsm|state[11]                                     ; altera_reserved_tck ; altera_reserved_tck ; 0.000        ; 0.072      ; 0.669      ;
; 0.402 ; sld_hub:auto_hub|sld_jtag_hub:\jtag_hub_gen:sld_jtag_hub_inst|node_ena[1]~reg0                                                     ; sld_hub:auto_hub|sld_jtag_hub:\jtag_hub_gen:sld_jtag_hub_inst|node_ena[1]~reg0                                                        ; altera_reserved_tck ; altera_reserved_tck ; 0.000        ; 0.072      ; 0.669      ;
; 0.402 ; rom1:inst2|altsyncram:altsyncram_component|altsyncram_bnb1:auto_generated|sld_mod_ram_rom:mgl_prim2|is_in_use_reg                  ; rom1:inst2|altsyncram:altsyncram_component|altsyncram_bnb1:auto_generated|sld_mod_ram_rom:mgl_prim2|is_in_use_reg                     ; altera_reserved_tck ; altera_reserved_tck ; 0.000        ; 0.072      ; 0.669      ;
; 0.402 ; sld_hub:auto_hub|sld_jtag_hub:\jtag_hub_gen:sld_jtag_hub_inst|hub_mode_reg[2]                                                      ; sld_hub:auto_hub|sld_jtag_hub:\jtag_hub_gen:sld_jtag_hub_inst|hub_mode_reg[2]                                                         ; altera_reserved_tck ; altera_reserved_tck ; 0.000        ; 0.072      ; 0.669      ;
; 0.402 ; sld_hub:auto_hub|sld_jtag_hub:\jtag_hub_gen:sld_jtag_hub_inst|irsr_reg[5]                                                          ; sld_hub:auto_hub|sld_jtag_hub:\jtag_hub_gen:sld_jtag_hub_inst|irsr_reg[5]                                                             ; altera_reserved_tck ; altera_reserved_tck ; 0.000        ; 0.072      ; 0.669      ;
; 0.402 ; sld_hub:auto_hub|sld_jtag_hub:\jtag_hub_gen:sld_jtag_hub_inst|tdo_bypass_reg                                                       ; sld_hub:auto_hub|sld_jtag_hub:\jtag_hub_gen:sld_jtag_hub_inst|tdo_bypass_reg                                                          ; altera_reserved_tck ; altera_reserved_tck ; 0.000        ; 0.072      ; 0.669      ;
; 0.402 ; sld_hub:auto_hub|sld_jtag_hub:\jtag_hub_gen:sld_jtag_hub_inst|sld_shadow_jsm:shadow_jsm|state[13]                                  ; sld_hub:auto_hub|sld_jtag_hub:\jtag_hub_gen:sld_jtag_hub_inst|sld_shadow_jsm:shadow_jsm|state[13]                                     ; altera_reserved_tck ; altera_reserved_tck ; 0.000        ; 0.072      ; 0.669      ;
; 0.417 ; sld_hub:auto_hub|sld_jtag_hub:\jtag_hub_gen:sld_jtag_hub_inst|sld_shadow_jsm:shadow_jsm|tms_cnt[0]                                 ; sld_hub:auto_hub|sld_jtag_hub:\jtag_hub_gen:sld_jtag_hub_inst|sld_shadow_jsm:shadow_jsm|tms_cnt[0]                                    ; altera_reserved_tck ; altera_reserved_tck ; 0.000        ; 0.072      ; 0.684      ;
; 0.456 ; sld_hub:auto_hub|sld_jtag_hub:\jtag_hub_gen:sld_jtag_hub_inst|sld_shadow_jsm:shadow_jsm|tms_cnt[0]                                 ; sld_hub:auto_hub|sld_jtag_hub:\jtag_hub_gen:sld_jtag_hub_inst|sld_shadow_jsm:shadow_jsm|tms_cnt[2]                                    ; altera_reserved_tck ; altera_reserved_tck ; 0.000        ; 0.072      ; 0.723      ;
; 0.457 ; sld_hub:auto_hub|sld_jtag_hub:\jtag_hub_gen:sld_jtag_hub_inst|sld_shadow_jsm:shadow_jsm|tms_cnt[0]                                 ; sld_hub:auto_hub|sld_jtag_hub:\jtag_hub_gen:sld_jtag_hub_inst|sld_shadow_jsm:shadow_jsm|tms_cnt[1]                                    ; altera_reserved_tck ; altera_reserved_tck ; 0.000        ; 0.072      ; 0.724      ;
; 0.471 ; sld_hub:auto_hub|sld_jtag_hub:\jtag_hub_gen:sld_jtag_hub_inst|jtag_ir_reg[3]                                                       ; sld_hub:auto_hub|sld_jtag_hub:\jtag_hub_gen:sld_jtag_hub_inst|jtag_ir_reg[2]                                                          ; altera_reserved_tck ; altera_reserved_tck ; 0.000        ; 0.072      ; 0.738      ;
; 0.471 ; sld_hub:auto_hub|sld_jtag_hub:\jtag_hub_gen:sld_jtag_hub_inst|sld_rom_sr:hub_info_reg|WORD_SR[3]                                   ; sld_hub:auto_hub|sld_jtag_hub:\jtag_hub_gen:sld_jtag_hub_inst|sld_rom_sr:hub_info_reg|WORD_SR[2]                                      ; altera_reserved_tck ; altera_reserved_tck ; 0.000        ; 0.072      ; 0.738      ;
; 0.475 ; rom1:inst2|altsyncram:altsyncram_component|altsyncram_bnb1:auto_generated|sld_mod_ram_rom:mgl_prim2|ram_rom_data_reg[1]            ; rom1:inst2|altsyncram:altsyncram_component|altsyncram_bnb1:auto_generated|altsyncram_67d2:altsyncram1|ram_block3a0~portb_datain_reg0  ; altera_reserved_tck ; altera_reserved_tck ; 0.000        ; 0.360      ; 1.065      ;
; 0.475 ; sld_hub:auto_hub|sld_jtag_hub:\jtag_hub_gen:sld_jtag_hub_inst|sld_shadow_jsm:shadow_jsm|state[14]                                  ; sld_hub:auto_hub|sld_jtag_hub:\jtag_hub_gen:sld_jtag_hub_inst|sld_shadow_jsm:shadow_jsm|state[15]                                     ; altera_reserved_tck ; altera_reserved_tck ; 0.000        ; 0.072      ; 0.742      ;
; 0.477 ; sld_hub:auto_hub|sld_jtag_hub:\jtag_hub_gen:sld_jtag_hub_inst|jtag_ir_reg[7]                                                       ; sld_hub:auto_hub|sld_jtag_hub:\jtag_hub_gen:sld_jtag_hub_inst|jtag_ir_reg[6]                                                          ; altera_reserved_tck ; altera_reserved_tck ; 0.000        ; 0.072      ; 0.744      ;
; 0.477 ; sld_hub:auto_hub|sld_jtag_hub:\jtag_hub_gen:sld_jtag_hub_inst|identity_contrib_shift_reg[2]                                        ; sld_hub:auto_hub|sld_jtag_hub:\jtag_hub_gen:sld_jtag_hub_inst|identity_contrib_shift_reg[1]                                           ; altera_reserved_tck ; altera_reserved_tck ; 0.000        ; 0.072      ; 0.744      ;
; 0.478 ; sld_hub:auto_hub|sld_jtag_hub:\jtag_hub_gen:sld_jtag_hub_inst|identity_contrib_shift_reg[1]                                        ; sld_hub:auto_hub|sld_jtag_hub:\jtag_hub_gen:sld_jtag_hub_inst|identity_contrib_update_reg[1]                                          ; altera_reserved_tck ; altera_reserved_tck ; 0.000        ; 0.072      ; 0.745      ;
; 0.478 ; sld_hub:auto_hub|sld_jtag_hub:\jtag_hub_gen:sld_jtag_hub_inst|identity_contrib_shift_reg[1]                                        ; sld_hub:auto_hub|sld_jtag_hub:\jtag_hub_gen:sld_jtag_hub_inst|identity_contrib_shift_reg[0]                                           ; altera_reserved_tck ; altera_reserved_tck ; 0.000        ; 0.072      ; 0.745      ;
; 0.479 ; rom1:inst2|altsyncram:altsyncram_component|altsyncram_bnb1:auto_generated|sld_mod_ram_rom:mgl_prim2|ram_rom_data_reg[8]            ; rom1:inst2|altsyncram:altsyncram_component|altsyncram_bnb1:auto_generated|altsyncram_67d2:altsyncram1|ram_block3a0~portb_datain_reg0  ; altera_reserved_tck ; altera_reserved_tck ; 0.000        ; 0.360      ; 1.069      ;
; 0.479 ; sld_hub:auto_hub|sld_jtag_hub:\jtag_hub_gen:sld_jtag_hub_inst|sld_shadow_jsm:shadow_jsm|state[14]                                  ; sld_hub:auto_hub|sld_jtag_hub:\jtag_hub_gen:sld_jtag_hub_inst|sld_shadow_jsm:shadow_jsm|state[11]                                     ; altera_reserved_tck ; altera_reserved_tck ; 0.000        ; 0.072      ; 0.746      ;
; 0.482 ; sld_hub:auto_hub|sld_jtag_hub:\jtag_hub_gen:sld_jtag_hub_inst|identity_contrib_shift_reg[2]                                        ; sld_hub:auto_hub|sld_jtag_hub:\jtag_hub_gen:sld_jtag_hub_inst|identity_contrib_update_reg[2]                                          ; altera_reserved_tck ; altera_reserved_tck ; 0.000        ; 0.072      ; 0.749      ;
; 0.485 ; rom1:inst2|altsyncram:altsyncram_component|altsyncram_bnb1:auto_generated|sld_mod_ram_rom:mgl_prim2|ram_rom_data_reg[6]            ; rom1:inst2|altsyncram:altsyncram_component|altsyncram_bnb1:auto_generated|altsyncram_67d2:altsyncram1|ram_block3a0~portb_datain_reg0  ; altera_reserved_tck ; altera_reserved_tck ; 0.000        ; 0.360      ; 1.075      ;
; 0.486 ; sld_hub:auto_hub|sld_jtag_hub:\jtag_hub_gen:sld_jtag_hub_inst|sld_shadow_jsm:shadow_jsm|state[7]                                   ; sld_hub:auto_hub|sld_jtag_hub:\jtag_hub_gen:sld_jtag_hub_inst|sld_shadow_jsm:shadow_jsm|state[4]                                      ; altera_reserved_tck ; altera_reserved_tck ; 0.000        ; 0.072      ; 0.753      ;
; 0.490 ; rom1:inst2|altsyncram:altsyncram_component|altsyncram_bnb1:auto_generated|sld_mod_ram_rom:mgl_prim2|ram_rom_data_reg[1]            ; rom1:inst2|altsyncram:altsyncram_component|altsyncram_bnb1:auto_generated|sld_mod_ram_rom:mgl_prim2|ram_rom_data_reg[0]               ; altera_reserved_tck ; altera_reserved_tck ; 0.000        ; 0.073      ; 0.758      ;
; 0.492 ; rom1:inst2|altsyncram:altsyncram_component|altsyncram_bnb1:auto_generated|sld_mod_ram_rom:mgl_prim2|ram_rom_data_reg[13]           ; rom1:inst2|altsyncram:altsyncram_component|altsyncram_bnb1:auto_generated|sld_mod_ram_rom:mgl_prim2|ram_rom_data_reg[12]              ; altera_reserved_tck ; altera_reserved_tck ; 0.000        ; 0.073      ; 0.760      ;
; 0.492 ; rom1:inst2|altsyncram:altsyncram_component|altsyncram_bnb1:auto_generated|sld_mod_ram_rom:mgl_prim2|ram_rom_data_reg[11]           ; rom1:inst2|altsyncram:altsyncram_component|altsyncram_bnb1:auto_generated|sld_mod_ram_rom:mgl_prim2|ram_rom_data_reg[10]              ; altera_reserved_tck ; altera_reserved_tck ; 0.000        ; 0.073      ; 0.760      ;
; 0.492 ; rom1:inst2|altsyncram:altsyncram_component|altsyncram_bnb1:auto_generated|sld_mod_ram_rom:mgl_prim2|ram_rom_data_reg[5]            ; rom1:inst2|altsyncram:altsyncram_component|altsyncram_bnb1:auto_generated|sld_mod_ram_rom:mgl_prim2|ram_rom_data_reg[4]               ; altera_reserved_tck ; altera_reserved_tck ; 0.000        ; 0.073      ; 0.760      ;
; 0.492 ; sld_hub:auto_hub|sld_jtag_hub:\jtag_hub_gen:sld_jtag_hub_inst|jtag_ir_reg[2]                                                       ; sld_hub:auto_hub|sld_jtag_hub:\jtag_hub_gen:sld_jtag_hub_inst|jtag_ir_reg[1]                                                          ; altera_reserved_tck ; altera_reserved_tck ; 0.000        ; 0.072      ; 0.759      ;
; 0.493 ; rom1:inst2|altsyncram:altsyncram_component|altsyncram_bnb1:auto_generated|sld_mod_ram_rom:mgl_prim2|ram_rom_data_reg[7]            ; rom1:inst2|altsyncram:altsyncram_component|altsyncram_bnb1:auto_generated|altsyncram_67d2:altsyncram1|ram_block3a0~portb_datain_reg0  ; altera_reserved_tck ; altera_reserved_tck ; 0.000        ; 0.360      ; 1.083      ;
; 0.493 ; rom1:inst2|altsyncram:altsyncram_component|altsyncram_bnb1:auto_generated|sld_mod_ram_rom:mgl_prim2|ram_rom_data_reg[17]           ; rom1:inst2|altsyncram:altsyncram_component|altsyncram_bnb1:auto_generated|altsyncram_67d2:altsyncram1|ram_block3a0~portb_datain_reg0  ; altera_reserved_tck ; altera_reserved_tck ; 0.000        ; 0.352      ; 1.075      ;
; 0.493 ; sld_hub:auto_hub|sld_jtag_hub:\jtag_hub_gen:sld_jtag_hub_inst|sld_shadow_jsm:shadow_jsm|state[4]                                   ; sld_hub:auto_hub|sld_jtag_hub:\jtag_hub_gen:sld_jtag_hub_inst|sld_shadow_jsm:shadow_jsm|state[5]                                      ; altera_reserved_tck ; altera_reserved_tck ; 0.000        ; 0.072      ; 0.760      ;
; 0.494 ; rom1:inst2|altsyncram:altsyncram_component|altsyncram_bnb1:auto_generated|sld_mod_ram_rom:mgl_prim2|ram_rom_data_reg[2]            ; rom1:inst2|altsyncram:altsyncram_component|altsyncram_bnb1:auto_generated|sld_mod_ram_rom:mgl_prim2|ram_rom_data_reg[1]               ; altera_reserved_tck ; altera_reserved_tck ; 0.000        ; 0.073      ; 0.762      ;
; 0.495 ; rom1:inst2|altsyncram:altsyncram_component|altsyncram_bnb1:auto_generated|sld_mod_ram_rom:mgl_prim2|ram_rom_data_reg[18]           ; rom1:inst2|altsyncram:altsyncram_component|altsyncram_bnb1:auto_generated|altsyncram_67d2:altsyncram1|ram_block3a0~portb_datain_reg0  ; altera_reserved_tck ; altera_reserved_tck ; 0.000        ; 0.352      ; 1.077      ;
; 0.499 ; sld_hub:auto_hub|sld_jtag_hub:\jtag_hub_gen:sld_jtag_hub_inst|sld_shadow_jsm:shadow_jsm|state[3]                                   ; sld_hub:auto_hub|sld_jtag_hub:\jtag_hub_gen:sld_jtag_hub_inst|hub_minor_ver_reg[3]                                                    ; altera_reserved_tck ; altera_reserved_tck ; 0.000        ; 0.072      ; 0.766      ;
; 0.499 ; sld_hub:auto_hub|sld_jtag_hub:\jtag_hub_gen:sld_jtag_hub_inst|sld_shadow_jsm:shadow_jsm|state[3]                                   ; sld_hub:auto_hub|sld_jtag_hub:\jtag_hub_gen:sld_jtag_hub_inst|hub_minor_ver_reg[1]                                                    ; altera_reserved_tck ; altera_reserved_tck ; 0.000        ; 0.072      ; 0.766      ;
; 0.500 ; sld_hub:auto_hub|sld_jtag_hub:\jtag_hub_gen:sld_jtag_hub_inst|sld_shadow_jsm:shadow_jsm|state[8]                                   ; sld_hub:auto_hub|sld_jtag_hub:\jtag_hub_gen:sld_jtag_hub_inst|sld_shadow_jsm:shadow_jsm|state[2]                                      ; altera_reserved_tck ; altera_reserved_tck ; 0.000        ; 0.072      ; 0.767      ;
; 0.500 ; sld_hub:auto_hub|sld_jtag_hub:\jtag_hub_gen:sld_jtag_hub_inst|irsr_reg[1]                                                          ; sld_hub:auto_hub|sld_jtag_hub:\jtag_hub_gen:sld_jtag_hub_inst|irsr_reg[0]                                                             ; altera_reserved_tck ; altera_reserved_tck ; 0.000        ; 0.072      ; 0.767      ;
; 0.500 ; sld_hub:auto_hub|sld_jtag_hub:\jtag_hub_gen:sld_jtag_hub_inst|irsr_reg[2]                                                          ; sld_hub:auto_hub|sld_jtag_hub:\jtag_hub_gen:sld_jtag_hub_inst|irsr_reg[1]                                                             ; altera_reserved_tck ; altera_reserved_tck ; 0.000        ; 0.072      ; 0.767      ;
; 0.500 ; sld_hub:auto_hub|sld_jtag_hub:\jtag_hub_gen:sld_jtag_hub_inst|sld_shadow_jsm:shadow_jsm|state[8]                                   ; sld_hub:auto_hub|sld_jtag_hub:\jtag_hub_gen:sld_jtag_hub_inst|sld_shadow_jsm:shadow_jsm|state[1]                                      ; altera_reserved_tck ; altera_reserved_tck ; 0.000        ; 0.072      ; 0.767      ;
; 0.507 ; rom1:inst2|altsyncram:altsyncram_component|altsyncram_bnb1:auto_generated|sld_mod_ram_rom:mgl_prim2|ram_rom_data_reg[14]           ; rom1:inst2|altsyncram:altsyncram_component|altsyncram_bnb1:auto_generated|altsyncram_67d2:altsyncram1|ram_block3a10~portb_datain_reg0 ; altera_reserved_tck ; altera_reserved_tck ; 0.000        ; 0.360      ; 1.097      ;
; 0.513 ; rom1:inst2|altsyncram:altsyncram_component|altsyncram_bnb1:auto_generated|sld_mod_ram_rom:mgl_prim2|ram_rom_data_reg[2]            ; rom1:inst2|altsyncram:altsyncram_component|altsyncram_bnb1:auto_generated|altsyncram_67d2:altsyncram1|ram_block3a0~portb_datain_reg0  ; altera_reserved_tck ; altera_reserved_tck ; 0.000        ; 0.360      ; 1.103      ;
; 0.513 ; rom1:inst2|altsyncram:altsyncram_component|altsyncram_bnb1:auto_generated|sld_mod_ram_rom:mgl_prim2|ram_rom_data_reg[3]            ; rom1:inst2|altsyncram:altsyncram_component|altsyncram_bnb1:auto_generated|altsyncram_67d2:altsyncram1|ram_block3a0~portb_datain_reg0  ; altera_reserved_tck ; altera_reserved_tck ; 0.000        ; 0.360      ; 1.103      ;
; 0.516 ; rom1:inst2|altsyncram:altsyncram_component|altsyncram_bnb1:auto_generated|sld_mod_ram_rom:mgl_prim2|ram_rom_data_reg[9]            ; rom1:inst2|altsyncram:altsyncram_component|altsyncram_bnb1:auto_generated|altsyncram_67d2:altsyncram1|ram_block3a0~portb_datain_reg0  ; altera_reserved_tck ; altera_reserved_tck ; 0.000        ; 0.360      ; 1.106      ;
; 0.516 ; rom1:inst2|altsyncram:altsyncram_component|altsyncram_bnb1:auto_generated|sld_mod_ram_rom:mgl_prim2|ram_rom_data_reg[21]           ; rom1:inst2|altsyncram:altsyncram_component|altsyncram_bnb1:auto_generated|altsyncram_67d2:altsyncram1|ram_block3a0~portb_datain_reg0  ; altera_reserved_tck ; altera_reserved_tck ; 0.000        ; 0.352      ; 1.098      ;
; 0.517 ; rom1:inst2|altsyncram:altsyncram_component|altsyncram_bnb1:auto_generated|sld_mod_ram_rom:mgl_prim2|ram_rom_data_reg[20]           ; rom1:inst2|altsyncram:altsyncram_component|altsyncram_bnb1:auto_generated|altsyncram_67d2:altsyncram1|ram_block3a0~portb_datain_reg0  ; altera_reserved_tck ; altera_reserved_tck ; 0.000        ; 0.352      ; 1.099      ;
; 0.519 ; rom1:inst2|altsyncram:altsyncram_component|altsyncram_bnb1:auto_generated|sld_mod_ram_rom:mgl_prim2|ram_rom_data_reg[16]           ; rom1:inst2|altsyncram:altsyncram_component|altsyncram_bnb1:auto_generated|altsyncram_67d2:altsyncram1|ram_block3a0~portb_datain_reg0  ; altera_reserved_tck ; altera_reserved_tck ; 0.000        ; 0.352      ; 1.101      ;
; 0.521 ; rom1:inst2|altsyncram:altsyncram_component|altsyncram_bnb1:auto_generated|sld_mod_ram_rom:mgl_prim2|ram_rom_data_reg[5]            ; rom1:inst2|altsyncram:altsyncram_component|altsyncram_bnb1:auto_generated|altsyncram_67d2:altsyncram1|ram_block3a0~portb_datain_reg0  ; altera_reserved_tck ; altera_reserved_tck ; 0.000        ; 0.360      ; 1.111      ;
; 0.522 ; sld_hub:auto_hub|sld_jtag_hub:\jtag_hub_gen:sld_jtag_hub_inst|sld_shadow_jsm:shadow_jsm|state[3]                                   ; sld_hub:auto_hub|sld_jtag_hub:\jtag_hub_gen:sld_jtag_hub_inst|hub_minor_ver_reg[2]                                                    ; altera_reserved_tck ; altera_reserved_tck ; 0.000        ; 0.072      ; 0.789      ;
; 0.522 ; sld_hub:auto_hub|sld_jtag_hub:\jtag_hub_gen:sld_jtag_hub_inst|sld_shadow_jsm:shadow_jsm|state[3]                                   ; sld_hub:auto_hub|sld_jtag_hub:\jtag_hub_gen:sld_jtag_hub_inst|hub_minor_ver_reg[0]                                                    ; altera_reserved_tck ; altera_reserved_tck ; 0.000        ; 0.072      ; 0.789      ;
; 0.527 ; rom1:inst2|altsyncram:altsyncram_component|altsyncram_bnb1:auto_generated|sld_mod_ram_rom:mgl_prim2|ram_rom_data_reg[4]            ; rom1:inst2|altsyncram:altsyncram_component|altsyncram_bnb1:auto_generated|altsyncram_67d2:altsyncram1|ram_block3a0~portb_datain_reg0  ; altera_reserved_tck ; altera_reserved_tck ; 0.000        ; 0.360      ; 1.117      ;
; 0.527 ; rom1:inst2|altsyncram:altsyncram_component|altsyncram_bnb1:auto_generated|sld_mod_ram_rom:mgl_prim2|ram_rom_data_reg[19]           ; rom1:inst2|altsyncram:altsyncram_component|altsyncram_bnb1:auto_generated|altsyncram_67d2:altsyncram1|ram_block3a0~portb_datain_reg0  ; altera_reserved_tck ; altera_reserved_tck ; 0.000        ; 0.352      ; 1.109      ;
; 0.545 ; rom1:inst2|altsyncram:altsyncram_component|altsyncram_bnb1:auto_generated|sld_mod_ram_rom:mgl_prim2|ram_rom_data_reg[22]           ; rom1:inst2|altsyncram:altsyncram_component|altsyncram_bnb1:auto_generated|altsyncram_67d2:altsyncram1|ram_block3a0~portb_datain_reg0  ; altera_reserved_tck ; altera_reserved_tck ; 0.000        ; 0.352      ; 1.127      ;
; 0.575 ; rom1:inst2|altsyncram:altsyncram_component|altsyncram_bnb1:auto_generated|sld_mod_ram_rom:mgl_prim2|ram_rom_data_reg[15]           ; rom1:inst2|altsyncram:altsyncram_component|altsyncram_bnb1:auto_generated|altsyncram_67d2:altsyncram1|ram_block3a10~portb_datain_reg0 ; altera_reserved_tck ; altera_reserved_tck ; 0.000        ; 0.352      ; 1.157      ;
; 0.590 ; sld_hub:auto_hub|sld_jtag_hub:\jtag_hub_gen:sld_jtag_hub_inst|jtag_ir_reg[0]                                                       ; sld_hub:auto_hub|sld_jtag_hub:\jtag_hub_gen:sld_jtag_hub_inst|virtual_ir_scan_reg                                                     ; altera_reserved_tck ; altera_reserved_tck ; 0.000        ; 0.072      ; 0.857      ;
; 0.591 ; sld_hub:auto_hub|sld_jtag_hub:\jtag_hub_gen:sld_jtag_hub_inst|jtag_ir_reg[0]                                                       ; sld_hub:auto_hub|sld_jtag_hub:\jtag_hub_gen:sld_jtag_hub_inst|virtual_dr_scan_reg                                                     ; altera_reserved_tck ; altera_reserved_tck ; 0.000        ; 0.072      ; 0.858      ;
; 0.597 ; rom1:inst2|altsyncram:altsyncram_component|altsyncram_bnb1:auto_generated|sld_mod_ram_rom:mgl_prim2|ram_rom_data_reg[23]           ; rom1:inst2|altsyncram:altsyncram_component|altsyncram_bnb1:auto_generated|altsyncram_67d2:altsyncram1|ram_block3a0~portb_datain_reg0  ; altera_reserved_tck ; altera_reserved_tck ; 0.000        ; 0.352      ; 1.179      ;
; 0.599 ; sld_hub:auto_hub|sld_jtag_hub:\jtag_hub_gen:sld_jtag_hub_inst|sld_shadow_jsm:shadow_jsm|state[13]                                  ; sld_hub:auto_hub|sld_jtag_hub:\jtag_hub_gen:sld_jtag_hub_inst|sld_shadow_jsm:shadow_jsm|state[14]                                     ; altera_reserved_tck ; altera_reserved_tck ; 0.000        ; 0.072      ; 0.866      ;
; 0.601 ; sld_hub:auto_hub|sld_jtag_hub:\jtag_hub_gen:sld_jtag_hub_inst|sld_shadow_jsm:shadow_jsm|state[6]                                   ; sld_hub:auto_hub|sld_jtag_hub:\jtag_hub_gen:sld_jtag_hub_inst|sld_shadow_jsm:shadow_jsm|state[7]                                      ; altera_reserved_tck ; altera_reserved_tck ; 0.000        ; 0.072      ; 0.868      ;
; 0.601 ; sld_hub:auto_hub|sld_jtag_hub:\jtag_hub_gen:sld_jtag_hub_inst|sld_rom_sr:hub_info_reg|WORD_SR[1]                                   ; sld_hub:auto_hub|sld_jtag_hub:\jtag_hub_gen:sld_jtag_hub_inst|sld_rom_sr:hub_info_reg|WORD_SR[0]                                      ; altera_reserved_tck ; altera_reserved_tck ; 0.000        ; 0.072      ; 0.868      ;
; 0.613 ; sld_hub:auto_hub|sld_jtag_hub:\jtag_hub_gen:sld_jtag_hub_inst|sld_shadow_jsm:shadow_jsm|state[12]                                  ; sld_hub:auto_hub|sld_jtag_hub:\jtag_hub_gen:sld_jtag_hub_inst|sld_shadow_jsm:shadow_jsm|state[15]                                     ; altera_reserved_tck ; altera_reserved_tck ; 0.000        ; 0.072      ; 0.880      ;
; 0.620 ; rom1:inst2|altsyncram:altsyncram_component|altsyncram_bnb1:auto_generated|sld_mod_ram_rom:mgl_prim2|ram_rom_data_reg[14]           ; rom1:inst2|altsyncram:altsyncram_component|altsyncram_bnb1:auto_generated|sld_mod_ram_rom:mgl_prim2|ram_rom_data_reg[13]              ; altera_reserved_tck ; altera_reserved_tck ; 0.000        ; 0.073      ; 0.888      ;
; 0.620 ; rom1:inst2|altsyncram:altsyncram_component|altsyncram_bnb1:auto_generated|sld_mod_ram_rom:mgl_prim2|ram_rom_data_reg[6]            ; rom1:inst2|altsyncram:altsyncram_component|altsyncram_bnb1:auto_generated|sld_mod_ram_rom:mgl_prim2|ram_rom_data_reg[5]               ; altera_reserved_tck ; altera_reserved_tck ; 0.000        ; 0.073      ; 0.888      ;
; 0.620 ; sld_hub:auto_hub|sld_jtag_hub:\jtag_hub_gen:sld_jtag_hub_inst|sld_shadow_jsm:shadow_jsm|state[11]                                  ; sld_hub:auto_hub|sld_jtag_hub:\jtag_hub_gen:sld_jtag_hub_inst|sld_shadow_jsm:shadow_jsm|state[12]                                     ; altera_reserved_tck ; altera_reserved_tck ; 0.000        ; 0.072      ; 0.887      ;
; 0.621 ; rom1:inst2|altsyncram:altsyncram_component|altsyncram_bnb1:auto_generated|sld_mod_ram_rom:mgl_prim2|ram_rom_data_reg[8]            ; rom1:inst2|altsyncram:altsyncram_component|altsyncram_bnb1:auto_generated|sld_mod_ram_rom:mgl_prim2|ram_rom_data_reg[7]               ; altera_reserved_tck ; altera_reserved_tck ; 0.000        ; 0.073      ; 0.889      ;
; 0.621 ; rom1:inst2|altsyncram:altsyncram_component|altsyncram_bnb1:auto_generated|sld_mod_ram_rom:mgl_prim2|ram_rom_data_reg[4]            ; rom1:inst2|altsyncram:altsyncram_component|altsyncram_bnb1:auto_generated|sld_mod_ram_rom:mgl_prim2|ram_rom_data_reg[3]               ; altera_reserved_tck ; altera_reserved_tck ; 0.000        ; 0.073      ; 0.889      ;
; 0.634 ; sld_hub:auto_hub|sld_jtag_hub:\jtag_hub_gen:sld_jtag_hub_inst|irsr_reg[4]                                                          ; sld_hub:auto_hub|sld_jtag_hub:\jtag_hub_gen:sld_jtag_hub_inst|irf_reg[1][4]                                                           ; altera_reserved_tck ; altera_reserved_tck ; 0.000        ; 0.062      ; 0.891      ;
; 0.634 ; sld_hub:auto_hub|sld_jtag_hub:\jtag_hub_gen:sld_jtag_hub_inst|sld_shadow_jsm:shadow_jsm|state[5]                                   ; sld_hub:auto_hub|sld_jtag_hub:\jtag_hub_gen:sld_jtag_hub_inst|reset_ena_reg                                                           ; altera_reserved_tck ; altera_reserved_tck ; 0.000        ; 0.072      ; 0.901      ;
; 0.636 ; sld_hub:auto_hub|sld_jtag_hub:\jtag_hub_gen:sld_jtag_hub_inst|sld_shadow_jsm:shadow_jsm|state[5]                                   ; sld_hub:auto_hub|sld_jtag_hub:\jtag_hub_gen:sld_jtag_hub_inst|sld_shadow_jsm:shadow_jsm|state[8]                                      ; altera_reserved_tck ; altera_reserved_tck ; 0.000        ; 0.072      ; 0.903      ;
; 0.646 ; sld_hub:auto_hub|sld_jtag_hub:\jtag_hub_gen:sld_jtag_hub_inst|jtag_ir_reg[5]                                                       ; sld_hub:auto_hub|sld_jtag_hub:\jtag_hub_gen:sld_jtag_hub_inst|jtag_ir_reg[4]                                                          ; altera_reserved_tck ; altera_reserved_tck ; 0.000        ; 0.072      ; 0.913      ;
; 0.649 ; sld_hub:auto_hub|sld_jtag_hub:\jtag_hub_gen:sld_jtag_hub_inst|design_hash_reg[2]                                                   ; sld_hub:auto_hub|sld_jtag_hub:\jtag_hub_gen:sld_jtag_hub_inst|design_hash_reg[1]                                                      ; altera_reserved_tck ; altera_reserved_tck ; 0.000        ; 0.071      ; 0.915      ;
; 0.650 ; sld_hub:auto_hub|sld_jtag_hub:\jtag_hub_gen:sld_jtag_hub_inst|design_hash_reg[3]                                                   ; sld_hub:auto_hub|sld_jtag_hub:\jtag_hub_gen:sld_jtag_hub_inst|design_hash_reg[2]                                                      ; altera_reserved_tck ; altera_reserved_tck ; 0.000        ; 0.071      ; 0.916      ;
; 0.650 ; sld_hub:auto_hub|sld_jtag_hub:\jtag_hub_gen:sld_jtag_hub_inst|design_hash_reg[1]                                                   ; sld_hub:auto_hub|sld_jtag_hub:\jtag_hub_gen:sld_jtag_hub_inst|design_hash_reg[0]                                                      ; altera_reserved_tck ; altera_reserved_tck ; 0.000        ; 0.071      ; 0.916      ;
; 0.655 ; sld_hub:auto_hub|sld_jtag_hub:\jtag_hub_gen:sld_jtag_hub_inst|jtag_ir_reg[6]                                                       ; sld_hub:auto_hub|sld_jtag_hub:\jtag_hub_gen:sld_jtag_hub_inst|jtag_ir_reg[5]                                                          ; altera_reserved_tck ; altera_reserved_tck ; 0.000        ; 0.072      ; 0.922      ;
; 0.659 ; sld_hub:auto_hub|sld_jtag_hub:\jtag_hub_gen:sld_jtag_hub_inst|jtag_ir_reg[1]                                                       ; sld_hub:auto_hub|sld_jtag_hub:\jtag_hub_gen:sld_jtag_hub_inst|jtag_ir_reg[0]                                                          ; altera_reserved_tck ; altera_reserved_tck ; 0.000        ; 0.072      ; 0.926      ;
; 0.666 ; sld_hub:auto_hub|sld_jtag_hub:\jtag_hub_gen:sld_jtag_hub_inst|irf_reg[1][0]                                                        ; rom1:inst2|altsyncram:altsyncram_component|altsyncram_bnb1:auto_generated|sld_mod_ram_rom:mgl_prim2|is_in_use_reg                     ; altera_reserved_tck ; altera_reserved_tck ; 0.000        ; 0.074      ; 0.935      ;
; 0.667 ; sld_hub:auto_hub|sld_jtag_hub:\jtag_hub_gen:sld_jtag_hub_inst|jtag_ir_reg[8]                                                       ; sld_hub:auto_hub|sld_jtag_hub:\jtag_hub_gen:sld_jtag_hub_inst|jtag_ir_reg[7]                                                          ; altera_reserved_tck ; altera_reserved_tck ; 0.000        ; 0.072      ; 0.934      ;
; 0.667 ; sld_hub:auto_hub|sld_jtag_hub:\jtag_hub_gen:sld_jtag_hub_inst|jtag_ir_reg[4]                                                       ; sld_hub:auto_hub|sld_jtag_hub:\jtag_hub_gen:sld_jtag_hub_inst|jtag_ir_reg[3]                                                          ; altera_reserved_tck ; altera_reserved_tck ; 0.000        ; 0.072      ; 0.934      ;
; 0.670 ; sld_hub:auto_hub|sld_jtag_hub:\jtag_hub_gen:sld_jtag_hub_inst|identity_contrib_shift_reg[3]                                        ; sld_hub:auto_hub|sld_jtag_hub:\jtag_hub_gen:sld_jtag_hub_inst|identity_contrib_shift_reg[2]                                           ; altera_reserved_tck ; altera_reserved_tck ; 0.000        ; 0.072      ; 0.937      ;
; 0.675 ; rom1:inst2|altsyncram:altsyncram_component|altsyncram_bnb1:auto_generated|sld_mod_ram_rom:mgl_prim2|ram_rom_addr_reg[2]            ; rom1:inst2|altsyncram:altsyncram_component|altsyncram_bnb1:auto_generated|sld_mod_ram_rom:mgl_prim2|ram_rom_addr_reg[1]               ; altera_reserved_tck ; altera_reserved_tck ; 0.000        ; 0.072      ; 0.942      ;
; 0.675 ; rom1:inst2|altsyncram:altsyncram_component|altsyncram_bnb1:auto_generated|sld_mod_ram_rom:mgl_prim2|ram_rom_addr_reg[4]            ; rom1:inst2|altsyncram:altsyncram_component|altsyncram_bnb1:auto_generated|sld_mod_ram_rom:mgl_prim2|ram_rom_addr_reg[3]               ; altera_reserved_tck ; altera_reserved_tck ; 0.000        ; 0.072      ; 0.942      ;
; 0.676 ; rom1:inst2|altsyncram:altsyncram_component|altsyncram_bnb1:auto_generated|sld_mod_ram_rom:mgl_prim2|ram_rom_addr_reg[7]            ; rom1:inst2|altsyncram:altsyncram_component|altsyncram_bnb1:auto_generated|sld_mod_ram_rom:mgl_prim2|ram_rom_addr_reg[6]               ; altera_reserved_tck ; altera_reserved_tck ; 0.000        ; 0.072      ; 0.943      ;
; 0.691 ; sld_hub:auto_hub|sld_jtag_hub:\jtag_hub_gen:sld_jtag_hub_inst|sld_shadow_jsm:shadow_jsm|tms_cnt[1]                                 ; sld_hub:auto_hub|sld_jtag_hub:\jtag_hub_gen:sld_jtag_hub_inst|sld_shadow_jsm:shadow_jsm|tms_cnt[2]                                    ; altera_reserved_tck ; altera_reserved_tck ; 0.000        ; 0.072      ; 0.958      ;
; 0.698 ; sld_hub:auto_hub|sld_jtag_hub:\jtag_hub_gen:sld_jtag_hub_inst|sld_shadow_jsm:shadow_jsm|state[12]                                  ; sld_hub:auto_hub|sld_jtag_hub:\jtag_hub_gen:sld_jtag_hub_inst|sld_shadow_jsm:shadow_jsm|state[13]                                     ; altera_reserved_tck ; altera_reserved_tck ; 0.000        ; 0.072      ; 0.965      ;
; 0.698 ; sld_hub:auto_hub|sld_jtag_hub:\jtag_hub_gen:sld_jtag_hub_inst|sld_shadow_jsm:shadow_jsm|state[10]                                  ; sld_hub:auto_hub|sld_jtag_hub:\jtag_hub_gen:sld_jtag_hub_inst|sld_shadow_jsm:shadow_jsm|state[12]                                     ; altera_reserved_tck ; altera_reserved_tck ; 0.000        ; 0.072      ; 0.965      ;
; 0.699 ; sld_hub:auto_hub|sld_jtag_hub:\jtag_hub_gen:sld_jtag_hub_inst|sld_shadow_jsm:shadow_jsm|state[1]                                   ; sld_hub:auto_hub|sld_jtag_hub:\jtag_hub_gen:sld_jtag_hub_inst|clr_reg                                                                 ; altera_reserved_tck ; altera_reserved_tck ; 0.000        ; 0.072      ; 0.966      ;
; 0.704 ; sld_hub:auto_hub|sld_jtag_hub:\jtag_hub_gen:sld_jtag_hub_inst|sld_shadow_jsm:shadow_jsm|state[7]                                   ; sld_hub:auto_hub|sld_jtag_hub:\jtag_hub_gen:sld_jtag_hub_inst|reset_ena_reg                                                           ; altera_reserved_tck ; altera_reserved_tck ; 0.000        ; 0.072      ; 0.971      ;
+-------+------------------------------------------------------------------------------------------------------------------------------------+---------------------------------------------------------------------------------------------------------------------------------------+---------------------+---------------------+--------------+------------+------------+


+-------------------------------------------------------------------------------------------------------------------------------------------------------------------------------------------------------------------------------------------------------------------------------------------------------------------------------------+
; Slow 1200mV 0C Model Recovery: 'altera_reserved_tck'                                                                                                                                                                                                                                                                                ;
+--------+--------------------------------------------------------------------------------------------------+------------------------------------------------------------------------------------------------------------------------------------+---------------------+---------------------+--------------+------------+------------+
; Slack  ; From Node                                                                                        ; To Node                                                                                                                            ; Launch Clock        ; Latch Clock         ; Relationship ; Clock Skew ; Data Delay ;
+--------+--------------------------------------------------------------------------------------------------+------------------------------------------------------------------------------------------------------------------------------------+---------------------+---------------------+--------------+------------+------------+
; 47.156 ; sld_hub:auto_hub|sld_jtag_hub:\jtag_hub_gen:sld_jtag_hub_inst|sld_shadow_jsm:shadow_jsm|state[8] ; sld_hub:auto_hub|sld_jtag_hub:\jtag_hub_gen:sld_jtag_hub_inst|tdo                                                                  ; altera_reserved_tck ; altera_reserved_tck ; 50.000       ; 0.356      ; 3.222      ;
; 97.055 ; sld_hub:auto_hub|sld_jtag_hub:\jtag_hub_gen:sld_jtag_hub_inst|irf_reg[1][4]                      ; rom1:inst2|altsyncram:altsyncram_component|altsyncram_bnb1:auto_generated|sld_mod_ram_rom:mgl_prim2|ir_loaded_address_reg[2]       ; altera_reserved_tck ; altera_reserved_tck ; 100.000      ; -0.061     ; 2.906      ;
; 97.055 ; sld_hub:auto_hub|sld_jtag_hub:\jtag_hub_gen:sld_jtag_hub_inst|irf_reg[1][4]                      ; rom1:inst2|altsyncram:altsyncram_component|altsyncram_bnb1:auto_generated|sld_mod_ram_rom:mgl_prim2|ir_loaded_address_reg[1]       ; altera_reserved_tck ; altera_reserved_tck ; 100.000      ; -0.061     ; 2.906      ;
; 97.055 ; sld_hub:auto_hub|sld_jtag_hub:\jtag_hub_gen:sld_jtag_hub_inst|irf_reg[1][4]                      ; rom1:inst2|altsyncram:altsyncram_component|altsyncram_bnb1:auto_generated|sld_mod_ram_rom:mgl_prim2|ir_loaded_address_reg[3]       ; altera_reserved_tck ; altera_reserved_tck ; 100.000      ; -0.061     ; 2.906      ;
; 97.055 ; sld_hub:auto_hub|sld_jtag_hub:\jtag_hub_gen:sld_jtag_hub_inst|irf_reg[1][4]                      ; rom1:inst2|altsyncram:altsyncram_component|altsyncram_bnb1:auto_generated|sld_mod_ram_rom:mgl_prim2|ir_loaded_address_reg[0]       ; altera_reserved_tck ; altera_reserved_tck ; 100.000      ; -0.061     ; 2.906      ;
; 97.295 ; sld_hub:auto_hub|sld_jtag_hub:\jtag_hub_gen:sld_jtag_hub_inst|virtual_ir_scan_reg                ; sld_hub:auto_hub|sld_jtag_hub:\jtag_hub_gen:sld_jtag_hub_inst|hub_mode_reg[2]                                                      ; altera_reserved_tck ; altera_reserved_tck ; 100.000      ; -0.050     ; 2.677      ;
; 97.384 ; sld_hub:auto_hub|sld_jtag_hub:\jtag_hub_gen:sld_jtag_hub_inst|irf_reg[1][0]                      ; rom1:inst2|altsyncram:altsyncram_component|altsyncram_bnb1:auto_generated|sld_mod_ram_rom:mgl_prim2|ir_loaded_address_reg[2]       ; altera_reserved_tck ; altera_reserved_tck ; 100.000      ; -0.061     ; 2.577      ;
; 97.384 ; sld_hub:auto_hub|sld_jtag_hub:\jtag_hub_gen:sld_jtag_hub_inst|irf_reg[1][0]                      ; rom1:inst2|altsyncram:altsyncram_component|altsyncram_bnb1:auto_generated|sld_mod_ram_rom:mgl_prim2|ir_loaded_address_reg[1]       ; altera_reserved_tck ; altera_reserved_tck ; 100.000      ; -0.061     ; 2.577      ;
; 97.384 ; sld_hub:auto_hub|sld_jtag_hub:\jtag_hub_gen:sld_jtag_hub_inst|irf_reg[1][0]                      ; rom1:inst2|altsyncram:altsyncram_component|altsyncram_bnb1:auto_generated|sld_mod_ram_rom:mgl_prim2|ir_loaded_address_reg[3]       ; altera_reserved_tck ; altera_reserved_tck ; 100.000      ; -0.061     ; 2.577      ;
; 97.384 ; sld_hub:auto_hub|sld_jtag_hub:\jtag_hub_gen:sld_jtag_hub_inst|irf_reg[1][0]                      ; rom1:inst2|altsyncram:altsyncram_component|altsyncram_bnb1:auto_generated|sld_mod_ram_rom:mgl_prim2|ir_loaded_address_reg[0]       ; altera_reserved_tck ; altera_reserved_tck ; 100.000      ; -0.061     ; 2.577      ;
; 97.600 ; sld_hub:auto_hub|sld_jtag_hub:\jtag_hub_gen:sld_jtag_hub_inst|clr_reg                            ; rom1:inst2|altsyncram:altsyncram_component|altsyncram_bnb1:auto_generated|sld_mod_ram_rom:mgl_prim2|bypass_reg_out                 ; altera_reserved_tck ; altera_reserved_tck ; 100.000      ; -0.061     ; 2.361      ;
; 97.643 ; sld_hub:auto_hub|sld_jtag_hub:\jtag_hub_gen:sld_jtag_hub_inst|clr_reg                            ; sld_hub:auto_hub|sld_jtag_hub:\jtag_hub_gen:sld_jtag_hub_inst|irf_reg[1][0]                                                        ; altera_reserved_tck ; altera_reserved_tck ; 100.000      ; -0.061     ; 2.318      ;
; 97.643 ; sld_hub:auto_hub|sld_jtag_hub:\jtag_hub_gen:sld_jtag_hub_inst|clr_reg                            ; sld_hub:auto_hub|sld_jtag_hub:\jtag_hub_gen:sld_jtag_hub_inst|irf_reg[1][1]                                                        ; altera_reserved_tck ; altera_reserved_tck ; 100.000      ; -0.061     ; 2.318      ;
; 97.643 ; sld_hub:auto_hub|sld_jtag_hub:\jtag_hub_gen:sld_jtag_hub_inst|clr_reg                            ; sld_hub:auto_hub|sld_jtag_hub:\jtag_hub_gen:sld_jtag_hub_inst|irf_reg[1][2]                                                        ; altera_reserved_tck ; altera_reserved_tck ; 100.000      ; -0.061     ; 2.318      ;
; 97.643 ; sld_hub:auto_hub|sld_jtag_hub:\jtag_hub_gen:sld_jtag_hub_inst|clr_reg                            ; sld_hub:auto_hub|sld_jtag_hub:\jtag_hub_gen:sld_jtag_hub_inst|irf_reg[1][4]                                                        ; altera_reserved_tck ; altera_reserved_tck ; 100.000      ; -0.061     ; 2.318      ;
; 97.643 ; sld_hub:auto_hub|sld_jtag_hub:\jtag_hub_gen:sld_jtag_hub_inst|clr_reg                            ; sld_hub:auto_hub|sld_jtag_hub:\jtag_hub_gen:sld_jtag_hub_inst|irf_reg[1][3]                                                        ; altera_reserved_tck ; altera_reserved_tck ; 100.000      ; -0.061     ; 2.318      ;
; 97.660 ; sld_hub:auto_hub|sld_jtag_hub:\jtag_hub_gen:sld_jtag_hub_inst|clr_reg                            ; rom1:inst2|altsyncram:altsyncram_component|altsyncram_bnb1:auto_generated|sld_mod_ram_rom:mgl_prim2|is_in_use_reg                  ; altera_reserved_tck ; altera_reserved_tck ; 100.000      ; -0.059     ; 2.303      ;
; 97.676 ; sld_hub:auto_hub|sld_jtag_hub:\jtag_hub_gen:sld_jtag_hub_inst|clr_reg                            ; sld_hub:auto_hub|sld_jtag_hub:\jtag_hub_gen:sld_jtag_hub_inst|hub_mode_reg[0]                                                      ; altera_reserved_tck ; altera_reserved_tck ; 100.000      ; -0.047     ; 2.299      ;
; 97.676 ; sld_hub:auto_hub|sld_jtag_hub:\jtag_hub_gen:sld_jtag_hub_inst|clr_reg                            ; sld_hub:auto_hub|sld_jtag_hub:\jtag_hub_gen:sld_jtag_hub_inst|irsr_reg[3]                                                          ; altera_reserved_tck ; altera_reserved_tck ; 100.000      ; -0.047     ; 2.299      ;
; 97.676 ; sld_hub:auto_hub|sld_jtag_hub:\jtag_hub_gen:sld_jtag_hub_inst|clr_reg                            ; sld_hub:auto_hub|sld_jtag_hub:\jtag_hub_gen:sld_jtag_hub_inst|hub_mode_reg[1]                                                      ; altera_reserved_tck ; altera_reserved_tck ; 100.000      ; -0.047     ; 2.299      ;
; 97.692 ; sld_hub:auto_hub|sld_jtag_hub:\jtag_hub_gen:sld_jtag_hub_inst|irf_reg[1][3]                      ; rom1:inst2|altsyncram:altsyncram_component|altsyncram_bnb1:auto_generated|sld_mod_ram_rom:mgl_prim2|ram_rom_data_shift_cntr_reg[1] ; altera_reserved_tck ; altera_reserved_tck ; 100.000      ; -0.055     ; 2.275      ;
; 97.692 ; sld_hub:auto_hub|sld_jtag_hub:\jtag_hub_gen:sld_jtag_hub_inst|irf_reg[1][3]                      ; rom1:inst2|altsyncram:altsyncram_component|altsyncram_bnb1:auto_generated|sld_mod_ram_rom:mgl_prim2|ram_rom_data_shift_cntr_reg[0] ; altera_reserved_tck ; altera_reserved_tck ; 100.000      ; -0.055     ; 2.275      ;
; 97.692 ; sld_hub:auto_hub|sld_jtag_hub:\jtag_hub_gen:sld_jtag_hub_inst|irf_reg[1][3]                      ; rom1:inst2|altsyncram:altsyncram_component|altsyncram_bnb1:auto_generated|sld_mod_ram_rom:mgl_prim2|ram_rom_data_shift_cntr_reg[2] ; altera_reserved_tck ; altera_reserved_tck ; 100.000      ; -0.055     ; 2.275      ;
; 97.692 ; sld_hub:auto_hub|sld_jtag_hub:\jtag_hub_gen:sld_jtag_hub_inst|irf_reg[1][3]                      ; rom1:inst2|altsyncram:altsyncram_component|altsyncram_bnb1:auto_generated|sld_mod_ram_rom:mgl_prim2|ram_rom_data_shift_cntr_reg[3] ; altera_reserved_tck ; altera_reserved_tck ; 100.000      ; -0.055     ; 2.275      ;
; 97.692 ; sld_hub:auto_hub|sld_jtag_hub:\jtag_hub_gen:sld_jtag_hub_inst|irf_reg[1][3]                      ; rom1:inst2|altsyncram:altsyncram_component|altsyncram_bnb1:auto_generated|sld_mod_ram_rom:mgl_prim2|ram_rom_data_shift_cntr_reg[4] ; altera_reserved_tck ; altera_reserved_tck ; 100.000      ; -0.055     ; 2.275      ;
; 97.924 ; sld_hub:auto_hub|sld_jtag_hub:\jtag_hub_gen:sld_jtag_hub_inst|sld_shadow_jsm:shadow_jsm|state[0] ; sld_hub:auto_hub|sld_jtag_hub:\jtag_hub_gen:sld_jtag_hub_inst|jtag_ir_reg[9]                                                       ; altera_reserved_tck ; altera_reserved_tck ; 100.000      ; -0.072     ; 2.026      ;
; 97.924 ; sld_hub:auto_hub|sld_jtag_hub:\jtag_hub_gen:sld_jtag_hub_inst|sld_shadow_jsm:shadow_jsm|state[0] ; sld_hub:auto_hub|sld_jtag_hub:\jtag_hub_gen:sld_jtag_hub_inst|jtag_ir_reg[8]                                                       ; altera_reserved_tck ; altera_reserved_tck ; 100.000      ; -0.072     ; 2.026      ;
; 97.924 ; sld_hub:auto_hub|sld_jtag_hub:\jtag_hub_gen:sld_jtag_hub_inst|sld_shadow_jsm:shadow_jsm|state[0] ; sld_hub:auto_hub|sld_jtag_hub:\jtag_hub_gen:sld_jtag_hub_inst|jtag_ir_reg[7]                                                       ; altera_reserved_tck ; altera_reserved_tck ; 100.000      ; -0.072     ; 2.026      ;
; 97.924 ; sld_hub:auto_hub|sld_jtag_hub:\jtag_hub_gen:sld_jtag_hub_inst|sld_shadow_jsm:shadow_jsm|state[0] ; sld_hub:auto_hub|sld_jtag_hub:\jtag_hub_gen:sld_jtag_hub_inst|jtag_ir_reg[6]                                                       ; altera_reserved_tck ; altera_reserved_tck ; 100.000      ; -0.072     ; 2.026      ;
; 97.924 ; sld_hub:auto_hub|sld_jtag_hub:\jtag_hub_gen:sld_jtag_hub_inst|sld_shadow_jsm:shadow_jsm|state[0] ; sld_hub:auto_hub|sld_jtag_hub:\jtag_hub_gen:sld_jtag_hub_inst|jtag_ir_reg[5]                                                       ; altera_reserved_tck ; altera_reserved_tck ; 100.000      ; -0.072     ; 2.026      ;
; 97.924 ; sld_hub:auto_hub|sld_jtag_hub:\jtag_hub_gen:sld_jtag_hub_inst|sld_shadow_jsm:shadow_jsm|state[0] ; sld_hub:auto_hub|sld_jtag_hub:\jtag_hub_gen:sld_jtag_hub_inst|jtag_ir_reg[4]                                                       ; altera_reserved_tck ; altera_reserved_tck ; 100.000      ; -0.072     ; 2.026      ;
; 97.924 ; sld_hub:auto_hub|sld_jtag_hub:\jtag_hub_gen:sld_jtag_hub_inst|sld_shadow_jsm:shadow_jsm|state[0] ; sld_hub:auto_hub|sld_jtag_hub:\jtag_hub_gen:sld_jtag_hub_inst|jtag_ir_reg[3]                                                       ; altera_reserved_tck ; altera_reserved_tck ; 100.000      ; -0.072     ; 2.026      ;
; 97.924 ; sld_hub:auto_hub|sld_jtag_hub:\jtag_hub_gen:sld_jtag_hub_inst|sld_shadow_jsm:shadow_jsm|state[0] ; sld_hub:auto_hub|sld_jtag_hub:\jtag_hub_gen:sld_jtag_hub_inst|jtag_ir_reg[2]                                                       ; altera_reserved_tck ; altera_reserved_tck ; 100.000      ; -0.072     ; 2.026      ;
; 97.924 ; sld_hub:auto_hub|sld_jtag_hub:\jtag_hub_gen:sld_jtag_hub_inst|sld_shadow_jsm:shadow_jsm|state[0] ; sld_hub:auto_hub|sld_jtag_hub:\jtag_hub_gen:sld_jtag_hub_inst|jtag_ir_reg[1]                                                       ; altera_reserved_tck ; altera_reserved_tck ; 100.000      ; -0.072     ; 2.026      ;
; 97.924 ; sld_hub:auto_hub|sld_jtag_hub:\jtag_hub_gen:sld_jtag_hub_inst|sld_shadow_jsm:shadow_jsm|state[0] ; sld_hub:auto_hub|sld_jtag_hub:\jtag_hub_gen:sld_jtag_hub_inst|jtag_ir_reg[0]                                                       ; altera_reserved_tck ; altera_reserved_tck ; 100.000      ; -0.072     ; 2.026      ;
; 97.924 ; sld_hub:auto_hub|sld_jtag_hub:\jtag_hub_gen:sld_jtag_hub_inst|sld_shadow_jsm:shadow_jsm|state[0] ; sld_hub:auto_hub|sld_jtag_hub:\jtag_hub_gen:sld_jtag_hub_inst|virtual_dr_scan_reg                                                  ; altera_reserved_tck ; altera_reserved_tck ; 100.000      ; -0.072     ; 2.026      ;
; 97.924 ; sld_hub:auto_hub|sld_jtag_hub:\jtag_hub_gen:sld_jtag_hub_inst|sld_shadow_jsm:shadow_jsm|state[0] ; sld_hub:auto_hub|sld_jtag_hub:\jtag_hub_gen:sld_jtag_hub_inst|virtual_ir_scan_reg                                                  ; altera_reserved_tck ; altera_reserved_tck ; 100.000      ; -0.072     ; 2.026      ;
; 97.974 ; sld_hub:auto_hub|sld_jtag_hub:\jtag_hub_gen:sld_jtag_hub_inst|clr_reg                            ; sld_hub:auto_hub|sld_jtag_hub:\jtag_hub_gen:sld_jtag_hub_inst|node_ena[1]~reg0                                                     ; altera_reserved_tck ; altera_reserved_tck ; 100.000      ; -0.070     ; 1.978      ;
; 98.043 ; sld_hub:auto_hub|sld_jtag_hub:\jtag_hub_gen:sld_jtag_hub_inst|clr_reg                            ; sld_hub:auto_hub|sld_jtag_hub:\jtag_hub_gen:sld_jtag_hub_inst|irsr_reg[2]                                                          ; altera_reserved_tck ; altera_reserved_tck ; 100.000      ; -0.050     ; 1.929      ;
; 98.043 ; sld_hub:auto_hub|sld_jtag_hub:\jtag_hub_gen:sld_jtag_hub_inst|clr_reg                            ; sld_hub:auto_hub|sld_jtag_hub:\jtag_hub_gen:sld_jtag_hub_inst|irsr_reg[4]                                                          ; altera_reserved_tck ; altera_reserved_tck ; 100.000      ; -0.050     ; 1.929      ;
; 98.043 ; sld_hub:auto_hub|sld_jtag_hub:\jtag_hub_gen:sld_jtag_hub_inst|clr_reg                            ; sld_hub:auto_hub|sld_jtag_hub:\jtag_hub_gen:sld_jtag_hub_inst|irsr_reg[0]                                                          ; altera_reserved_tck ; altera_reserved_tck ; 100.000      ; -0.050     ; 1.929      ;
; 98.043 ; sld_hub:auto_hub|sld_jtag_hub:\jtag_hub_gen:sld_jtag_hub_inst|clr_reg                            ; sld_hub:auto_hub|sld_jtag_hub:\jtag_hub_gen:sld_jtag_hub_inst|irsr_reg[5]                                                          ; altera_reserved_tck ; altera_reserved_tck ; 100.000      ; -0.050     ; 1.929      ;
; 98.043 ; sld_hub:auto_hub|sld_jtag_hub:\jtag_hub_gen:sld_jtag_hub_inst|clr_reg                            ; sld_hub:auto_hub|sld_jtag_hub:\jtag_hub_gen:sld_jtag_hub_inst|irsr_reg[1]                                                          ; altera_reserved_tck ; altera_reserved_tck ; 100.000      ; -0.050     ; 1.929      ;
; 98.360 ; sld_hub:auto_hub|sld_jtag_hub:\jtag_hub_gen:sld_jtag_hub_inst|irf_reg[1][0]                      ; rom1:inst2|altsyncram:altsyncram_component|altsyncram_bnb1:auto_generated|sld_mod_ram_rom:mgl_prim2|ram_rom_addr_reg[1]            ; altera_reserved_tck ; altera_reserved_tck ; 100.000      ; -0.071     ; 1.591      ;
; 98.360 ; sld_hub:auto_hub|sld_jtag_hub:\jtag_hub_gen:sld_jtag_hub_inst|irf_reg[1][0]                      ; rom1:inst2|altsyncram:altsyncram_component|altsyncram_bnb1:auto_generated|sld_mod_ram_rom:mgl_prim2|ram_rom_addr_reg[0]            ; altera_reserved_tck ; altera_reserved_tck ; 100.000      ; -0.071     ; 1.591      ;
; 98.360 ; sld_hub:auto_hub|sld_jtag_hub:\jtag_hub_gen:sld_jtag_hub_inst|irf_reg[1][0]                      ; rom1:inst2|altsyncram:altsyncram_component|altsyncram_bnb1:auto_generated|sld_mod_ram_rom:mgl_prim2|ram_rom_addr_reg[2]            ; altera_reserved_tck ; altera_reserved_tck ; 100.000      ; -0.071     ; 1.591      ;
; 98.360 ; sld_hub:auto_hub|sld_jtag_hub:\jtag_hub_gen:sld_jtag_hub_inst|irf_reg[1][0]                      ; rom1:inst2|altsyncram:altsyncram_component|altsyncram_bnb1:auto_generated|sld_mod_ram_rom:mgl_prim2|ram_rom_addr_reg[7]            ; altera_reserved_tck ; altera_reserved_tck ; 100.000      ; -0.071     ; 1.591      ;
; 98.360 ; sld_hub:auto_hub|sld_jtag_hub:\jtag_hub_gen:sld_jtag_hub_inst|irf_reg[1][0]                      ; rom1:inst2|altsyncram:altsyncram_component|altsyncram_bnb1:auto_generated|sld_mod_ram_rom:mgl_prim2|ram_rom_addr_reg[6]            ; altera_reserved_tck ; altera_reserved_tck ; 100.000      ; -0.071     ; 1.591      ;
; 98.360 ; sld_hub:auto_hub|sld_jtag_hub:\jtag_hub_gen:sld_jtag_hub_inst|irf_reg[1][0]                      ; rom1:inst2|altsyncram:altsyncram_component|altsyncram_bnb1:auto_generated|sld_mod_ram_rom:mgl_prim2|ram_rom_addr_reg[5]            ; altera_reserved_tck ; altera_reserved_tck ; 100.000      ; -0.071     ; 1.591      ;
; 98.360 ; sld_hub:auto_hub|sld_jtag_hub:\jtag_hub_gen:sld_jtag_hub_inst|irf_reg[1][0]                      ; rom1:inst2|altsyncram:altsyncram_component|altsyncram_bnb1:auto_generated|sld_mod_ram_rom:mgl_prim2|ram_rom_addr_reg[4]            ; altera_reserved_tck ; altera_reserved_tck ; 100.000      ; -0.071     ; 1.591      ;
; 98.360 ; sld_hub:auto_hub|sld_jtag_hub:\jtag_hub_gen:sld_jtag_hub_inst|irf_reg[1][0]                      ; rom1:inst2|altsyncram:altsyncram_component|altsyncram_bnb1:auto_generated|sld_mod_ram_rom:mgl_prim2|ram_rom_addr_reg[3]            ; altera_reserved_tck ; altera_reserved_tck ; 100.000      ; -0.071     ; 1.591      ;
+--------+--------------------------------------------------------------------------------------------------+------------------------------------------------------------------------------------------------------------------------------------+---------------------+---------------------+--------------+------------+------------+


+-------------------------------------------------------------------------------------------------------------------------------------------------------------------------------------------------------------------------------------------------------------------------------------------------------------------------------------+
; Slow 1200mV 0C Model Removal: 'altera_reserved_tck'                                                                                                                                                                                                                                                                                 ;
+--------+--------------------------------------------------------------------------------------------------+------------------------------------------------------------------------------------------------------------------------------------+---------------------+---------------------+--------------+------------+------------+
; Slack  ; From Node                                                                                        ; To Node                                                                                                                            ; Launch Clock        ; Latch Clock         ; Relationship ; Clock Skew ; Data Delay ;
+--------+--------------------------------------------------------------------------------------------------+------------------------------------------------------------------------------------------------------------------------------------+---------------------+---------------------+--------------+------------+------------+
; 1.258  ; sld_hub:auto_hub|sld_jtag_hub:\jtag_hub_gen:sld_jtag_hub_inst|irf_reg[1][0]                      ; rom1:inst2|altsyncram:altsyncram_component|altsyncram_bnb1:auto_generated|sld_mod_ram_rom:mgl_prim2|ram_rom_addr_reg[1]            ; altera_reserved_tck ; altera_reserved_tck ; 0.000        ; 0.074      ; 1.527      ;
; 1.258  ; sld_hub:auto_hub|sld_jtag_hub:\jtag_hub_gen:sld_jtag_hub_inst|irf_reg[1][0]                      ; rom1:inst2|altsyncram:altsyncram_component|altsyncram_bnb1:auto_generated|sld_mod_ram_rom:mgl_prim2|ram_rom_addr_reg[0]            ; altera_reserved_tck ; altera_reserved_tck ; 0.000        ; 0.074      ; 1.527      ;
; 1.258  ; sld_hub:auto_hub|sld_jtag_hub:\jtag_hub_gen:sld_jtag_hub_inst|irf_reg[1][0]                      ; rom1:inst2|altsyncram:altsyncram_component|altsyncram_bnb1:auto_generated|sld_mod_ram_rom:mgl_prim2|ram_rom_addr_reg[2]            ; altera_reserved_tck ; altera_reserved_tck ; 0.000        ; 0.074      ; 1.527      ;
; 1.258  ; sld_hub:auto_hub|sld_jtag_hub:\jtag_hub_gen:sld_jtag_hub_inst|irf_reg[1][0]                      ; rom1:inst2|altsyncram:altsyncram_component|altsyncram_bnb1:auto_generated|sld_mod_ram_rom:mgl_prim2|ram_rom_addr_reg[7]            ; altera_reserved_tck ; altera_reserved_tck ; 0.000        ; 0.074      ; 1.527      ;
; 1.258  ; sld_hub:auto_hub|sld_jtag_hub:\jtag_hub_gen:sld_jtag_hub_inst|irf_reg[1][0]                      ; rom1:inst2|altsyncram:altsyncram_component|altsyncram_bnb1:auto_generated|sld_mod_ram_rom:mgl_prim2|ram_rom_addr_reg[6]            ; altera_reserved_tck ; altera_reserved_tck ; 0.000        ; 0.074      ; 1.527      ;
; 1.258  ; sld_hub:auto_hub|sld_jtag_hub:\jtag_hub_gen:sld_jtag_hub_inst|irf_reg[1][0]                      ; rom1:inst2|altsyncram:altsyncram_component|altsyncram_bnb1:auto_generated|sld_mod_ram_rom:mgl_prim2|ram_rom_addr_reg[5]            ; altera_reserved_tck ; altera_reserved_tck ; 0.000        ; 0.074      ; 1.527      ;
; 1.258  ; sld_hub:auto_hub|sld_jtag_hub:\jtag_hub_gen:sld_jtag_hub_inst|irf_reg[1][0]                      ; rom1:inst2|altsyncram:altsyncram_component|altsyncram_bnb1:auto_generated|sld_mod_ram_rom:mgl_prim2|ram_rom_addr_reg[4]            ; altera_reserved_tck ; altera_reserved_tck ; 0.000        ; 0.074      ; 1.527      ;
; 1.258  ; sld_hub:auto_hub|sld_jtag_hub:\jtag_hub_gen:sld_jtag_hub_inst|irf_reg[1][0]                      ; rom1:inst2|altsyncram:altsyncram_component|altsyncram_bnb1:auto_generated|sld_mod_ram_rom:mgl_prim2|ram_rom_addr_reg[3]            ; altera_reserved_tck ; altera_reserved_tck ; 0.000        ; 0.074      ; 1.527      ;
; 1.530  ; sld_hub:auto_hub|sld_jtag_hub:\jtag_hub_gen:sld_jtag_hub_inst|clr_reg                            ; sld_hub:auto_hub|sld_jtag_hub:\jtag_hub_gen:sld_jtag_hub_inst|irsr_reg[2]                                                          ; altera_reserved_tck ; altera_reserved_tck ; 0.000        ; 0.094      ; 1.819      ;
; 1.530  ; sld_hub:auto_hub|sld_jtag_hub:\jtag_hub_gen:sld_jtag_hub_inst|clr_reg                            ; sld_hub:auto_hub|sld_jtag_hub:\jtag_hub_gen:sld_jtag_hub_inst|irsr_reg[4]                                                          ; altera_reserved_tck ; altera_reserved_tck ; 0.000        ; 0.094      ; 1.819      ;
; 1.530  ; sld_hub:auto_hub|sld_jtag_hub:\jtag_hub_gen:sld_jtag_hub_inst|clr_reg                            ; sld_hub:auto_hub|sld_jtag_hub:\jtag_hub_gen:sld_jtag_hub_inst|irsr_reg[0]                                                          ; altera_reserved_tck ; altera_reserved_tck ; 0.000        ; 0.094      ; 1.819      ;
; 1.530  ; sld_hub:auto_hub|sld_jtag_hub:\jtag_hub_gen:sld_jtag_hub_inst|clr_reg                            ; sld_hub:auto_hub|sld_jtag_hub:\jtag_hub_gen:sld_jtag_hub_inst|irsr_reg[5]                                                          ; altera_reserved_tck ; altera_reserved_tck ; 0.000        ; 0.094      ; 1.819      ;
; 1.530  ; sld_hub:auto_hub|sld_jtag_hub:\jtag_hub_gen:sld_jtag_hub_inst|clr_reg                            ; sld_hub:auto_hub|sld_jtag_hub:\jtag_hub_gen:sld_jtag_hub_inst|irsr_reg[1]                                                          ; altera_reserved_tck ; altera_reserved_tck ; 0.000        ; 0.094      ; 1.819      ;
; 1.538  ; sld_hub:auto_hub|sld_jtag_hub:\jtag_hub_gen:sld_jtag_hub_inst|sld_shadow_jsm:shadow_jsm|state[0] ; sld_hub:auto_hub|sld_jtag_hub:\jtag_hub_gen:sld_jtag_hub_inst|jtag_ir_reg[9]                                                       ; altera_reserved_tck ; altera_reserved_tck ; 0.000        ; 0.072      ; 1.805      ;
; 1.538  ; sld_hub:auto_hub|sld_jtag_hub:\jtag_hub_gen:sld_jtag_hub_inst|sld_shadow_jsm:shadow_jsm|state[0] ; sld_hub:auto_hub|sld_jtag_hub:\jtag_hub_gen:sld_jtag_hub_inst|jtag_ir_reg[8]                                                       ; altera_reserved_tck ; altera_reserved_tck ; 0.000        ; 0.072      ; 1.805      ;
; 1.538  ; sld_hub:auto_hub|sld_jtag_hub:\jtag_hub_gen:sld_jtag_hub_inst|sld_shadow_jsm:shadow_jsm|state[0] ; sld_hub:auto_hub|sld_jtag_hub:\jtag_hub_gen:sld_jtag_hub_inst|jtag_ir_reg[7]                                                       ; altera_reserved_tck ; altera_reserved_tck ; 0.000        ; 0.072      ; 1.805      ;
; 1.538  ; sld_hub:auto_hub|sld_jtag_hub:\jtag_hub_gen:sld_jtag_hub_inst|sld_shadow_jsm:shadow_jsm|state[0] ; sld_hub:auto_hub|sld_jtag_hub:\jtag_hub_gen:sld_jtag_hub_inst|jtag_ir_reg[6]                                                       ; altera_reserved_tck ; altera_reserved_tck ; 0.000        ; 0.072      ; 1.805      ;
; 1.538  ; sld_hub:auto_hub|sld_jtag_hub:\jtag_hub_gen:sld_jtag_hub_inst|sld_shadow_jsm:shadow_jsm|state[0] ; sld_hub:auto_hub|sld_jtag_hub:\jtag_hub_gen:sld_jtag_hub_inst|jtag_ir_reg[5]                                                       ; altera_reserved_tck ; altera_reserved_tck ; 0.000        ; 0.072      ; 1.805      ;
; 1.538  ; sld_hub:auto_hub|sld_jtag_hub:\jtag_hub_gen:sld_jtag_hub_inst|sld_shadow_jsm:shadow_jsm|state[0] ; sld_hub:auto_hub|sld_jtag_hub:\jtag_hub_gen:sld_jtag_hub_inst|jtag_ir_reg[4]                                                       ; altera_reserved_tck ; altera_reserved_tck ; 0.000        ; 0.072      ; 1.805      ;
; 1.538  ; sld_hub:auto_hub|sld_jtag_hub:\jtag_hub_gen:sld_jtag_hub_inst|sld_shadow_jsm:shadow_jsm|state[0] ; sld_hub:auto_hub|sld_jtag_hub:\jtag_hub_gen:sld_jtag_hub_inst|jtag_ir_reg[3]                                                       ; altera_reserved_tck ; altera_reserved_tck ; 0.000        ; 0.072      ; 1.805      ;
; 1.538  ; sld_hub:auto_hub|sld_jtag_hub:\jtag_hub_gen:sld_jtag_hub_inst|sld_shadow_jsm:shadow_jsm|state[0] ; sld_hub:auto_hub|sld_jtag_hub:\jtag_hub_gen:sld_jtag_hub_inst|jtag_ir_reg[2]                                                       ; altera_reserved_tck ; altera_reserved_tck ; 0.000        ; 0.072      ; 1.805      ;
; 1.538  ; sld_hub:auto_hub|sld_jtag_hub:\jtag_hub_gen:sld_jtag_hub_inst|sld_shadow_jsm:shadow_jsm|state[0] ; sld_hub:auto_hub|sld_jtag_hub:\jtag_hub_gen:sld_jtag_hub_inst|jtag_ir_reg[1]                                                       ; altera_reserved_tck ; altera_reserved_tck ; 0.000        ; 0.072      ; 1.805      ;
; 1.538  ; sld_hub:auto_hub|sld_jtag_hub:\jtag_hub_gen:sld_jtag_hub_inst|sld_shadow_jsm:shadow_jsm|state[0] ; sld_hub:auto_hub|sld_jtag_hub:\jtag_hub_gen:sld_jtag_hub_inst|jtag_ir_reg[0]                                                       ; altera_reserved_tck ; altera_reserved_tck ; 0.000        ; 0.072      ; 1.805      ;
; 1.538  ; sld_hub:auto_hub|sld_jtag_hub:\jtag_hub_gen:sld_jtag_hub_inst|sld_shadow_jsm:shadow_jsm|state[0] ; sld_hub:auto_hub|sld_jtag_hub:\jtag_hub_gen:sld_jtag_hub_inst|virtual_dr_scan_reg                                                  ; altera_reserved_tck ; altera_reserved_tck ; 0.000        ; 0.072      ; 1.805      ;
; 1.538  ; sld_hub:auto_hub|sld_jtag_hub:\jtag_hub_gen:sld_jtag_hub_inst|sld_shadow_jsm:shadow_jsm|state[0] ; sld_hub:auto_hub|sld_jtag_hub:\jtag_hub_gen:sld_jtag_hub_inst|virtual_ir_scan_reg                                                  ; altera_reserved_tck ; altera_reserved_tck ; 0.000        ; 0.072      ; 1.805      ;
; 1.569  ; sld_hub:auto_hub|sld_jtag_hub:\jtag_hub_gen:sld_jtag_hub_inst|clr_reg                            ; sld_hub:auto_hub|sld_jtag_hub:\jtag_hub_gen:sld_jtag_hub_inst|node_ena[1]~reg0                                                     ; altera_reserved_tck ; altera_reserved_tck ; 0.000        ; 0.074      ; 1.838      ;
; 1.783  ; sld_hub:auto_hub|sld_jtag_hub:\jtag_hub_gen:sld_jtag_hub_inst|irf_reg[1][3]                      ; rom1:inst2|altsyncram:altsyncram_component|altsyncram_bnb1:auto_generated|sld_mod_ram_rom:mgl_prim2|ram_rom_data_shift_cntr_reg[1] ; altera_reserved_tck ; altera_reserved_tck ; 0.000        ; 0.091      ; 2.069      ;
; 1.783  ; sld_hub:auto_hub|sld_jtag_hub:\jtag_hub_gen:sld_jtag_hub_inst|irf_reg[1][3]                      ; rom1:inst2|altsyncram:altsyncram_component|altsyncram_bnb1:auto_generated|sld_mod_ram_rom:mgl_prim2|ram_rom_data_shift_cntr_reg[0] ; altera_reserved_tck ; altera_reserved_tck ; 0.000        ; 0.091      ; 2.069      ;
; 1.783  ; sld_hub:auto_hub|sld_jtag_hub:\jtag_hub_gen:sld_jtag_hub_inst|irf_reg[1][3]                      ; rom1:inst2|altsyncram:altsyncram_component|altsyncram_bnb1:auto_generated|sld_mod_ram_rom:mgl_prim2|ram_rom_data_shift_cntr_reg[2] ; altera_reserved_tck ; altera_reserved_tck ; 0.000        ; 0.091      ; 2.069      ;
; 1.783  ; sld_hub:auto_hub|sld_jtag_hub:\jtag_hub_gen:sld_jtag_hub_inst|irf_reg[1][3]                      ; rom1:inst2|altsyncram:altsyncram_component|altsyncram_bnb1:auto_generated|sld_mod_ram_rom:mgl_prim2|ram_rom_data_shift_cntr_reg[3] ; altera_reserved_tck ; altera_reserved_tck ; 0.000        ; 0.091      ; 2.069      ;
; 1.783  ; sld_hub:auto_hub|sld_jtag_hub:\jtag_hub_gen:sld_jtag_hub_inst|irf_reg[1][3]                      ; rom1:inst2|altsyncram:altsyncram_component|altsyncram_bnb1:auto_generated|sld_mod_ram_rom:mgl_prim2|ram_rom_data_shift_cntr_reg[4] ; altera_reserved_tck ; altera_reserved_tck ; 0.000        ; 0.091      ; 2.069      ;
; 1.825  ; sld_hub:auto_hub|sld_jtag_hub:\jtag_hub_gen:sld_jtag_hub_inst|clr_reg                            ; sld_hub:auto_hub|sld_jtag_hub:\jtag_hub_gen:sld_jtag_hub_inst|hub_mode_reg[0]                                                      ; altera_reserved_tck ; altera_reserved_tck ; 0.000        ; 0.098      ; 2.118      ;
; 1.825  ; sld_hub:auto_hub|sld_jtag_hub:\jtag_hub_gen:sld_jtag_hub_inst|clr_reg                            ; sld_hub:auto_hub|sld_jtag_hub:\jtag_hub_gen:sld_jtag_hub_inst|irsr_reg[3]                                                          ; altera_reserved_tck ; altera_reserved_tck ; 0.000        ; 0.098      ; 2.118      ;
; 1.825  ; sld_hub:auto_hub|sld_jtag_hub:\jtag_hub_gen:sld_jtag_hub_inst|clr_reg                            ; sld_hub:auto_hub|sld_jtag_hub:\jtag_hub_gen:sld_jtag_hub_inst|hub_mode_reg[1]                                                      ; altera_reserved_tck ; altera_reserved_tck ; 0.000        ; 0.098      ; 2.118      ;
; 1.843  ; sld_hub:auto_hub|sld_jtag_hub:\jtag_hub_gen:sld_jtag_hub_inst|clr_reg                            ; rom1:inst2|altsyncram:altsyncram_component|altsyncram_bnb1:auto_generated|sld_mod_ram_rom:mgl_prim2|is_in_use_reg                  ; altera_reserved_tck ; altera_reserved_tck ; 0.000        ; 0.085      ; 2.123      ;
; 1.847  ; sld_hub:auto_hub|sld_jtag_hub:\jtag_hub_gen:sld_jtag_hub_inst|clr_reg                            ; sld_hub:auto_hub|sld_jtag_hub:\jtag_hub_gen:sld_jtag_hub_inst|irf_reg[1][0]                                                        ; altera_reserved_tck ; altera_reserved_tck ; 0.000        ; 0.084      ; 2.126      ;
; 1.847  ; sld_hub:auto_hub|sld_jtag_hub:\jtag_hub_gen:sld_jtag_hub_inst|clr_reg                            ; sld_hub:auto_hub|sld_jtag_hub:\jtag_hub_gen:sld_jtag_hub_inst|irf_reg[1][1]                                                        ; altera_reserved_tck ; altera_reserved_tck ; 0.000        ; 0.084      ; 2.126      ;
; 1.847  ; sld_hub:auto_hub|sld_jtag_hub:\jtag_hub_gen:sld_jtag_hub_inst|clr_reg                            ; sld_hub:auto_hub|sld_jtag_hub:\jtag_hub_gen:sld_jtag_hub_inst|irf_reg[1][2]                                                        ; altera_reserved_tck ; altera_reserved_tck ; 0.000        ; 0.084      ; 2.126      ;
; 1.847  ; sld_hub:auto_hub|sld_jtag_hub:\jtag_hub_gen:sld_jtag_hub_inst|clr_reg                            ; sld_hub:auto_hub|sld_jtag_hub:\jtag_hub_gen:sld_jtag_hub_inst|irf_reg[1][4]                                                        ; altera_reserved_tck ; altera_reserved_tck ; 0.000        ; 0.084      ; 2.126      ;
; 1.847  ; sld_hub:auto_hub|sld_jtag_hub:\jtag_hub_gen:sld_jtag_hub_inst|clr_reg                            ; sld_hub:auto_hub|sld_jtag_hub:\jtag_hub_gen:sld_jtag_hub_inst|irf_reg[1][3]                                                        ; altera_reserved_tck ; altera_reserved_tck ; 0.000        ; 0.084      ; 2.126      ;
; 1.887  ; sld_hub:auto_hub|sld_jtag_hub:\jtag_hub_gen:sld_jtag_hub_inst|clr_reg                            ; rom1:inst2|altsyncram:altsyncram_component|altsyncram_bnb1:auto_generated|sld_mod_ram_rom:mgl_prim2|bypass_reg_out                 ; altera_reserved_tck ; altera_reserved_tck ; 0.000        ; 0.084      ; 2.166      ;
; 2.022  ; sld_hub:auto_hub|sld_jtag_hub:\jtag_hub_gen:sld_jtag_hub_inst|virtual_ir_scan_reg                ; sld_hub:auto_hub|sld_jtag_hub:\jtag_hub_gen:sld_jtag_hub_inst|hub_mode_reg[2]                                                      ; altera_reserved_tck ; altera_reserved_tck ; 0.000        ; 0.094      ; 2.311      ;
; 2.034  ; sld_hub:auto_hub|sld_jtag_hub:\jtag_hub_gen:sld_jtag_hub_inst|irf_reg[1][0]                      ; rom1:inst2|altsyncram:altsyncram_component|altsyncram_bnb1:auto_generated|sld_mod_ram_rom:mgl_prim2|ir_loaded_address_reg[2]       ; altera_reserved_tck ; altera_reserved_tck ; 0.000        ; 0.085      ; 2.314      ;
; 2.034  ; sld_hub:auto_hub|sld_jtag_hub:\jtag_hub_gen:sld_jtag_hub_inst|irf_reg[1][0]                      ; rom1:inst2|altsyncram:altsyncram_component|altsyncram_bnb1:auto_generated|sld_mod_ram_rom:mgl_prim2|ir_loaded_address_reg[1]       ; altera_reserved_tck ; altera_reserved_tck ; 0.000        ; 0.085      ; 2.314      ;
; 2.034  ; sld_hub:auto_hub|sld_jtag_hub:\jtag_hub_gen:sld_jtag_hub_inst|irf_reg[1][0]                      ; rom1:inst2|altsyncram:altsyncram_component|altsyncram_bnb1:auto_generated|sld_mod_ram_rom:mgl_prim2|ir_loaded_address_reg[3]       ; altera_reserved_tck ; altera_reserved_tck ; 0.000        ; 0.085      ; 2.314      ;
; 2.034  ; sld_hub:auto_hub|sld_jtag_hub:\jtag_hub_gen:sld_jtag_hub_inst|irf_reg[1][0]                      ; rom1:inst2|altsyncram:altsyncram_component|altsyncram_bnb1:auto_generated|sld_mod_ram_rom:mgl_prim2|ir_loaded_address_reg[0]       ; altera_reserved_tck ; altera_reserved_tck ; 0.000        ; 0.085      ; 2.314      ;
; 2.302  ; sld_hub:auto_hub|sld_jtag_hub:\jtag_hub_gen:sld_jtag_hub_inst|irf_reg[1][4]                      ; rom1:inst2|altsyncram:altsyncram_component|altsyncram_bnb1:auto_generated|sld_mod_ram_rom:mgl_prim2|ir_loaded_address_reg[2]       ; altera_reserved_tck ; altera_reserved_tck ; 0.000        ; 0.085      ; 2.582      ;
; 2.302  ; sld_hub:auto_hub|sld_jtag_hub:\jtag_hub_gen:sld_jtag_hub_inst|irf_reg[1][4]                      ; rom1:inst2|altsyncram:altsyncram_component|altsyncram_bnb1:auto_generated|sld_mod_ram_rom:mgl_prim2|ir_loaded_address_reg[1]       ; altera_reserved_tck ; altera_reserved_tck ; 0.000        ; 0.085      ; 2.582      ;
; 2.302  ; sld_hub:auto_hub|sld_jtag_hub:\jtag_hub_gen:sld_jtag_hub_inst|irf_reg[1][4]                      ; rom1:inst2|altsyncram:altsyncram_component|altsyncram_bnb1:auto_generated|sld_mod_ram_rom:mgl_prim2|ir_loaded_address_reg[3]       ; altera_reserved_tck ; altera_reserved_tck ; 0.000        ; 0.085      ; 2.582      ;
; 2.302  ; sld_hub:auto_hub|sld_jtag_hub:\jtag_hub_gen:sld_jtag_hub_inst|irf_reg[1][4]                      ; rom1:inst2|altsyncram:altsyncram_component|altsyncram_bnb1:auto_generated|sld_mod_ram_rom:mgl_prim2|ir_loaded_address_reg[0]       ; altera_reserved_tck ; altera_reserved_tck ; 0.000        ; 0.085      ; 2.582      ;
; 52.208 ; sld_hub:auto_hub|sld_jtag_hub:\jtag_hub_gen:sld_jtag_hub_inst|sld_shadow_jsm:shadow_jsm|state[8] ; sld_hub:auto_hub|sld_jtag_hub:\jtag_hub_gen:sld_jtag_hub_inst|tdo                                                                  ; altera_reserved_tck ; altera_reserved_tck ; -50.000      ; 0.515      ; 2.918      ;
+--------+--------------------------------------------------------------------------------------------------+------------------------------------------------------------------------------------------------------------------------------------+---------------------+---------------------+--------------+------------+------------+


+-----------------------------------------------------------------------------------------------------------------------------------------------------------------------------------------------------------------------------------------------------------------------+
; Slow 1200mV 0C Model Minimum Pulse Width: 'altera_reserved_tck'                                                                                                                                                                                                       ;
+--------+--------------+----------------+------------------+---------------------+------------+------------------------------------------------------------------------------------------------------------------------------------------------------------------------+
; Slack  ; Actual Width ; Required Width ; Type             ; Clock               ; Clock Edge ; Target                                                                                                                                                                 ;
+--------+--------------+----------------+------------------+---------------------+------------+------------------------------------------------------------------------------------------------------------------------------------------------------------------------+
; 49.293 ; 49.523       ; 0.230          ; Low Pulse Width  ; altera_reserved_tck ; Rise       ; rom1:inst2|altsyncram:altsyncram_component|altsyncram_bnb1:auto_generated|altsyncram_67d2:altsyncram1|ram_block3a10~portb_address_reg0                                 ;
; 49.293 ; 49.523       ; 0.230          ; Low Pulse Width  ; altera_reserved_tck ; Rise       ; rom1:inst2|altsyncram:altsyncram_component|altsyncram_bnb1:auto_generated|altsyncram_67d2:altsyncram1|ram_block3a10~portb_we_reg                                       ;
; 49.294 ; 49.524       ; 0.230          ; Low Pulse Width  ; altera_reserved_tck ; Rise       ; rom1:inst2|altsyncram:altsyncram_component|altsyncram_bnb1:auto_generated|altsyncram_67d2:altsyncram1|ram_block3a0~portb_address_reg0                                  ;
; 49.294 ; 49.524       ; 0.230          ; Low Pulse Width  ; altera_reserved_tck ; Rise       ; rom1:inst2|altsyncram:altsyncram_component|altsyncram_bnb1:auto_generated|altsyncram_67d2:altsyncram1|ram_block3a0~portb_we_reg                                        ;
; 49.296 ; 49.526       ; 0.230          ; Low Pulse Width  ; altera_reserved_tck ; Rise       ; rom1:inst2|altsyncram:altsyncram_component|altsyncram_bnb1:auto_generated|altsyncram_67d2:altsyncram1|ram_block3a10~portb_datain_reg0                                  ;
; 49.297 ; 49.527       ; 0.230          ; Low Pulse Width  ; altera_reserved_tck ; Rise       ; rom1:inst2|altsyncram:altsyncram_component|altsyncram_bnb1:auto_generated|altsyncram_67d2:altsyncram1|ram_block3a0~portb_datain_reg0                                   ;
; 49.383 ; 49.599       ; 0.216          ; High Pulse Width ; altera_reserved_tck ; Fall       ; sld_hub:auto_hub|sld_jtag_hub:\jtag_hub_gen:sld_jtag_hub_inst|tdo                                                                                                      ;
; 49.425 ; 49.609       ; 0.184          ; Low Pulse Width  ; altera_reserved_tck ; Rise       ; sld_hub:auto_hub|sld_jtag_hub:\jtag_hub_gen:sld_jtag_hub_inst|clr_reg                                                                                                  ;
; 49.425 ; 49.609       ; 0.184          ; Low Pulse Width  ; altera_reserved_tck ; Rise       ; sld_hub:auto_hub|sld_jtag_hub:\jtag_hub_gen:sld_jtag_hub_inst|reset_ena_reg                                                                                            ;
; 49.425 ; 49.609       ; 0.184          ; Low Pulse Width  ; altera_reserved_tck ; Rise       ; sld_hub:auto_hub|sld_jtag_hub:\jtag_hub_gen:sld_jtag_hub_inst|sld_shadow_jsm:shadow_jsm|state[10]                                                                      ;
; 49.425 ; 49.609       ; 0.184          ; Low Pulse Width  ; altera_reserved_tck ; Rise       ; sld_hub:auto_hub|sld_jtag_hub:\jtag_hub_gen:sld_jtag_hub_inst|sld_shadow_jsm:shadow_jsm|state[11]                                                                      ;
; 49.425 ; 49.609       ; 0.184          ; Low Pulse Width  ; altera_reserved_tck ; Rise       ; sld_hub:auto_hub|sld_jtag_hub:\jtag_hub_gen:sld_jtag_hub_inst|sld_shadow_jsm:shadow_jsm|state[12]                                                                      ;
; 49.425 ; 49.609       ; 0.184          ; Low Pulse Width  ; altera_reserved_tck ; Rise       ; sld_hub:auto_hub|sld_jtag_hub:\jtag_hub_gen:sld_jtag_hub_inst|sld_shadow_jsm:shadow_jsm|state[13]                                                                      ;
; 49.425 ; 49.609       ; 0.184          ; Low Pulse Width  ; altera_reserved_tck ; Rise       ; sld_hub:auto_hub|sld_jtag_hub:\jtag_hub_gen:sld_jtag_hub_inst|sld_shadow_jsm:shadow_jsm|state[14]                                                                      ;
; 49.425 ; 49.609       ; 0.184          ; Low Pulse Width  ; altera_reserved_tck ; Rise       ; sld_hub:auto_hub|sld_jtag_hub:\jtag_hub_gen:sld_jtag_hub_inst|sld_shadow_jsm:shadow_jsm|state[15]                                                                      ;
; 49.425 ; 49.609       ; 0.184          ; Low Pulse Width  ; altera_reserved_tck ; Rise       ; sld_hub:auto_hub|sld_jtag_hub:\jtag_hub_gen:sld_jtag_hub_inst|sld_shadow_jsm:shadow_jsm|state[1]                                                                       ;
; 49.425 ; 49.609       ; 0.184          ; Low Pulse Width  ; altera_reserved_tck ; Rise       ; sld_hub:auto_hub|sld_jtag_hub:\jtag_hub_gen:sld_jtag_hub_inst|sld_shadow_jsm:shadow_jsm|state[2]                                                                       ;
; 49.425 ; 49.609       ; 0.184          ; Low Pulse Width  ; altera_reserved_tck ; Rise       ; sld_hub:auto_hub|sld_jtag_hub:\jtag_hub_gen:sld_jtag_hub_inst|sld_shadow_jsm:shadow_jsm|state[4]                                                                       ;
; 49.425 ; 49.609       ; 0.184          ; Low Pulse Width  ; altera_reserved_tck ; Rise       ; sld_hub:auto_hub|sld_jtag_hub:\jtag_hub_gen:sld_jtag_hub_inst|sld_shadow_jsm:shadow_jsm|state[5]                                                                       ;
; 49.425 ; 49.609       ; 0.184          ; Low Pulse Width  ; altera_reserved_tck ; Rise       ; sld_hub:auto_hub|sld_jtag_hub:\jtag_hub_gen:sld_jtag_hub_inst|sld_shadow_jsm:shadow_jsm|state[6]                                                                       ;
; 49.425 ; 49.609       ; 0.184          ; Low Pulse Width  ; altera_reserved_tck ; Rise       ; sld_hub:auto_hub|sld_jtag_hub:\jtag_hub_gen:sld_jtag_hub_inst|sld_shadow_jsm:shadow_jsm|state[7]                                                                       ;
; 49.425 ; 49.609       ; 0.184          ; Low Pulse Width  ; altera_reserved_tck ; Rise       ; sld_hub:auto_hub|sld_jtag_hub:\jtag_hub_gen:sld_jtag_hub_inst|sld_shadow_jsm:shadow_jsm|state[8]                                                                       ;
; 49.426 ; 49.610       ; 0.184          ; Low Pulse Width  ; altera_reserved_tck ; Rise       ; rom1:inst2|altsyncram:altsyncram_component|altsyncram_bnb1:auto_generated|sld_mod_ram_rom:mgl_prim2|sld_rom_sr:\ram_rom_logic_gen:name_gen:info_rom_sr|WORD_SR[0]      ;
; 49.426 ; 49.610       ; 0.184          ; Low Pulse Width  ; altera_reserved_tck ; Rise       ; rom1:inst2|altsyncram:altsyncram_component|altsyncram_bnb1:auto_generated|sld_mod_ram_rom:mgl_prim2|sld_rom_sr:\ram_rom_logic_gen:name_gen:info_rom_sr|WORD_SR[1]      ;
; 49.426 ; 49.610       ; 0.184          ; Low Pulse Width  ; altera_reserved_tck ; Rise       ; rom1:inst2|altsyncram:altsyncram_component|altsyncram_bnb1:auto_generated|sld_mod_ram_rom:mgl_prim2|sld_rom_sr:\ram_rom_logic_gen:name_gen:info_rom_sr|WORD_SR[2]      ;
; 49.426 ; 49.610       ; 0.184          ; Low Pulse Width  ; altera_reserved_tck ; Rise       ; rom1:inst2|altsyncram:altsyncram_component|altsyncram_bnb1:auto_generated|sld_mod_ram_rom:mgl_prim2|sld_rom_sr:\ram_rom_logic_gen:name_gen:info_rom_sr|WORD_SR[3]      ;
; 49.426 ; 49.610       ; 0.184          ; Low Pulse Width  ; altera_reserved_tck ; Rise       ; sld_hub:auto_hub|sld_jtag_hub:\jtag_hub_gen:sld_jtag_hub_inst|hub_minor_ver_reg[0]                                                                                     ;
; 49.426 ; 49.610       ; 0.184          ; Low Pulse Width  ; altera_reserved_tck ; Rise       ; sld_hub:auto_hub|sld_jtag_hub:\jtag_hub_gen:sld_jtag_hub_inst|hub_minor_ver_reg[1]                                                                                     ;
; 49.426 ; 49.610       ; 0.184          ; Low Pulse Width  ; altera_reserved_tck ; Rise       ; sld_hub:auto_hub|sld_jtag_hub:\jtag_hub_gen:sld_jtag_hub_inst|hub_minor_ver_reg[2]                                                                                     ;
; 49.426 ; 49.610       ; 0.184          ; Low Pulse Width  ; altera_reserved_tck ; Rise       ; sld_hub:auto_hub|sld_jtag_hub:\jtag_hub_gen:sld_jtag_hub_inst|hub_minor_ver_reg[3]                                                                                     ;
; 49.426 ; 49.610       ; 0.184          ; Low Pulse Width  ; altera_reserved_tck ; Rise       ; sld_hub:auto_hub|sld_jtag_hub:\jtag_hub_gen:sld_jtag_hub_inst|identity_contrib_shift_reg[0]                                                                            ;
; 49.426 ; 49.610       ; 0.184          ; Low Pulse Width  ; altera_reserved_tck ; Rise       ; sld_hub:auto_hub|sld_jtag_hub:\jtag_hub_gen:sld_jtag_hub_inst|identity_contrib_shift_reg[1]                                                                            ;
; 49.426 ; 49.610       ; 0.184          ; Low Pulse Width  ; altera_reserved_tck ; Rise       ; sld_hub:auto_hub|sld_jtag_hub:\jtag_hub_gen:sld_jtag_hub_inst|identity_contrib_shift_reg[2]                                                                            ;
; 49.426 ; 49.610       ; 0.184          ; Low Pulse Width  ; altera_reserved_tck ; Rise       ; sld_hub:auto_hub|sld_jtag_hub:\jtag_hub_gen:sld_jtag_hub_inst|identity_contrib_shift_reg[3]                                                                            ;
; 49.426 ; 49.610       ; 0.184          ; Low Pulse Width  ; altera_reserved_tck ; Rise       ; sld_hub:auto_hub|sld_jtag_hub:\jtag_hub_gen:sld_jtag_hub_inst|identity_contrib_update_reg[1]                                                                           ;
; 49.426 ; 49.610       ; 0.184          ; Low Pulse Width  ; altera_reserved_tck ; Rise       ; sld_hub:auto_hub|sld_jtag_hub:\jtag_hub_gen:sld_jtag_hub_inst|identity_contrib_update_reg[2]                                                                           ;
; 49.426 ; 49.610       ; 0.184          ; Low Pulse Width  ; altera_reserved_tck ; Rise       ; sld_hub:auto_hub|sld_jtag_hub:\jtag_hub_gen:sld_jtag_hub_inst|jtag_ir_reg[0]                                                                                           ;
; 49.426 ; 49.610       ; 0.184          ; Low Pulse Width  ; altera_reserved_tck ; Rise       ; sld_hub:auto_hub|sld_jtag_hub:\jtag_hub_gen:sld_jtag_hub_inst|jtag_ir_reg[1]                                                                                           ;
; 49.426 ; 49.610       ; 0.184          ; Low Pulse Width  ; altera_reserved_tck ; Rise       ; sld_hub:auto_hub|sld_jtag_hub:\jtag_hub_gen:sld_jtag_hub_inst|jtag_ir_reg[2]                                                                                           ;
; 49.426 ; 49.610       ; 0.184          ; Low Pulse Width  ; altera_reserved_tck ; Rise       ; sld_hub:auto_hub|sld_jtag_hub:\jtag_hub_gen:sld_jtag_hub_inst|jtag_ir_reg[3]                                                                                           ;
; 49.426 ; 49.610       ; 0.184          ; Low Pulse Width  ; altera_reserved_tck ; Rise       ; sld_hub:auto_hub|sld_jtag_hub:\jtag_hub_gen:sld_jtag_hub_inst|jtag_ir_reg[4]                                                                                           ;
; 49.426 ; 49.610       ; 0.184          ; Low Pulse Width  ; altera_reserved_tck ; Rise       ; sld_hub:auto_hub|sld_jtag_hub:\jtag_hub_gen:sld_jtag_hub_inst|jtag_ir_reg[5]                                                                                           ;
; 49.426 ; 49.610       ; 0.184          ; Low Pulse Width  ; altera_reserved_tck ; Rise       ; sld_hub:auto_hub|sld_jtag_hub:\jtag_hub_gen:sld_jtag_hub_inst|jtag_ir_reg[6]                                                                                           ;
; 49.426 ; 49.610       ; 0.184          ; Low Pulse Width  ; altera_reserved_tck ; Rise       ; sld_hub:auto_hub|sld_jtag_hub:\jtag_hub_gen:sld_jtag_hub_inst|jtag_ir_reg[7]                                                                                           ;
; 49.426 ; 49.610       ; 0.184          ; Low Pulse Width  ; altera_reserved_tck ; Rise       ; sld_hub:auto_hub|sld_jtag_hub:\jtag_hub_gen:sld_jtag_hub_inst|jtag_ir_reg[8]                                                                                           ;
; 49.426 ; 49.610       ; 0.184          ; Low Pulse Width  ; altera_reserved_tck ; Rise       ; sld_hub:auto_hub|sld_jtag_hub:\jtag_hub_gen:sld_jtag_hub_inst|jtag_ir_reg[9]                                                                                           ;
; 49.426 ; 49.610       ; 0.184          ; Low Pulse Width  ; altera_reserved_tck ; Rise       ; sld_hub:auto_hub|sld_jtag_hub:\jtag_hub_gen:sld_jtag_hub_inst|node_ena[1]~reg0                                                                                         ;
; 49.426 ; 49.610       ; 0.184          ; Low Pulse Width  ; altera_reserved_tck ; Rise       ; sld_hub:auto_hub|sld_jtag_hub:\jtag_hub_gen:sld_jtag_hub_inst|sld_rom_sr:hub_info_reg|WORD_SR[0]                                                                       ;
; 49.426 ; 49.610       ; 0.184          ; Low Pulse Width  ; altera_reserved_tck ; Rise       ; sld_hub:auto_hub|sld_jtag_hub:\jtag_hub_gen:sld_jtag_hub_inst|sld_rom_sr:hub_info_reg|WORD_SR[1]                                                                       ;
; 49.426 ; 49.610       ; 0.184          ; Low Pulse Width  ; altera_reserved_tck ; Rise       ; sld_hub:auto_hub|sld_jtag_hub:\jtag_hub_gen:sld_jtag_hub_inst|sld_rom_sr:hub_info_reg|WORD_SR[2]                                                                       ;
; 49.426 ; 49.610       ; 0.184          ; Low Pulse Width  ; altera_reserved_tck ; Rise       ; sld_hub:auto_hub|sld_jtag_hub:\jtag_hub_gen:sld_jtag_hub_inst|sld_rom_sr:hub_info_reg|WORD_SR[3]                                                                       ;
; 49.426 ; 49.610       ; 0.184          ; Low Pulse Width  ; altera_reserved_tck ; Rise       ; sld_hub:auto_hub|sld_jtag_hub:\jtag_hub_gen:sld_jtag_hub_inst|sld_rom_sr:hub_info_reg|word_counter[0]                                                                  ;
; 49.426 ; 49.610       ; 0.184          ; Low Pulse Width  ; altera_reserved_tck ; Rise       ; sld_hub:auto_hub|sld_jtag_hub:\jtag_hub_gen:sld_jtag_hub_inst|sld_rom_sr:hub_info_reg|word_counter[1]                                                                  ;
; 49.426 ; 49.610       ; 0.184          ; Low Pulse Width  ; altera_reserved_tck ; Rise       ; sld_hub:auto_hub|sld_jtag_hub:\jtag_hub_gen:sld_jtag_hub_inst|sld_rom_sr:hub_info_reg|word_counter[2]                                                                  ;
; 49.426 ; 49.610       ; 0.184          ; Low Pulse Width  ; altera_reserved_tck ; Rise       ; sld_hub:auto_hub|sld_jtag_hub:\jtag_hub_gen:sld_jtag_hub_inst|sld_rom_sr:hub_info_reg|word_counter[3]                                                                  ;
; 49.426 ; 49.610       ; 0.184          ; Low Pulse Width  ; altera_reserved_tck ; Rise       ; sld_hub:auto_hub|sld_jtag_hub:\jtag_hub_gen:sld_jtag_hub_inst|sld_rom_sr:hub_info_reg|word_counter[4]                                                                  ;
; 49.426 ; 49.610       ; 0.184          ; Low Pulse Width  ; altera_reserved_tck ; Rise       ; sld_hub:auto_hub|sld_jtag_hub:\jtag_hub_gen:sld_jtag_hub_inst|sld_shadow_jsm:shadow_jsm|state[0]                                                                       ;
; 49.426 ; 49.610       ; 0.184          ; Low Pulse Width  ; altera_reserved_tck ; Rise       ; sld_hub:auto_hub|sld_jtag_hub:\jtag_hub_gen:sld_jtag_hub_inst|sld_shadow_jsm:shadow_jsm|state[3]                                                                       ;
; 49.426 ; 49.610       ; 0.184          ; Low Pulse Width  ; altera_reserved_tck ; Rise       ; sld_hub:auto_hub|sld_jtag_hub:\jtag_hub_gen:sld_jtag_hub_inst|sld_shadow_jsm:shadow_jsm|state[9]                                                                       ;
; 49.426 ; 49.610       ; 0.184          ; Low Pulse Width  ; altera_reserved_tck ; Rise       ; sld_hub:auto_hub|sld_jtag_hub:\jtag_hub_gen:sld_jtag_hub_inst|sld_shadow_jsm:shadow_jsm|tms_cnt[0]                                                                     ;
; 49.426 ; 49.610       ; 0.184          ; Low Pulse Width  ; altera_reserved_tck ; Rise       ; sld_hub:auto_hub|sld_jtag_hub:\jtag_hub_gen:sld_jtag_hub_inst|sld_shadow_jsm:shadow_jsm|tms_cnt[1]                                                                     ;
; 49.426 ; 49.610       ; 0.184          ; Low Pulse Width  ; altera_reserved_tck ; Rise       ; sld_hub:auto_hub|sld_jtag_hub:\jtag_hub_gen:sld_jtag_hub_inst|sld_shadow_jsm:shadow_jsm|tms_cnt[2]                                                                     ;
; 49.426 ; 49.610       ; 0.184          ; Low Pulse Width  ; altera_reserved_tck ; Rise       ; sld_hub:auto_hub|sld_jtag_hub:\jtag_hub_gen:sld_jtag_hub_inst|tdo_bypass_reg                                                                                           ;
; 49.426 ; 49.610       ; 0.184          ; Low Pulse Width  ; altera_reserved_tck ; Rise       ; sld_hub:auto_hub|sld_jtag_hub:\jtag_hub_gen:sld_jtag_hub_inst|virtual_dr_scan_reg                                                                                      ;
; 49.426 ; 49.610       ; 0.184          ; Low Pulse Width  ; altera_reserved_tck ; Rise       ; sld_hub:auto_hub|sld_jtag_hub:\jtag_hub_gen:sld_jtag_hub_inst|virtual_ir_scan_reg                                                                                      ;
; 49.427 ; 49.611       ; 0.184          ; Low Pulse Width  ; altera_reserved_tck ; Rise       ; rom1:inst2|altsyncram:altsyncram_component|altsyncram_bnb1:auto_generated|sld_mod_ram_rom:mgl_prim2|ram_rom_data_shift_cntr_reg[0]                                     ;
; 49.427 ; 49.611       ; 0.184          ; Low Pulse Width  ; altera_reserved_tck ; Rise       ; rom1:inst2|altsyncram:altsyncram_component|altsyncram_bnb1:auto_generated|sld_mod_ram_rom:mgl_prim2|ram_rom_data_shift_cntr_reg[1]                                     ;
; 49.427 ; 49.611       ; 0.184          ; Low Pulse Width  ; altera_reserved_tck ; Rise       ; rom1:inst2|altsyncram:altsyncram_component|altsyncram_bnb1:auto_generated|sld_mod_ram_rom:mgl_prim2|ram_rom_data_shift_cntr_reg[2]                                     ;
; 49.427 ; 49.611       ; 0.184          ; Low Pulse Width  ; altera_reserved_tck ; Rise       ; rom1:inst2|altsyncram:altsyncram_component|altsyncram_bnb1:auto_generated|sld_mod_ram_rom:mgl_prim2|ram_rom_data_shift_cntr_reg[3]                                     ;
; 49.427 ; 49.611       ; 0.184          ; Low Pulse Width  ; altera_reserved_tck ; Rise       ; rom1:inst2|altsyncram:altsyncram_component|altsyncram_bnb1:auto_generated|sld_mod_ram_rom:mgl_prim2|ram_rom_data_shift_cntr_reg[4]                                     ;
; 49.427 ; 49.611       ; 0.184          ; Low Pulse Width  ; altera_reserved_tck ; Rise       ; rom1:inst2|altsyncram:altsyncram_component|altsyncram_bnb1:auto_generated|sld_mod_ram_rom:mgl_prim2|sld_rom_sr:\ram_rom_logic_gen:name_gen:info_rom_sr|word_counter[0] ;
; 49.427 ; 49.611       ; 0.184          ; Low Pulse Width  ; altera_reserved_tck ; Rise       ; rom1:inst2|altsyncram:altsyncram_component|altsyncram_bnb1:auto_generated|sld_mod_ram_rom:mgl_prim2|sld_rom_sr:\ram_rom_logic_gen:name_gen:info_rom_sr|word_counter[1] ;
; 49.427 ; 49.611       ; 0.184          ; Low Pulse Width  ; altera_reserved_tck ; Rise       ; rom1:inst2|altsyncram:altsyncram_component|altsyncram_bnb1:auto_generated|sld_mod_ram_rom:mgl_prim2|sld_rom_sr:\ram_rom_logic_gen:name_gen:info_rom_sr|word_counter[2] ;
; 49.427 ; 49.611       ; 0.184          ; Low Pulse Width  ; altera_reserved_tck ; Rise       ; rom1:inst2|altsyncram:altsyncram_component|altsyncram_bnb1:auto_generated|sld_mod_ram_rom:mgl_prim2|sld_rom_sr:\ram_rom_logic_gen:name_gen:info_rom_sr|word_counter[3] ;
; 49.427 ; 49.611       ; 0.184          ; Low Pulse Width  ; altera_reserved_tck ; Rise       ; rom1:inst2|altsyncram:altsyncram_component|altsyncram_bnb1:auto_generated|sld_mod_ram_rom:mgl_prim2|sld_rom_sr:\ram_rom_logic_gen:name_gen:info_rom_sr|word_counter[4] ;
; 49.428 ; 49.612       ; 0.184          ; Low Pulse Width  ; altera_reserved_tck ; Rise       ; sld_hub:auto_hub|sld_jtag_hub:\jtag_hub_gen:sld_jtag_hub_inst|irsr_reg[0]                                                                                              ;
; 49.428 ; 49.612       ; 0.184          ; Low Pulse Width  ; altera_reserved_tck ; Rise       ; sld_hub:auto_hub|sld_jtag_hub:\jtag_hub_gen:sld_jtag_hub_inst|irsr_reg[1]                                                                                              ;
; 49.428 ; 49.612       ; 0.184          ; Low Pulse Width  ; altera_reserved_tck ; Rise       ; sld_hub:auto_hub|sld_jtag_hub:\jtag_hub_gen:sld_jtag_hub_inst|irsr_reg[2]                                                                                              ;
; 49.428 ; 49.612       ; 0.184          ; Low Pulse Width  ; altera_reserved_tck ; Rise       ; sld_hub:auto_hub|sld_jtag_hub:\jtag_hub_gen:sld_jtag_hub_inst|irsr_reg[4]                                                                                              ;
; 49.428 ; 49.612       ; 0.184          ; Low Pulse Width  ; altera_reserved_tck ; Rise       ; sld_hub:auto_hub|sld_jtag_hub:\jtag_hub_gen:sld_jtag_hub_inst|irsr_reg[5]                                                                                              ;
; 49.428 ; 49.612       ; 0.184          ; Low Pulse Width  ; altera_reserved_tck ; Rise       ; sld_hub:auto_hub|sld_jtag_hub:\jtag_hub_gen:sld_jtag_hub_inst|mixer_addr_reg[0]                                                                                        ;
; 49.428 ; 49.612       ; 0.184          ; Low Pulse Width  ; altera_reserved_tck ; Rise       ; sld_hub:auto_hub|sld_jtag_hub:\jtag_hub_gen:sld_jtag_hub_inst|mixer_addr_reg[1]                                                                                        ;
; 49.428 ; 49.612       ; 0.184          ; Low Pulse Width  ; altera_reserved_tck ; Rise       ; sld_hub:auto_hub|sld_jtag_hub:\jtag_hub_gen:sld_jtag_hub_inst|mixer_addr_reg[2]                                                                                        ;
; 49.428 ; 49.612       ; 0.184          ; Low Pulse Width  ; altera_reserved_tck ; Rise       ; sld_hub:auto_hub|sld_jtag_hub:\jtag_hub_gen:sld_jtag_hub_inst|mixer_addr_reg[3]                                                                                        ;
; 49.428 ; 49.612       ; 0.184          ; Low Pulse Width  ; altera_reserved_tck ; Rise       ; sld_hub:auto_hub|sld_jtag_hub:\jtag_hub_gen:sld_jtag_hub_inst|mixer_addr_reg[4]                                                                                        ;
; 49.429 ; 49.613       ; 0.184          ; Low Pulse Width  ; altera_reserved_tck ; Rise       ; rom1:inst2|altsyncram:altsyncram_component|altsyncram_bnb1:auto_generated|sld_mod_ram_rom:mgl_prim2|ir_loaded_address_reg[0]                                           ;
; 49.429 ; 49.613       ; 0.184          ; Low Pulse Width  ; altera_reserved_tck ; Rise       ; rom1:inst2|altsyncram:altsyncram_component|altsyncram_bnb1:auto_generated|sld_mod_ram_rom:mgl_prim2|ir_loaded_address_reg[1]                                           ;
; 49.429 ; 49.613       ; 0.184          ; Low Pulse Width  ; altera_reserved_tck ; Rise       ; rom1:inst2|altsyncram:altsyncram_component|altsyncram_bnb1:auto_generated|sld_mod_ram_rom:mgl_prim2|ir_loaded_address_reg[2]                                           ;
; 49.429 ; 49.613       ; 0.184          ; Low Pulse Width  ; altera_reserved_tck ; Rise       ; rom1:inst2|altsyncram:altsyncram_component|altsyncram_bnb1:auto_generated|sld_mod_ram_rom:mgl_prim2|ir_loaded_address_reg[3]                                           ;
; 49.429 ; 49.613       ; 0.184          ; Low Pulse Width  ; altera_reserved_tck ; Rise       ; sld_hub:auto_hub|sld_jtag_hub:\jtag_hub_gen:sld_jtag_hub_inst|design_hash_reg[0]                                                                                       ;
; 49.429 ; 49.613       ; 0.184          ; Low Pulse Width  ; altera_reserved_tck ; Rise       ; sld_hub:auto_hub|sld_jtag_hub:\jtag_hub_gen:sld_jtag_hub_inst|design_hash_reg[1]                                                                                       ;
; 49.429 ; 49.613       ; 0.184          ; Low Pulse Width  ; altera_reserved_tck ; Rise       ; sld_hub:auto_hub|sld_jtag_hub:\jtag_hub_gen:sld_jtag_hub_inst|design_hash_reg[2]                                                                                       ;
; 49.429 ; 49.613       ; 0.184          ; Low Pulse Width  ; altera_reserved_tck ; Rise       ; sld_hub:auto_hub|sld_jtag_hub:\jtag_hub_gen:sld_jtag_hub_inst|design_hash_reg[3]                                                                                       ;
; 49.429 ; 49.613       ; 0.184          ; Low Pulse Width  ; altera_reserved_tck ; Rise       ; sld_hub:auto_hub|sld_jtag_hub:\jtag_hub_gen:sld_jtag_hub_inst|hub_mode_reg[2]                                                                                          ;
; 49.429 ; 49.613       ; 0.184          ; Low Pulse Width  ; altera_reserved_tck ; Rise       ; sld_hub:auto_hub|sld_jtag_hub:\jtag_hub_gen:sld_jtag_hub_inst|identity_contrib_update_reg[0]                                                                           ;
; 49.429 ; 49.613       ; 0.184          ; Low Pulse Width  ; altera_reserved_tck ; Rise       ; sld_hub:auto_hub|sld_jtag_hub:\jtag_hub_gen:sld_jtag_hub_inst|identity_contrib_update_reg[3]                                                                           ;
; 49.430 ; 49.614       ; 0.184          ; Low Pulse Width  ; altera_reserved_tck ; Rise       ; sld_hub:auto_hub|sld_jtag_hub:\jtag_hub_gen:sld_jtag_hub_inst|hub_mode_reg[0]                                                                                          ;
; 49.430 ; 49.614       ; 0.184          ; Low Pulse Width  ; altera_reserved_tck ; Rise       ; sld_hub:auto_hub|sld_jtag_hub:\jtag_hub_gen:sld_jtag_hub_inst|hub_mode_reg[1]                                                                                          ;
; 49.430 ; 49.614       ; 0.184          ; Low Pulse Width  ; altera_reserved_tck ; Rise       ; sld_hub:auto_hub|sld_jtag_hub:\jtag_hub_gen:sld_jtag_hub_inst|irsr_reg[3]                                                                                              ;
; 49.431 ; 49.615       ; 0.184          ; Low Pulse Width  ; altera_reserved_tck ; Rise       ; rom1:inst2|altsyncram:altsyncram_component|altsyncram_bnb1:auto_generated|sld_mod_ram_rom:mgl_prim2|bypass_reg_out                                                     ;
+--------+--------------+----------------+------------------+---------------------+------------+------------------------------------------------------------------------------------------------------------------------------------------------------------------------+


+----------------------------------------------------------------------------------------------+
; Setup Times                                                                                  ;
+---------------------+---------------------+-------+-------+------------+---------------------+
; Data Port           ; Clock Port          ; Rise  ; Fall  ; Clock Edge ; Clock Reference     ;
+---------------------+---------------------+-------+-------+------------+---------------------+
; altera_reserved_tdi ; altera_reserved_tck ; 4.746 ; 4.926 ; Rise       ; altera_reserved_tck ;
; altera_reserved_tms ; altera_reserved_tck ; 8.242 ; 8.233 ; Rise       ; altera_reserved_tck ;
+---------------------+---------------------+-------+-------+------------+---------------------+


+------------------------------------------------------------------------------------------------+
; Hold Times                                                                                     ;
+---------------------+---------------------+--------+--------+------------+---------------------+
; Data Port           ; Clock Port          ; Rise   ; Fall   ; Clock Edge ; Clock Reference     ;
+---------------------+---------------------+--------+--------+------------+---------------------+
; altera_reserved_tdi ; altera_reserved_tck ; 1.209  ; 1.072  ; Rise       ; altera_reserved_tck ;
; altera_reserved_tms ; altera_reserved_tck ; -1.770 ; -2.020 ; Rise       ; altera_reserved_tck ;
+---------------------+---------------------+--------+--------+------------+---------------------+


+------------------------------------------------------------------------------------------------+
; Clock to Output Times                                                                          ;
+---------------------+---------------------+--------+--------+------------+---------------------+
; Data Port           ; Clock Port          ; Rise   ; Fall   ; Clock Edge ; Clock Reference     ;
+---------------------+---------------------+--------+--------+------------+---------------------+
; altera_reserved_tdo ; altera_reserved_tck ; 12.845 ; 13.090 ; Fall       ; altera_reserved_tck ;
+---------------------+---------------------+--------+--------+------------+---------------------+


+------------------------------------------------------------------------------------------------+
; Minimum Clock to Output Times                                                                  ;
+---------------------+---------------------+--------+--------+------------+---------------------+
; Data Port           ; Clock Port          ; Rise   ; Fall   ; Clock Edge ; Clock Reference     ;
+---------------------+---------------------+--------+--------+------------+---------------------+
; altera_reserved_tdo ; altera_reserved_tck ; 10.514 ; 10.774 ; Fall       ; altera_reserved_tck ;
+---------------------+---------------------+--------+--------+------------+---------------------+


---------------------------------------------
; Slow 1200mV 0C Model Metastability Report ;
---------------------------------------------
No synchronizer chains to report.


+----------------------------------------------+
; Fast 1200mV 0C Model Setup Summary           ;
+---------------------+--------+---------------+
; Clock               ; Slack  ; End Point TNS ;
+---------------------+--------+---------------+
; altera_reserved_tck ; 47.579 ; 0.000         ;
+---------------------+--------+---------------+


+---------------------------------------------+
; Fast 1200mV 0C Model Hold Summary           ;
+---------------------+-------+---------------+
; Clock               ; Slack ; End Point TNS ;
+---------------------+-------+---------------+
; altera_reserved_tck ; 0.185 ; 0.000         ;
+---------------------+-------+---------------+


+----------------------------------------------+
; Fast 1200mV 0C Model Recovery Summary        ;
+---------------------+--------+---------------+
; Clock               ; Slack  ; End Point TNS ;
+---------------------+--------+---------------+
; altera_reserved_tck ; 48.650 ; 0.000         ;
+---------------------+--------+---------------+


+---------------------------------------------+
; Fast 1200mV 0C Model Removal Summary        ;
+---------------------+-------+---------------+
; Clock               ; Slack ; End Point TNS ;
+---------------------+-------+---------------+
; altera_reserved_tck ; 0.572 ; 0.000         ;
+---------------------+-------+---------------+


+--------------------------------------------------+
; Fast 1200mV 0C Model Minimum Pulse Width Summary ;
+---------------------+--------+-------------------+
; Clock               ; Slack  ; End Point TNS     ;
+---------------------+--------+-------------------+
; altera_reserved_tck ; 49.454 ; 0.000             ;
+---------------------+--------+-------------------+


+--------------------------------------------------------------------------------------------------------------------------------------------------------------------------------------------------------------------------------------------------------------------------------------------------------------------------------------------------------------------------------------------+
; Fast 1200mV 0C Model Setup: 'altera_reserved_tck'                                                                                                                                                                                                                                                                                                                                          ;
+--------+-------------------------------------------------------------------------------------------------------------------------------------------------------------------+--------------------------------------------------------------------------------------------------------------------------+---------------------+---------------------+--------------+------------+------------+
; Slack  ; From Node                                                                                                                                                         ; To Node                                                                                                                  ; Launch Clock        ; Latch Clock         ; Relationship ; Clock Skew ; Data Delay ;
+--------+-------------------------------------------------------------------------------------------------------------------------------------------------------------------+--------------------------------------------------------------------------------------------------------------------------+---------------------+---------------------+--------------+------------+------------+
; 47.579 ; rom1:inst2|altsyncram:altsyncram_component|altsyncram_bnb1:auto_generated|sld_mod_ram_rom:mgl_prim2|ram_rom_data_reg[0]                                           ; sld_hub:auto_hub|sld_jtag_hub:\jtag_hub_gen:sld_jtag_hub_inst|tdo                                                        ; altera_reserved_tck ; altera_reserved_tck ; 50.000       ; 0.280      ; 2.708      ;
; 47.917 ; rom1:inst2|altsyncram:altsyncram_component|altsyncram_bnb1:auto_generated|sld_mod_ram_rom:mgl_prim2|sld_rom_sr:\ram_rom_logic_gen:name_gen:info_rom_sr|WORD_SR[0] ; sld_hub:auto_hub|sld_jtag_hub:\jtag_hub_gen:sld_jtag_hub_inst|tdo                                                        ; altera_reserved_tck ; altera_reserved_tck ; 50.000       ; 0.287      ; 2.377      ;
; 48.053 ; sld_hub:auto_hub|sld_jtag_hub:\jtag_hub_gen:sld_jtag_hub_inst|irf_reg[1][2]                                                                                       ; sld_hub:auto_hub|sld_jtag_hub:\jtag_hub_gen:sld_jtag_hub_inst|tdo                                                        ; altera_reserved_tck ; altera_reserved_tck ; 50.000       ; 0.288      ; 2.242      ;
; 48.151 ; sld_hub:auto_hub|sld_jtag_hub:\jtag_hub_gen:sld_jtag_hub_inst|irf_reg[1][1]                                                                                       ; sld_hub:auto_hub|sld_jtag_hub:\jtag_hub_gen:sld_jtag_hub_inst|tdo                                                        ; altera_reserved_tck ; altera_reserved_tck ; 50.000       ; 0.288      ; 2.144      ;
; 48.243 ; rom1:inst2|altsyncram:altsyncram_component|altsyncram_bnb1:auto_generated|sld_mod_ram_rom:mgl_prim2|bypass_reg_out                                                ; sld_hub:auto_hub|sld_jtag_hub:\jtag_hub_gen:sld_jtag_hub_inst|tdo                                                        ; altera_reserved_tck ; altera_reserved_tck ; 50.000       ; 0.288      ; 2.052      ;
; 48.558 ; sld_hub:auto_hub|sld_jtag_hub:\jtag_hub_gen:sld_jtag_hub_inst|irsr_reg[2]                                                                                         ; sld_hub:auto_hub|sld_jtag_hub:\jtag_hub_gen:sld_jtag_hub_inst|tdo                                                        ; altera_reserved_tck ; altera_reserved_tck ; 50.000       ; 0.283      ; 1.732      ;
; 48.572 ; sld_hub:auto_hub|sld_jtag_hub:\jtag_hub_gen:sld_jtag_hub_inst|irf_reg[1][0]                                                                                       ; sld_hub:auto_hub|sld_jtag_hub:\jtag_hub_gen:sld_jtag_hub_inst|tdo                                                        ; altera_reserved_tck ; altera_reserved_tck ; 50.000       ; 0.288      ; 1.723      ;
; 48.586 ; sld_hub:auto_hub|sld_jtag_hub:\jtag_hub_gen:sld_jtag_hub_inst|irsr_reg[5]                                                                                         ; sld_hub:auto_hub|sld_jtag_hub:\jtag_hub_gen:sld_jtag_hub_inst|tdo                                                        ; altera_reserved_tck ; altera_reserved_tck ; 50.000       ; 0.283      ; 1.704      ;
; 48.594 ; sld_hub:auto_hub|sld_jtag_hub:\jtag_hub_gen:sld_jtag_hub_inst|irsr_reg[0]                                                                                         ; sld_hub:auto_hub|sld_jtag_hub:\jtag_hub_gen:sld_jtag_hub_inst|tdo                                                        ; altera_reserved_tck ; altera_reserved_tck ; 50.000       ; 0.283      ; 1.696      ;
; 48.634 ; sld_hub:auto_hub|sld_jtag_hub:\jtag_hub_gen:sld_jtag_hub_inst|irsr_reg[1]                                                                                         ; sld_hub:auto_hub|sld_jtag_hub:\jtag_hub_gen:sld_jtag_hub_inst|tdo                                                        ; altera_reserved_tck ; altera_reserved_tck ; 50.000       ; 0.283      ; 1.656      ;
; 48.690 ; sld_hub:auto_hub|sld_jtag_hub:\jtag_hub_gen:sld_jtag_hub_inst|hub_minor_ver_reg[0]                                                                                ; sld_hub:auto_hub|sld_jtag_hub:\jtag_hub_gen:sld_jtag_hub_inst|tdo                                                        ; altera_reserved_tck ; altera_reserved_tck ; 50.000       ; 0.293      ; 1.610      ;
; 48.794 ; sld_hub:auto_hub|sld_jtag_hub:\jtag_hub_gen:sld_jtag_hub_inst|sld_rom_sr:hub_info_reg|WORD_SR[0]                                                                  ; sld_hub:auto_hub|sld_jtag_hub:\jtag_hub_gen:sld_jtag_hub_inst|tdo                                                        ; altera_reserved_tck ; altera_reserved_tck ; 50.000       ; 0.287      ; 1.500      ;
; 48.975 ; sld_hub:auto_hub|sld_jtag_hub:\jtag_hub_gen:sld_jtag_hub_inst|virtual_ir_scan_reg                                                                                 ; sld_hub:auto_hub|sld_jtag_hub:\jtag_hub_gen:sld_jtag_hub_inst|tdo                                                        ; altera_reserved_tck ; altera_reserved_tck ; 50.000       ; 0.293      ; 1.325      ;
; 49.088 ; sld_hub:auto_hub|sld_jtag_hub:\jtag_hub_gen:sld_jtag_hub_inst|sld_shadow_jsm:shadow_jsm|state[4]                                                                  ; sld_hub:auto_hub|sld_jtag_hub:\jtag_hub_gen:sld_jtag_hub_inst|tdo                                                        ; altera_reserved_tck ; altera_reserved_tck ; 50.000       ; 0.295      ; 1.214      ;
; 49.108 ; sld_hub:auto_hub|sld_jtag_hub:\jtag_hub_gen:sld_jtag_hub_inst|tdo_bypass_reg                                                                                      ; sld_hub:auto_hub|sld_jtag_hub:\jtag_hub_gen:sld_jtag_hub_inst|tdo                                                        ; altera_reserved_tck ; altera_reserved_tck ; 50.000       ; 0.293      ; 1.192      ;
; 49.170 ; sld_hub:auto_hub|sld_jtag_hub:\jtag_hub_gen:sld_jtag_hub_inst|sld_shadow_jsm:shadow_jsm|state[3]                                                                  ; sld_hub:auto_hub|sld_jtag_hub:\jtag_hub_gen:sld_jtag_hub_inst|tdo                                                        ; altera_reserved_tck ; altera_reserved_tck ; 50.000       ; 0.293      ; 1.130      ;
; 49.389 ; sld_hub:auto_hub|sld_jtag_hub:\jtag_hub_gen:sld_jtag_hub_inst|design_hash_reg[0]                                                                                  ; sld_hub:auto_hub|sld_jtag_hub:\jtag_hub_gen:sld_jtag_hub_inst|tdo                                                        ; altera_reserved_tck ; altera_reserved_tck ; 50.000       ; 0.298      ; 0.916      ;
; 97.156 ; sld_hub:auto_hub|sld_jtag_hub:\jtag_hub_gen:sld_jtag_hub_inst|virtual_ir_scan_reg                                                                                 ; rom1:inst2|altsyncram:altsyncram_component|altsyncram_bnb1:auto_generated|sld_mod_ram_rom:mgl_prim2|ram_rom_data_reg[22] ; altera_reserved_tck ; altera_reserved_tck ; 100.000      ; -0.025     ; 2.826      ;
; 97.156 ; sld_hub:auto_hub|sld_jtag_hub:\jtag_hub_gen:sld_jtag_hub_inst|virtual_ir_scan_reg                                                                                 ; rom1:inst2|altsyncram:altsyncram_component|altsyncram_bnb1:auto_generated|sld_mod_ram_rom:mgl_prim2|ram_rom_data_reg[21] ; altera_reserved_tck ; altera_reserved_tck ; 100.000      ; -0.025     ; 2.826      ;
; 97.156 ; sld_hub:auto_hub|sld_jtag_hub:\jtag_hub_gen:sld_jtag_hub_inst|virtual_ir_scan_reg                                                                                 ; rom1:inst2|altsyncram:altsyncram_component|altsyncram_bnb1:auto_generated|sld_mod_ram_rom:mgl_prim2|ram_rom_data_reg[20] ; altera_reserved_tck ; altera_reserved_tck ; 100.000      ; -0.025     ; 2.826      ;
; 97.156 ; sld_hub:auto_hub|sld_jtag_hub:\jtag_hub_gen:sld_jtag_hub_inst|virtual_ir_scan_reg                                                                                 ; rom1:inst2|altsyncram:altsyncram_component|altsyncram_bnb1:auto_generated|sld_mod_ram_rom:mgl_prim2|ram_rom_data_reg[19] ; altera_reserved_tck ; altera_reserved_tck ; 100.000      ; -0.025     ; 2.826      ;
; 97.156 ; sld_hub:auto_hub|sld_jtag_hub:\jtag_hub_gen:sld_jtag_hub_inst|virtual_ir_scan_reg                                                                                 ; rom1:inst2|altsyncram:altsyncram_component|altsyncram_bnb1:auto_generated|sld_mod_ram_rom:mgl_prim2|ram_rom_data_reg[18] ; altera_reserved_tck ; altera_reserved_tck ; 100.000      ; -0.025     ; 2.826      ;
; 97.156 ; sld_hub:auto_hub|sld_jtag_hub:\jtag_hub_gen:sld_jtag_hub_inst|virtual_ir_scan_reg                                                                                 ; rom1:inst2|altsyncram:altsyncram_component|altsyncram_bnb1:auto_generated|sld_mod_ram_rom:mgl_prim2|ram_rom_data_reg[17] ; altera_reserved_tck ; altera_reserved_tck ; 100.000      ; -0.025     ; 2.826      ;
; 97.156 ; sld_hub:auto_hub|sld_jtag_hub:\jtag_hub_gen:sld_jtag_hub_inst|virtual_ir_scan_reg                                                                                 ; rom1:inst2|altsyncram:altsyncram_component|altsyncram_bnb1:auto_generated|sld_mod_ram_rom:mgl_prim2|ram_rom_data_reg[16] ; altera_reserved_tck ; altera_reserved_tck ; 100.000      ; -0.025     ; 2.826      ;
; 97.156 ; sld_hub:auto_hub|sld_jtag_hub:\jtag_hub_gen:sld_jtag_hub_inst|virtual_ir_scan_reg                                                                                 ; rom1:inst2|altsyncram:altsyncram_component|altsyncram_bnb1:auto_generated|sld_mod_ram_rom:mgl_prim2|ram_rom_data_reg[15] ; altera_reserved_tck ; altera_reserved_tck ; 100.000      ; -0.025     ; 2.826      ;
; 97.156 ; sld_hub:auto_hub|sld_jtag_hub:\jtag_hub_gen:sld_jtag_hub_inst|virtual_ir_scan_reg                                                                                 ; rom1:inst2|altsyncram:altsyncram_component|altsyncram_bnb1:auto_generated|sld_mod_ram_rom:mgl_prim2|ram_rom_data_reg[23] ; altera_reserved_tck ; altera_reserved_tck ; 100.000      ; -0.025     ; 2.826      ;
; 97.174 ; rom1:inst2|altsyncram:altsyncram_component|altsyncram_bnb1:auto_generated|sld_mod_ram_rom:mgl_prim2|ram_rom_data_shift_cntr_reg[2]                                ; rom1:inst2|altsyncram:altsyncram_component|altsyncram_bnb1:auto_generated|sld_mod_ram_rom:mgl_prim2|ram_rom_data_reg[22] ; altera_reserved_tck ; altera_reserved_tck ; 100.000      ; -0.044     ; 2.789      ;
; 97.174 ; rom1:inst2|altsyncram:altsyncram_component|altsyncram_bnb1:auto_generated|sld_mod_ram_rom:mgl_prim2|ram_rom_data_shift_cntr_reg[2]                                ; rom1:inst2|altsyncram:altsyncram_component|altsyncram_bnb1:auto_generated|sld_mod_ram_rom:mgl_prim2|ram_rom_data_reg[21] ; altera_reserved_tck ; altera_reserved_tck ; 100.000      ; -0.044     ; 2.789      ;
; 97.174 ; rom1:inst2|altsyncram:altsyncram_component|altsyncram_bnb1:auto_generated|sld_mod_ram_rom:mgl_prim2|ram_rom_data_shift_cntr_reg[2]                                ; rom1:inst2|altsyncram:altsyncram_component|altsyncram_bnb1:auto_generated|sld_mod_ram_rom:mgl_prim2|ram_rom_data_reg[20] ; altera_reserved_tck ; altera_reserved_tck ; 100.000      ; -0.044     ; 2.789      ;
; 97.174 ; rom1:inst2|altsyncram:altsyncram_component|altsyncram_bnb1:auto_generated|sld_mod_ram_rom:mgl_prim2|ram_rom_data_shift_cntr_reg[2]                                ; rom1:inst2|altsyncram:altsyncram_component|altsyncram_bnb1:auto_generated|sld_mod_ram_rom:mgl_prim2|ram_rom_data_reg[19] ; altera_reserved_tck ; altera_reserved_tck ; 100.000      ; -0.044     ; 2.789      ;
; 97.174 ; rom1:inst2|altsyncram:altsyncram_component|altsyncram_bnb1:auto_generated|sld_mod_ram_rom:mgl_prim2|ram_rom_data_shift_cntr_reg[2]                                ; rom1:inst2|altsyncram:altsyncram_component|altsyncram_bnb1:auto_generated|sld_mod_ram_rom:mgl_prim2|ram_rom_data_reg[18] ; altera_reserved_tck ; altera_reserved_tck ; 100.000      ; -0.044     ; 2.789      ;
; 97.174 ; rom1:inst2|altsyncram:altsyncram_component|altsyncram_bnb1:auto_generated|sld_mod_ram_rom:mgl_prim2|ram_rom_data_shift_cntr_reg[2]                                ; rom1:inst2|altsyncram:altsyncram_component|altsyncram_bnb1:auto_generated|sld_mod_ram_rom:mgl_prim2|ram_rom_data_reg[17] ; altera_reserved_tck ; altera_reserved_tck ; 100.000      ; -0.044     ; 2.789      ;
; 97.174 ; rom1:inst2|altsyncram:altsyncram_component|altsyncram_bnb1:auto_generated|sld_mod_ram_rom:mgl_prim2|ram_rom_data_shift_cntr_reg[2]                                ; rom1:inst2|altsyncram:altsyncram_component|altsyncram_bnb1:auto_generated|sld_mod_ram_rom:mgl_prim2|ram_rom_data_reg[16] ; altera_reserved_tck ; altera_reserved_tck ; 100.000      ; -0.044     ; 2.789      ;
; 97.174 ; rom1:inst2|altsyncram:altsyncram_component|altsyncram_bnb1:auto_generated|sld_mod_ram_rom:mgl_prim2|ram_rom_data_shift_cntr_reg[2]                                ; rom1:inst2|altsyncram:altsyncram_component|altsyncram_bnb1:auto_generated|sld_mod_ram_rom:mgl_prim2|ram_rom_data_reg[15] ; altera_reserved_tck ; altera_reserved_tck ; 100.000      ; -0.044     ; 2.789      ;
; 97.174 ; rom1:inst2|altsyncram:altsyncram_component|altsyncram_bnb1:auto_generated|sld_mod_ram_rom:mgl_prim2|ram_rom_data_shift_cntr_reg[2]                                ; rom1:inst2|altsyncram:altsyncram_component|altsyncram_bnb1:auto_generated|sld_mod_ram_rom:mgl_prim2|ram_rom_data_reg[23] ; altera_reserved_tck ; altera_reserved_tck ; 100.000      ; -0.044     ; 2.789      ;
; 97.202 ; rom1:inst2|altsyncram:altsyncram_component|altsyncram_bnb1:auto_generated|sld_mod_ram_rom:mgl_prim2|ram_rom_data_shift_cntr_reg[3]                                ; rom1:inst2|altsyncram:altsyncram_component|altsyncram_bnb1:auto_generated|sld_mod_ram_rom:mgl_prim2|ram_rom_data_reg[22] ; altera_reserved_tck ; altera_reserved_tck ; 100.000      ; -0.044     ; 2.761      ;
; 97.202 ; rom1:inst2|altsyncram:altsyncram_component|altsyncram_bnb1:auto_generated|sld_mod_ram_rom:mgl_prim2|ram_rom_data_shift_cntr_reg[3]                                ; rom1:inst2|altsyncram:altsyncram_component|altsyncram_bnb1:auto_generated|sld_mod_ram_rom:mgl_prim2|ram_rom_data_reg[21] ; altera_reserved_tck ; altera_reserved_tck ; 100.000      ; -0.044     ; 2.761      ;
; 97.202 ; rom1:inst2|altsyncram:altsyncram_component|altsyncram_bnb1:auto_generated|sld_mod_ram_rom:mgl_prim2|ram_rom_data_shift_cntr_reg[3]                                ; rom1:inst2|altsyncram:altsyncram_component|altsyncram_bnb1:auto_generated|sld_mod_ram_rom:mgl_prim2|ram_rom_data_reg[20] ; altera_reserved_tck ; altera_reserved_tck ; 100.000      ; -0.044     ; 2.761      ;
; 97.202 ; rom1:inst2|altsyncram:altsyncram_component|altsyncram_bnb1:auto_generated|sld_mod_ram_rom:mgl_prim2|ram_rom_data_shift_cntr_reg[3]                                ; rom1:inst2|altsyncram:altsyncram_component|altsyncram_bnb1:auto_generated|sld_mod_ram_rom:mgl_prim2|ram_rom_data_reg[19] ; altera_reserved_tck ; altera_reserved_tck ; 100.000      ; -0.044     ; 2.761      ;
; 97.202 ; rom1:inst2|altsyncram:altsyncram_component|altsyncram_bnb1:auto_generated|sld_mod_ram_rom:mgl_prim2|ram_rom_data_shift_cntr_reg[3]                                ; rom1:inst2|altsyncram:altsyncram_component|altsyncram_bnb1:auto_generated|sld_mod_ram_rom:mgl_prim2|ram_rom_data_reg[18] ; altera_reserved_tck ; altera_reserved_tck ; 100.000      ; -0.044     ; 2.761      ;
; 97.202 ; rom1:inst2|altsyncram:altsyncram_component|altsyncram_bnb1:auto_generated|sld_mod_ram_rom:mgl_prim2|ram_rom_data_shift_cntr_reg[3]                                ; rom1:inst2|altsyncram:altsyncram_component|altsyncram_bnb1:auto_generated|sld_mod_ram_rom:mgl_prim2|ram_rom_data_reg[17] ; altera_reserved_tck ; altera_reserved_tck ; 100.000      ; -0.044     ; 2.761      ;
; 97.202 ; rom1:inst2|altsyncram:altsyncram_component|altsyncram_bnb1:auto_generated|sld_mod_ram_rom:mgl_prim2|ram_rom_data_shift_cntr_reg[3]                                ; rom1:inst2|altsyncram:altsyncram_component|altsyncram_bnb1:auto_generated|sld_mod_ram_rom:mgl_prim2|ram_rom_data_reg[16] ; altera_reserved_tck ; altera_reserved_tck ; 100.000      ; -0.044     ; 2.761      ;
; 97.202 ; rom1:inst2|altsyncram:altsyncram_component|altsyncram_bnb1:auto_generated|sld_mod_ram_rom:mgl_prim2|ram_rom_data_shift_cntr_reg[3]                                ; rom1:inst2|altsyncram:altsyncram_component|altsyncram_bnb1:auto_generated|sld_mod_ram_rom:mgl_prim2|ram_rom_data_reg[15] ; altera_reserved_tck ; altera_reserved_tck ; 100.000      ; -0.044     ; 2.761      ;
; 97.202 ; rom1:inst2|altsyncram:altsyncram_component|altsyncram_bnb1:auto_generated|sld_mod_ram_rom:mgl_prim2|ram_rom_data_shift_cntr_reg[3]                                ; rom1:inst2|altsyncram:altsyncram_component|altsyncram_bnb1:auto_generated|sld_mod_ram_rom:mgl_prim2|ram_rom_data_reg[23] ; altera_reserved_tck ; altera_reserved_tck ; 100.000      ; -0.044     ; 2.761      ;
; 97.217 ; sld_hub:auto_hub|sld_jtag_hub:\jtag_hub_gen:sld_jtag_hub_inst|node_ena[1]~reg0                                                                                    ; rom1:inst2|altsyncram:altsyncram_component|altsyncram_bnb1:auto_generated|sld_mod_ram_rom:mgl_prim2|ram_rom_data_reg[22] ; altera_reserved_tck ; altera_reserved_tck ; 100.000      ; -0.025     ; 2.765      ;
; 97.217 ; sld_hub:auto_hub|sld_jtag_hub:\jtag_hub_gen:sld_jtag_hub_inst|node_ena[1]~reg0                                                                                    ; rom1:inst2|altsyncram:altsyncram_component|altsyncram_bnb1:auto_generated|sld_mod_ram_rom:mgl_prim2|ram_rom_data_reg[21] ; altera_reserved_tck ; altera_reserved_tck ; 100.000      ; -0.025     ; 2.765      ;
; 97.217 ; sld_hub:auto_hub|sld_jtag_hub:\jtag_hub_gen:sld_jtag_hub_inst|node_ena[1]~reg0                                                                                    ; rom1:inst2|altsyncram:altsyncram_component|altsyncram_bnb1:auto_generated|sld_mod_ram_rom:mgl_prim2|ram_rom_data_reg[20] ; altera_reserved_tck ; altera_reserved_tck ; 100.000      ; -0.025     ; 2.765      ;
; 97.217 ; sld_hub:auto_hub|sld_jtag_hub:\jtag_hub_gen:sld_jtag_hub_inst|node_ena[1]~reg0                                                                                    ; rom1:inst2|altsyncram:altsyncram_component|altsyncram_bnb1:auto_generated|sld_mod_ram_rom:mgl_prim2|ram_rom_data_reg[19] ; altera_reserved_tck ; altera_reserved_tck ; 100.000      ; -0.025     ; 2.765      ;
; 97.217 ; sld_hub:auto_hub|sld_jtag_hub:\jtag_hub_gen:sld_jtag_hub_inst|node_ena[1]~reg0                                                                                    ; rom1:inst2|altsyncram:altsyncram_component|altsyncram_bnb1:auto_generated|sld_mod_ram_rom:mgl_prim2|ram_rom_data_reg[18] ; altera_reserved_tck ; altera_reserved_tck ; 100.000      ; -0.025     ; 2.765      ;
; 97.217 ; sld_hub:auto_hub|sld_jtag_hub:\jtag_hub_gen:sld_jtag_hub_inst|node_ena[1]~reg0                                                                                    ; rom1:inst2|altsyncram:altsyncram_component|altsyncram_bnb1:auto_generated|sld_mod_ram_rom:mgl_prim2|ram_rom_data_reg[17] ; altera_reserved_tck ; altera_reserved_tck ; 100.000      ; -0.025     ; 2.765      ;
; 97.217 ; sld_hub:auto_hub|sld_jtag_hub:\jtag_hub_gen:sld_jtag_hub_inst|node_ena[1]~reg0                                                                                    ; rom1:inst2|altsyncram:altsyncram_component|altsyncram_bnb1:auto_generated|sld_mod_ram_rom:mgl_prim2|ram_rom_data_reg[16] ; altera_reserved_tck ; altera_reserved_tck ; 100.000      ; -0.025     ; 2.765      ;
; 97.217 ; sld_hub:auto_hub|sld_jtag_hub:\jtag_hub_gen:sld_jtag_hub_inst|node_ena[1]~reg0                                                                                    ; rom1:inst2|altsyncram:altsyncram_component|altsyncram_bnb1:auto_generated|sld_mod_ram_rom:mgl_prim2|ram_rom_data_reg[15] ; altera_reserved_tck ; altera_reserved_tck ; 100.000      ; -0.025     ; 2.765      ;
; 97.217 ; sld_hub:auto_hub|sld_jtag_hub:\jtag_hub_gen:sld_jtag_hub_inst|node_ena[1]~reg0                                                                                    ; rom1:inst2|altsyncram:altsyncram_component|altsyncram_bnb1:auto_generated|sld_mod_ram_rom:mgl_prim2|ram_rom_data_reg[23] ; altera_reserved_tck ; altera_reserved_tck ; 100.000      ; -0.025     ; 2.765      ;
; 97.221 ; rom1:inst2|altsyncram:altsyncram_component|altsyncram_bnb1:auto_generated|sld_mod_ram_rom:mgl_prim2|ram_rom_data_shift_cntr_reg[4]                                ; rom1:inst2|altsyncram:altsyncram_component|altsyncram_bnb1:auto_generated|sld_mod_ram_rom:mgl_prim2|ram_rom_data_reg[22] ; altera_reserved_tck ; altera_reserved_tck ; 100.000      ; -0.044     ; 2.742      ;
; 97.221 ; rom1:inst2|altsyncram:altsyncram_component|altsyncram_bnb1:auto_generated|sld_mod_ram_rom:mgl_prim2|ram_rom_data_shift_cntr_reg[4]                                ; rom1:inst2|altsyncram:altsyncram_component|altsyncram_bnb1:auto_generated|sld_mod_ram_rom:mgl_prim2|ram_rom_data_reg[21] ; altera_reserved_tck ; altera_reserved_tck ; 100.000      ; -0.044     ; 2.742      ;
; 97.221 ; rom1:inst2|altsyncram:altsyncram_component|altsyncram_bnb1:auto_generated|sld_mod_ram_rom:mgl_prim2|ram_rom_data_shift_cntr_reg[4]                                ; rom1:inst2|altsyncram:altsyncram_component|altsyncram_bnb1:auto_generated|sld_mod_ram_rom:mgl_prim2|ram_rom_data_reg[20] ; altera_reserved_tck ; altera_reserved_tck ; 100.000      ; -0.044     ; 2.742      ;
; 97.221 ; rom1:inst2|altsyncram:altsyncram_component|altsyncram_bnb1:auto_generated|sld_mod_ram_rom:mgl_prim2|ram_rom_data_shift_cntr_reg[4]                                ; rom1:inst2|altsyncram:altsyncram_component|altsyncram_bnb1:auto_generated|sld_mod_ram_rom:mgl_prim2|ram_rom_data_reg[19] ; altera_reserved_tck ; altera_reserved_tck ; 100.000      ; -0.044     ; 2.742      ;
; 97.221 ; rom1:inst2|altsyncram:altsyncram_component|altsyncram_bnb1:auto_generated|sld_mod_ram_rom:mgl_prim2|ram_rom_data_shift_cntr_reg[4]                                ; rom1:inst2|altsyncram:altsyncram_component|altsyncram_bnb1:auto_generated|sld_mod_ram_rom:mgl_prim2|ram_rom_data_reg[18] ; altera_reserved_tck ; altera_reserved_tck ; 100.000      ; -0.044     ; 2.742      ;
; 97.221 ; rom1:inst2|altsyncram:altsyncram_component|altsyncram_bnb1:auto_generated|sld_mod_ram_rom:mgl_prim2|ram_rom_data_shift_cntr_reg[4]                                ; rom1:inst2|altsyncram:altsyncram_component|altsyncram_bnb1:auto_generated|sld_mod_ram_rom:mgl_prim2|ram_rom_data_reg[17] ; altera_reserved_tck ; altera_reserved_tck ; 100.000      ; -0.044     ; 2.742      ;
; 97.221 ; rom1:inst2|altsyncram:altsyncram_component|altsyncram_bnb1:auto_generated|sld_mod_ram_rom:mgl_prim2|ram_rom_data_shift_cntr_reg[4]                                ; rom1:inst2|altsyncram:altsyncram_component|altsyncram_bnb1:auto_generated|sld_mod_ram_rom:mgl_prim2|ram_rom_data_reg[16] ; altera_reserved_tck ; altera_reserved_tck ; 100.000      ; -0.044     ; 2.742      ;
; 97.221 ; rom1:inst2|altsyncram:altsyncram_component|altsyncram_bnb1:auto_generated|sld_mod_ram_rom:mgl_prim2|ram_rom_data_shift_cntr_reg[4]                                ; rom1:inst2|altsyncram:altsyncram_component|altsyncram_bnb1:auto_generated|sld_mod_ram_rom:mgl_prim2|ram_rom_data_reg[15] ; altera_reserved_tck ; altera_reserved_tck ; 100.000      ; -0.044     ; 2.742      ;
; 97.221 ; rom1:inst2|altsyncram:altsyncram_component|altsyncram_bnb1:auto_generated|sld_mod_ram_rom:mgl_prim2|ram_rom_data_shift_cntr_reg[4]                                ; rom1:inst2|altsyncram:altsyncram_component|altsyncram_bnb1:auto_generated|sld_mod_ram_rom:mgl_prim2|ram_rom_data_reg[23] ; altera_reserved_tck ; altera_reserved_tck ; 100.000      ; -0.044     ; 2.742      ;
; 97.269 ; sld_hub:auto_hub|sld_jtag_hub:\jtag_hub_gen:sld_jtag_hub_inst|virtual_ir_scan_reg                                                                                 ; sld_hub:auto_hub|sld_jtag_hub:\jtag_hub_gen:sld_jtag_hub_inst|irf_reg[1][0]                                              ; altera_reserved_tck ; altera_reserved_tck ; 100.000      ; -0.031     ; 2.707      ;
; 97.269 ; sld_hub:auto_hub|sld_jtag_hub:\jtag_hub_gen:sld_jtag_hub_inst|virtual_ir_scan_reg                                                                                 ; sld_hub:auto_hub|sld_jtag_hub:\jtag_hub_gen:sld_jtag_hub_inst|irf_reg[1][1]                                              ; altera_reserved_tck ; altera_reserved_tck ; 100.000      ; -0.031     ; 2.707      ;
; 97.269 ; sld_hub:auto_hub|sld_jtag_hub:\jtag_hub_gen:sld_jtag_hub_inst|virtual_ir_scan_reg                                                                                 ; sld_hub:auto_hub|sld_jtag_hub:\jtag_hub_gen:sld_jtag_hub_inst|irf_reg[1][2]                                              ; altera_reserved_tck ; altera_reserved_tck ; 100.000      ; -0.031     ; 2.707      ;
; 97.269 ; sld_hub:auto_hub|sld_jtag_hub:\jtag_hub_gen:sld_jtag_hub_inst|virtual_ir_scan_reg                                                                                 ; sld_hub:auto_hub|sld_jtag_hub:\jtag_hub_gen:sld_jtag_hub_inst|irf_reg[1][4]                                              ; altera_reserved_tck ; altera_reserved_tck ; 100.000      ; -0.031     ; 2.707      ;
; 97.269 ; sld_hub:auto_hub|sld_jtag_hub:\jtag_hub_gen:sld_jtag_hub_inst|virtual_ir_scan_reg                                                                                 ; sld_hub:auto_hub|sld_jtag_hub:\jtag_hub_gen:sld_jtag_hub_inst|irf_reg[1][3]                                              ; altera_reserved_tck ; altera_reserved_tck ; 100.000      ; -0.031     ; 2.707      ;
; 97.294 ; rom1:inst2|altsyncram:altsyncram_component|altsyncram_bnb1:auto_generated|sld_mod_ram_rom:mgl_prim2|ram_rom_data_shift_cntr_reg[0]                                ; rom1:inst2|altsyncram:altsyncram_component|altsyncram_bnb1:auto_generated|sld_mod_ram_rom:mgl_prim2|ram_rom_data_reg[22] ; altera_reserved_tck ; altera_reserved_tck ; 100.000      ; -0.044     ; 2.669      ;
; 97.294 ; rom1:inst2|altsyncram:altsyncram_component|altsyncram_bnb1:auto_generated|sld_mod_ram_rom:mgl_prim2|ram_rom_data_shift_cntr_reg[0]                                ; rom1:inst2|altsyncram:altsyncram_component|altsyncram_bnb1:auto_generated|sld_mod_ram_rom:mgl_prim2|ram_rom_data_reg[21] ; altera_reserved_tck ; altera_reserved_tck ; 100.000      ; -0.044     ; 2.669      ;
; 97.294 ; rom1:inst2|altsyncram:altsyncram_component|altsyncram_bnb1:auto_generated|sld_mod_ram_rom:mgl_prim2|ram_rom_data_shift_cntr_reg[0]                                ; rom1:inst2|altsyncram:altsyncram_component|altsyncram_bnb1:auto_generated|sld_mod_ram_rom:mgl_prim2|ram_rom_data_reg[20] ; altera_reserved_tck ; altera_reserved_tck ; 100.000      ; -0.044     ; 2.669      ;
; 97.294 ; rom1:inst2|altsyncram:altsyncram_component|altsyncram_bnb1:auto_generated|sld_mod_ram_rom:mgl_prim2|ram_rom_data_shift_cntr_reg[0]                                ; rom1:inst2|altsyncram:altsyncram_component|altsyncram_bnb1:auto_generated|sld_mod_ram_rom:mgl_prim2|ram_rom_data_reg[19] ; altera_reserved_tck ; altera_reserved_tck ; 100.000      ; -0.044     ; 2.669      ;
; 97.294 ; rom1:inst2|altsyncram:altsyncram_component|altsyncram_bnb1:auto_generated|sld_mod_ram_rom:mgl_prim2|ram_rom_data_shift_cntr_reg[0]                                ; rom1:inst2|altsyncram:altsyncram_component|altsyncram_bnb1:auto_generated|sld_mod_ram_rom:mgl_prim2|ram_rom_data_reg[18] ; altera_reserved_tck ; altera_reserved_tck ; 100.000      ; -0.044     ; 2.669      ;
; 97.294 ; rom1:inst2|altsyncram:altsyncram_component|altsyncram_bnb1:auto_generated|sld_mod_ram_rom:mgl_prim2|ram_rom_data_shift_cntr_reg[0]                                ; rom1:inst2|altsyncram:altsyncram_component|altsyncram_bnb1:auto_generated|sld_mod_ram_rom:mgl_prim2|ram_rom_data_reg[17] ; altera_reserved_tck ; altera_reserved_tck ; 100.000      ; -0.044     ; 2.669      ;
; 97.294 ; rom1:inst2|altsyncram:altsyncram_component|altsyncram_bnb1:auto_generated|sld_mod_ram_rom:mgl_prim2|ram_rom_data_shift_cntr_reg[0]                                ; rom1:inst2|altsyncram:altsyncram_component|altsyncram_bnb1:auto_generated|sld_mod_ram_rom:mgl_prim2|ram_rom_data_reg[16] ; altera_reserved_tck ; altera_reserved_tck ; 100.000      ; -0.044     ; 2.669      ;
; 97.294 ; rom1:inst2|altsyncram:altsyncram_component|altsyncram_bnb1:auto_generated|sld_mod_ram_rom:mgl_prim2|ram_rom_data_shift_cntr_reg[0]                                ; rom1:inst2|altsyncram:altsyncram_component|altsyncram_bnb1:auto_generated|sld_mod_ram_rom:mgl_prim2|ram_rom_data_reg[15] ; altera_reserved_tck ; altera_reserved_tck ; 100.000      ; -0.044     ; 2.669      ;
; 97.294 ; rom1:inst2|altsyncram:altsyncram_component|altsyncram_bnb1:auto_generated|sld_mod_ram_rom:mgl_prim2|ram_rom_data_shift_cntr_reg[0]                                ; rom1:inst2|altsyncram:altsyncram_component|altsyncram_bnb1:auto_generated|sld_mod_ram_rom:mgl_prim2|ram_rom_data_reg[23] ; altera_reserved_tck ; altera_reserved_tck ; 100.000      ; -0.044     ; 2.669      ;
; 97.397 ; sld_hub:auto_hub|sld_jtag_hub:\jtag_hub_gen:sld_jtag_hub_inst|virtual_ir_scan_reg                                                                                 ; rom1:inst2|altsyncram:altsyncram_component|altsyncram_bnb1:auto_generated|sld_mod_ram_rom:mgl_prim2|ram_rom_data_reg[14] ; altera_reserved_tck ; altera_reserved_tck ; 100.000      ; -0.031     ; 2.579      ;
; 97.397 ; sld_hub:auto_hub|sld_jtag_hub:\jtag_hub_gen:sld_jtag_hub_inst|virtual_ir_scan_reg                                                                                 ; rom1:inst2|altsyncram:altsyncram_component|altsyncram_bnb1:auto_generated|sld_mod_ram_rom:mgl_prim2|ram_rom_data_reg[13] ; altera_reserved_tck ; altera_reserved_tck ; 100.000      ; -0.031     ; 2.579      ;
; 97.397 ; sld_hub:auto_hub|sld_jtag_hub:\jtag_hub_gen:sld_jtag_hub_inst|virtual_ir_scan_reg                                                                                 ; rom1:inst2|altsyncram:altsyncram_component|altsyncram_bnb1:auto_generated|sld_mod_ram_rom:mgl_prim2|ram_rom_data_reg[12] ; altera_reserved_tck ; altera_reserved_tck ; 100.000      ; -0.031     ; 2.579      ;
; 97.397 ; sld_hub:auto_hub|sld_jtag_hub:\jtag_hub_gen:sld_jtag_hub_inst|virtual_ir_scan_reg                                                                                 ; rom1:inst2|altsyncram:altsyncram_component|altsyncram_bnb1:auto_generated|sld_mod_ram_rom:mgl_prim2|ram_rom_data_reg[11] ; altera_reserved_tck ; altera_reserved_tck ; 100.000      ; -0.031     ; 2.579      ;
; 97.397 ; sld_hub:auto_hub|sld_jtag_hub:\jtag_hub_gen:sld_jtag_hub_inst|virtual_ir_scan_reg                                                                                 ; rom1:inst2|altsyncram:altsyncram_component|altsyncram_bnb1:auto_generated|sld_mod_ram_rom:mgl_prim2|ram_rom_data_reg[10] ; altera_reserved_tck ; altera_reserved_tck ; 100.000      ; -0.031     ; 2.579      ;
; 97.397 ; sld_hub:auto_hub|sld_jtag_hub:\jtag_hub_gen:sld_jtag_hub_inst|virtual_ir_scan_reg                                                                                 ; rom1:inst2|altsyncram:altsyncram_component|altsyncram_bnb1:auto_generated|sld_mod_ram_rom:mgl_prim2|ram_rom_data_reg[9]  ; altera_reserved_tck ; altera_reserved_tck ; 100.000      ; -0.031     ; 2.579      ;
; 97.397 ; sld_hub:auto_hub|sld_jtag_hub:\jtag_hub_gen:sld_jtag_hub_inst|virtual_ir_scan_reg                                                                                 ; rom1:inst2|altsyncram:altsyncram_component|altsyncram_bnb1:auto_generated|sld_mod_ram_rom:mgl_prim2|ram_rom_data_reg[8]  ; altera_reserved_tck ; altera_reserved_tck ; 100.000      ; -0.031     ; 2.579      ;
; 97.397 ; sld_hub:auto_hub|sld_jtag_hub:\jtag_hub_gen:sld_jtag_hub_inst|virtual_ir_scan_reg                                                                                 ; rom1:inst2|altsyncram:altsyncram_component|altsyncram_bnb1:auto_generated|sld_mod_ram_rom:mgl_prim2|ram_rom_data_reg[7]  ; altera_reserved_tck ; altera_reserved_tck ; 100.000      ; -0.031     ; 2.579      ;
; 97.397 ; sld_hub:auto_hub|sld_jtag_hub:\jtag_hub_gen:sld_jtag_hub_inst|virtual_ir_scan_reg                                                                                 ; rom1:inst2|altsyncram:altsyncram_component|altsyncram_bnb1:auto_generated|sld_mod_ram_rom:mgl_prim2|ram_rom_data_reg[6]  ; altera_reserved_tck ; altera_reserved_tck ; 100.000      ; -0.031     ; 2.579      ;
; 97.397 ; sld_hub:auto_hub|sld_jtag_hub:\jtag_hub_gen:sld_jtag_hub_inst|virtual_ir_scan_reg                                                                                 ; rom1:inst2|altsyncram:altsyncram_component|altsyncram_bnb1:auto_generated|sld_mod_ram_rom:mgl_prim2|ram_rom_data_reg[5]  ; altera_reserved_tck ; altera_reserved_tck ; 100.000      ; -0.031     ; 2.579      ;
; 97.397 ; sld_hub:auto_hub|sld_jtag_hub:\jtag_hub_gen:sld_jtag_hub_inst|virtual_ir_scan_reg                                                                                 ; rom1:inst2|altsyncram:altsyncram_component|altsyncram_bnb1:auto_generated|sld_mod_ram_rom:mgl_prim2|ram_rom_data_reg[4]  ; altera_reserved_tck ; altera_reserved_tck ; 100.000      ; -0.031     ; 2.579      ;
; 97.397 ; sld_hub:auto_hub|sld_jtag_hub:\jtag_hub_gen:sld_jtag_hub_inst|virtual_ir_scan_reg                                                                                 ; rom1:inst2|altsyncram:altsyncram_component|altsyncram_bnb1:auto_generated|sld_mod_ram_rom:mgl_prim2|ram_rom_data_reg[3]  ; altera_reserved_tck ; altera_reserved_tck ; 100.000      ; -0.031     ; 2.579      ;
; 97.397 ; sld_hub:auto_hub|sld_jtag_hub:\jtag_hub_gen:sld_jtag_hub_inst|virtual_ir_scan_reg                                                                                 ; rom1:inst2|altsyncram:altsyncram_component|altsyncram_bnb1:auto_generated|sld_mod_ram_rom:mgl_prim2|ram_rom_data_reg[2]  ; altera_reserved_tck ; altera_reserved_tck ; 100.000      ; -0.031     ; 2.579      ;
; 97.397 ; sld_hub:auto_hub|sld_jtag_hub:\jtag_hub_gen:sld_jtag_hub_inst|virtual_ir_scan_reg                                                                                 ; rom1:inst2|altsyncram:altsyncram_component|altsyncram_bnb1:auto_generated|sld_mod_ram_rom:mgl_prim2|ram_rom_data_reg[1]  ; altera_reserved_tck ; altera_reserved_tck ; 100.000      ; -0.031     ; 2.579      ;
; 97.397 ; sld_hub:auto_hub|sld_jtag_hub:\jtag_hub_gen:sld_jtag_hub_inst|virtual_ir_scan_reg                                                                                 ; rom1:inst2|altsyncram:altsyncram_component|altsyncram_bnb1:auto_generated|sld_mod_ram_rom:mgl_prim2|ram_rom_data_reg[0]  ; altera_reserved_tck ; altera_reserved_tck ; 100.000      ; -0.031     ; 2.579      ;
; 97.415 ; rom1:inst2|altsyncram:altsyncram_component|altsyncram_bnb1:auto_generated|sld_mod_ram_rom:mgl_prim2|ram_rom_data_shift_cntr_reg[2]                                ; rom1:inst2|altsyncram:altsyncram_component|altsyncram_bnb1:auto_generated|sld_mod_ram_rom:mgl_prim2|ram_rom_data_reg[14] ; altera_reserved_tck ; altera_reserved_tck ; 100.000      ; -0.050     ; 2.542      ;
; 97.415 ; rom1:inst2|altsyncram:altsyncram_component|altsyncram_bnb1:auto_generated|sld_mod_ram_rom:mgl_prim2|ram_rom_data_shift_cntr_reg[2]                                ; rom1:inst2|altsyncram:altsyncram_component|altsyncram_bnb1:auto_generated|sld_mod_ram_rom:mgl_prim2|ram_rom_data_reg[13] ; altera_reserved_tck ; altera_reserved_tck ; 100.000      ; -0.050     ; 2.542      ;
; 97.415 ; rom1:inst2|altsyncram:altsyncram_component|altsyncram_bnb1:auto_generated|sld_mod_ram_rom:mgl_prim2|ram_rom_data_shift_cntr_reg[2]                                ; rom1:inst2|altsyncram:altsyncram_component|altsyncram_bnb1:auto_generated|sld_mod_ram_rom:mgl_prim2|ram_rom_data_reg[12] ; altera_reserved_tck ; altera_reserved_tck ; 100.000      ; -0.050     ; 2.542      ;
; 97.415 ; rom1:inst2|altsyncram:altsyncram_component|altsyncram_bnb1:auto_generated|sld_mod_ram_rom:mgl_prim2|ram_rom_data_shift_cntr_reg[2]                                ; rom1:inst2|altsyncram:altsyncram_component|altsyncram_bnb1:auto_generated|sld_mod_ram_rom:mgl_prim2|ram_rom_data_reg[11] ; altera_reserved_tck ; altera_reserved_tck ; 100.000      ; -0.050     ; 2.542      ;
; 97.415 ; rom1:inst2|altsyncram:altsyncram_component|altsyncram_bnb1:auto_generated|sld_mod_ram_rom:mgl_prim2|ram_rom_data_shift_cntr_reg[2]                                ; rom1:inst2|altsyncram:altsyncram_component|altsyncram_bnb1:auto_generated|sld_mod_ram_rom:mgl_prim2|ram_rom_data_reg[10] ; altera_reserved_tck ; altera_reserved_tck ; 100.000      ; -0.050     ; 2.542      ;
; 97.415 ; rom1:inst2|altsyncram:altsyncram_component|altsyncram_bnb1:auto_generated|sld_mod_ram_rom:mgl_prim2|ram_rom_data_shift_cntr_reg[2]                                ; rom1:inst2|altsyncram:altsyncram_component|altsyncram_bnb1:auto_generated|sld_mod_ram_rom:mgl_prim2|ram_rom_data_reg[9]  ; altera_reserved_tck ; altera_reserved_tck ; 100.000      ; -0.050     ; 2.542      ;
; 97.415 ; rom1:inst2|altsyncram:altsyncram_component|altsyncram_bnb1:auto_generated|sld_mod_ram_rom:mgl_prim2|ram_rom_data_shift_cntr_reg[2]                                ; rom1:inst2|altsyncram:altsyncram_component|altsyncram_bnb1:auto_generated|sld_mod_ram_rom:mgl_prim2|ram_rom_data_reg[8]  ; altera_reserved_tck ; altera_reserved_tck ; 100.000      ; -0.050     ; 2.542      ;
; 97.415 ; rom1:inst2|altsyncram:altsyncram_component|altsyncram_bnb1:auto_generated|sld_mod_ram_rom:mgl_prim2|ram_rom_data_shift_cntr_reg[2]                                ; rom1:inst2|altsyncram:altsyncram_component|altsyncram_bnb1:auto_generated|sld_mod_ram_rom:mgl_prim2|ram_rom_data_reg[7]  ; altera_reserved_tck ; altera_reserved_tck ; 100.000      ; -0.050     ; 2.542      ;
; 97.415 ; rom1:inst2|altsyncram:altsyncram_component|altsyncram_bnb1:auto_generated|sld_mod_ram_rom:mgl_prim2|ram_rom_data_shift_cntr_reg[2]                                ; rom1:inst2|altsyncram:altsyncram_component|altsyncram_bnb1:auto_generated|sld_mod_ram_rom:mgl_prim2|ram_rom_data_reg[6]  ; altera_reserved_tck ; altera_reserved_tck ; 100.000      ; -0.050     ; 2.542      ;
+--------+-------------------------------------------------------------------------------------------------------------------------------------------------------------------+--------------------------------------------------------------------------------------------------------------------------+---------------------+---------------------+--------------+------------+------------+


+-------------------------------------------------------------------------------------------------------------------------------------------------------------------------------------------------------------------------------------------------------------------------------------------------------------------------------------------------------------------------+
; Fast 1200mV 0C Model Hold: 'altera_reserved_tck'                                                                                                                                                                                                                                                                                                                        ;
+-------+------------------------------------------------------------------------------------------------------------------------------------+---------------------------------------------------------------------------------------------------------------------------------------+---------------------+---------------------+--------------+------------+------------+
; Slack ; From Node                                                                                                                          ; To Node                                                                                                                               ; Launch Clock        ; Latch Clock         ; Relationship ; Clock Skew ; Data Delay ;
+-------+------------------------------------------------------------------------------------------------------------------------------------+---------------------------------------------------------------------------------------------------------------------------------------+---------------------+---------------------+--------------+------------+------------+
; 0.185 ; rom1:inst2|altsyncram:altsyncram_component|altsyncram_bnb1:auto_generated|sld_mod_ram_rom:mgl_prim2|ram_rom_data_reg[1]            ; rom1:inst2|altsyncram:altsyncram_component|altsyncram_bnb1:auto_generated|altsyncram_67d2:altsyncram1|ram_block3a0~portb_datain_reg0  ; altera_reserved_tck ; altera_reserved_tck ; 0.000        ; 0.186      ; 0.475      ;
; 0.187 ; rom1:inst2|altsyncram:altsyncram_component|altsyncram_bnb1:auto_generated|sld_mod_ram_rom:mgl_prim2|ram_rom_data_reg[8]            ; rom1:inst2|altsyncram:altsyncram_component|altsyncram_bnb1:auto_generated|altsyncram_67d2:altsyncram1|ram_block3a0~portb_datain_reg0  ; altera_reserved_tck ; altera_reserved_tck ; 0.000        ; 0.186      ; 0.477      ;
; 0.187 ; sld_hub:auto_hub|sld_jtag_hub:\jtag_hub_gen:sld_jtag_hub_inst|sld_shadow_jsm:shadow_jsm|tms_cnt[1]                                 ; sld_hub:auto_hub|sld_jtag_hub:\jtag_hub_gen:sld_jtag_hub_inst|sld_shadow_jsm:shadow_jsm|tms_cnt[1]                                    ; altera_reserved_tck ; altera_reserved_tck ; 0.000        ; 0.036      ; 0.307      ;
; 0.187 ; sld_hub:auto_hub|sld_jtag_hub:\jtag_hub_gen:sld_jtag_hub_inst|sld_shadow_jsm:shadow_jsm|tms_cnt[2]                                 ; sld_hub:auto_hub|sld_jtag_hub:\jtag_hub_gen:sld_jtag_hub_inst|sld_shadow_jsm:shadow_jsm|tms_cnt[2]                                    ; altera_reserved_tck ; altera_reserved_tck ; 0.000        ; 0.036      ; 0.307      ;
; 0.187 ; sld_hub:auto_hub|sld_jtag_hub:\jtag_hub_gen:sld_jtag_hub_inst|sld_shadow_jsm:shadow_jsm|state[0]                                   ; sld_hub:auto_hub|sld_jtag_hub:\jtag_hub_gen:sld_jtag_hub_inst|sld_shadow_jsm:shadow_jsm|state[0]                                      ; altera_reserved_tck ; altera_reserved_tck ; 0.000        ; 0.036      ; 0.307      ;
; 0.187 ; sld_hub:auto_hub|sld_jtag_hub:\jtag_hub_gen:sld_jtag_hub_inst|sld_shadow_jsm:shadow_jsm|state[1]                                   ; sld_hub:auto_hub|sld_jtag_hub:\jtag_hub_gen:sld_jtag_hub_inst|sld_shadow_jsm:shadow_jsm|state[1]                                      ; altera_reserved_tck ; altera_reserved_tck ; 0.000        ; 0.036      ; 0.307      ;
; 0.187 ; sld_hub:auto_hub|sld_jtag_hub:\jtag_hub_gen:sld_jtag_hub_inst|sld_shadow_jsm:shadow_jsm|state[6]                                   ; sld_hub:auto_hub|sld_jtag_hub:\jtag_hub_gen:sld_jtag_hub_inst|sld_shadow_jsm:shadow_jsm|state[6]                                      ; altera_reserved_tck ; altera_reserved_tck ; 0.000        ; 0.036      ; 0.307      ;
; 0.187 ; sld_hub:auto_hub|sld_jtag_hub:\jtag_hub_gen:sld_jtag_hub_inst|sld_shadow_jsm:shadow_jsm|state[4]                                   ; sld_hub:auto_hub|sld_jtag_hub:\jtag_hub_gen:sld_jtag_hub_inst|sld_shadow_jsm:shadow_jsm|state[4]                                      ; altera_reserved_tck ; altera_reserved_tck ; 0.000        ; 0.036      ; 0.307      ;
; 0.187 ; sld_hub:auto_hub|sld_jtag_hub:\jtag_hub_gen:sld_jtag_hub_inst|sld_shadow_jsm:shadow_jsm|state[11]                                  ; sld_hub:auto_hub|sld_jtag_hub:\jtag_hub_gen:sld_jtag_hub_inst|sld_shadow_jsm:shadow_jsm|state[11]                                     ; altera_reserved_tck ; altera_reserved_tck ; 0.000        ; 0.036      ; 0.307      ;
; 0.187 ; sld_hub:auto_hub|sld_jtag_hub:\jtag_hub_gen:sld_jtag_hub_inst|node_ena[1]~reg0                                                     ; sld_hub:auto_hub|sld_jtag_hub:\jtag_hub_gen:sld_jtag_hub_inst|node_ena[1]~reg0                                                        ; altera_reserved_tck ; altera_reserved_tck ; 0.000        ; 0.036      ; 0.307      ;
; 0.187 ; sld_hub:auto_hub|sld_jtag_hub:\jtag_hub_gen:sld_jtag_hub_inst|hub_mode_reg[0]                                                      ; sld_hub:auto_hub|sld_jtag_hub:\jtag_hub_gen:sld_jtag_hub_inst|hub_mode_reg[0]                                                         ; altera_reserved_tck ; altera_reserved_tck ; 0.000        ; 0.036      ; 0.307      ;
; 0.187 ; rom1:inst2|altsyncram:altsyncram_component|altsyncram_bnb1:auto_generated|sld_mod_ram_rom:mgl_prim2|ram_rom_data_shift_cntr_reg[1] ; rom1:inst2|altsyncram:altsyncram_component|altsyncram_bnb1:auto_generated|sld_mod_ram_rom:mgl_prim2|ram_rom_data_shift_cntr_reg[1]    ; altera_reserved_tck ; altera_reserved_tck ; 0.000        ; 0.036      ; 0.307      ;
; 0.187 ; rom1:inst2|altsyncram:altsyncram_component|altsyncram_bnb1:auto_generated|sld_mod_ram_rom:mgl_prim2|ram_rom_data_shift_cntr_reg[0] ; rom1:inst2|altsyncram:altsyncram_component|altsyncram_bnb1:auto_generated|sld_mod_ram_rom:mgl_prim2|ram_rom_data_shift_cntr_reg[0]    ; altera_reserved_tck ; altera_reserved_tck ; 0.000        ; 0.036      ; 0.307      ;
; 0.187 ; rom1:inst2|altsyncram:altsyncram_component|altsyncram_bnb1:auto_generated|sld_mod_ram_rom:mgl_prim2|ram_rom_data_shift_cntr_reg[2] ; rom1:inst2|altsyncram:altsyncram_component|altsyncram_bnb1:auto_generated|sld_mod_ram_rom:mgl_prim2|ram_rom_data_shift_cntr_reg[2]    ; altera_reserved_tck ; altera_reserved_tck ; 0.000        ; 0.036      ; 0.307      ;
; 0.187 ; rom1:inst2|altsyncram:altsyncram_component|altsyncram_bnb1:auto_generated|sld_mod_ram_rom:mgl_prim2|ram_rom_data_shift_cntr_reg[3] ; rom1:inst2|altsyncram:altsyncram_component|altsyncram_bnb1:auto_generated|sld_mod_ram_rom:mgl_prim2|ram_rom_data_shift_cntr_reg[3]    ; altera_reserved_tck ; altera_reserved_tck ; 0.000        ; 0.036      ; 0.307      ;
; 0.187 ; rom1:inst2|altsyncram:altsyncram_component|altsyncram_bnb1:auto_generated|sld_mod_ram_rom:mgl_prim2|ram_rom_data_shift_cntr_reg[4] ; rom1:inst2|altsyncram:altsyncram_component|altsyncram_bnb1:auto_generated|sld_mod_ram_rom:mgl_prim2|ram_rom_data_shift_cntr_reg[4]    ; altera_reserved_tck ; altera_reserved_tck ; 0.000        ; 0.036      ; 0.307      ;
; 0.187 ; rom1:inst2|altsyncram:altsyncram_component|altsyncram_bnb1:auto_generated|sld_mod_ram_rom:mgl_prim2|is_in_use_reg                  ; rom1:inst2|altsyncram:altsyncram_component|altsyncram_bnb1:auto_generated|sld_mod_ram_rom:mgl_prim2|is_in_use_reg                     ; altera_reserved_tck ; altera_reserved_tck ; 0.000        ; 0.036      ; 0.307      ;
; 0.187 ; sld_hub:auto_hub|sld_jtag_hub:\jtag_hub_gen:sld_jtag_hub_inst|hub_mode_reg[1]                                                      ; sld_hub:auto_hub|sld_jtag_hub:\jtag_hub_gen:sld_jtag_hub_inst|hub_mode_reg[1]                                                         ; altera_reserved_tck ; altera_reserved_tck ; 0.000        ; 0.036      ; 0.307      ;
; 0.187 ; sld_hub:auto_hub|sld_jtag_hub:\jtag_hub_gen:sld_jtag_hub_inst|hub_mode_reg[2]                                                      ; sld_hub:auto_hub|sld_jtag_hub:\jtag_hub_gen:sld_jtag_hub_inst|hub_mode_reg[2]                                                         ; altera_reserved_tck ; altera_reserved_tck ; 0.000        ; 0.036      ; 0.307      ;
; 0.187 ; sld_hub:auto_hub|sld_jtag_hub:\jtag_hub_gen:sld_jtag_hub_inst|irsr_reg[5]                                                          ; sld_hub:auto_hub|sld_jtag_hub:\jtag_hub_gen:sld_jtag_hub_inst|irsr_reg[5]                                                             ; altera_reserved_tck ; altera_reserved_tck ; 0.000        ; 0.036      ; 0.307      ;
; 0.187 ; sld_hub:auto_hub|sld_jtag_hub:\jtag_hub_gen:sld_jtag_hub_inst|tdo_bypass_reg                                                       ; sld_hub:auto_hub|sld_jtag_hub:\jtag_hub_gen:sld_jtag_hub_inst|tdo_bypass_reg                                                          ; altera_reserved_tck ; altera_reserved_tck ; 0.000        ; 0.036      ; 0.307      ;
; 0.187 ; rom1:inst2|altsyncram:altsyncram_component|altsyncram_bnb1:auto_generated|sld_mod_ram_rom:mgl_prim2|bypass_reg_out                 ; rom1:inst2|altsyncram:altsyncram_component|altsyncram_bnb1:auto_generated|sld_mod_ram_rom:mgl_prim2|bypass_reg_out                    ; altera_reserved_tck ; altera_reserved_tck ; 0.000        ; 0.036      ; 0.307      ;
; 0.187 ; sld_hub:auto_hub|sld_jtag_hub:\jtag_hub_gen:sld_jtag_hub_inst|sld_shadow_jsm:shadow_jsm|state[13]                                  ; sld_hub:auto_hub|sld_jtag_hub:\jtag_hub_gen:sld_jtag_hub_inst|sld_shadow_jsm:shadow_jsm|state[13]                                     ; altera_reserved_tck ; altera_reserved_tck ; 0.000        ; 0.036      ; 0.307      ;
; 0.190 ; rom1:inst2|altsyncram:altsyncram_component|altsyncram_bnb1:auto_generated|sld_mod_ram_rom:mgl_prim2|ram_rom_data_reg[6]            ; rom1:inst2|altsyncram:altsyncram_component|altsyncram_bnb1:auto_generated|altsyncram_67d2:altsyncram1|ram_block3a0~portb_datain_reg0  ; altera_reserved_tck ; altera_reserved_tck ; 0.000        ; 0.186      ; 0.480      ;
; 0.193 ; rom1:inst2|altsyncram:altsyncram_component|altsyncram_bnb1:auto_generated|sld_mod_ram_rom:mgl_prim2|ram_rom_data_reg[7]            ; rom1:inst2|altsyncram:altsyncram_component|altsyncram_bnb1:auto_generated|altsyncram_67d2:altsyncram1|ram_block3a0~portb_datain_reg0  ; altera_reserved_tck ; altera_reserved_tck ; 0.000        ; 0.186      ; 0.483      ;
; 0.194 ; sld_hub:auto_hub|sld_jtag_hub:\jtag_hub_gen:sld_jtag_hub_inst|sld_shadow_jsm:shadow_jsm|tms_cnt[0]                                 ; sld_hub:auto_hub|sld_jtag_hub:\jtag_hub_gen:sld_jtag_hub_inst|sld_shadow_jsm:shadow_jsm|tms_cnt[0]                                    ; altera_reserved_tck ; altera_reserved_tck ; 0.000        ; 0.036      ; 0.314      ;
; 0.194 ; sld_hub:auto_hub|sld_jtag_hub:\jtag_hub_gen:sld_jtag_hub_inst|sld_rom_sr:hub_info_reg|WORD_SR[3]                                   ; sld_hub:auto_hub|sld_jtag_hub:\jtag_hub_gen:sld_jtag_hub_inst|sld_rom_sr:hub_info_reg|WORD_SR[2]                                      ; altera_reserved_tck ; altera_reserved_tck ; 0.000        ; 0.036      ; 0.314      ;
; 0.196 ; sld_hub:auto_hub|sld_jtag_hub:\jtag_hub_gen:sld_jtag_hub_inst|sld_shadow_jsm:shadow_jsm|state[14]                                  ; sld_hub:auto_hub|sld_jtag_hub:\jtag_hub_gen:sld_jtag_hub_inst|sld_shadow_jsm:shadow_jsm|state[15]                                     ; altera_reserved_tck ; altera_reserved_tck ; 0.000        ; 0.036      ; 0.316      ;
; 0.197 ; sld_hub:auto_hub|sld_jtag_hub:\jtag_hub_gen:sld_jtag_hub_inst|jtag_ir_reg[7]                                                       ; sld_hub:auto_hub|sld_jtag_hub:\jtag_hub_gen:sld_jtag_hub_inst|jtag_ir_reg[6]                                                          ; altera_reserved_tck ; altera_reserved_tck ; 0.000        ; 0.036      ; 0.317      ;
; 0.198 ; rom1:inst2|altsyncram:altsyncram_component|altsyncram_bnb1:auto_generated|sld_mod_ram_rom:mgl_prim2|ram_rom_data_reg[14]           ; rom1:inst2|altsyncram:altsyncram_component|altsyncram_bnb1:auto_generated|altsyncram_67d2:altsyncram1|ram_block3a10~portb_datain_reg0 ; altera_reserved_tck ; altera_reserved_tck ; 0.000        ; 0.187      ; 0.489      ;
; 0.198 ; sld_hub:auto_hub|sld_jtag_hub:\jtag_hub_gen:sld_jtag_hub_inst|identity_contrib_shift_reg[2]                                        ; sld_hub:auto_hub|sld_jtag_hub:\jtag_hub_gen:sld_jtag_hub_inst|identity_contrib_shift_reg[1]                                           ; altera_reserved_tck ; altera_reserved_tck ; 0.000        ; 0.036      ; 0.318      ;
; 0.198 ; sld_hub:auto_hub|sld_jtag_hub:\jtag_hub_gen:sld_jtag_hub_inst|identity_contrib_shift_reg[1]                                        ; sld_hub:auto_hub|sld_jtag_hub:\jtag_hub_gen:sld_jtag_hub_inst|identity_contrib_update_reg[1]                                          ; altera_reserved_tck ; altera_reserved_tck ; 0.000        ; 0.036      ; 0.318      ;
; 0.198 ; sld_hub:auto_hub|sld_jtag_hub:\jtag_hub_gen:sld_jtag_hub_inst|identity_contrib_shift_reg[1]                                        ; sld_hub:auto_hub|sld_jtag_hub:\jtag_hub_gen:sld_jtag_hub_inst|identity_contrib_shift_reg[0]                                           ; altera_reserved_tck ; altera_reserved_tck ; 0.000        ; 0.036      ; 0.318      ;
; 0.198 ; sld_hub:auto_hub|sld_jtag_hub:\jtag_hub_gen:sld_jtag_hub_inst|sld_shadow_jsm:shadow_jsm|tms_cnt[0]                                 ; sld_hub:auto_hub|sld_jtag_hub:\jtag_hub_gen:sld_jtag_hub_inst|sld_shadow_jsm:shadow_jsm|tms_cnt[2]                                    ; altera_reserved_tck ; altera_reserved_tck ; 0.000        ; 0.036      ; 0.318      ;
; 0.199 ; sld_hub:auto_hub|sld_jtag_hub:\jtag_hub_gen:sld_jtag_hub_inst|sld_shadow_jsm:shadow_jsm|tms_cnt[0]                                 ; sld_hub:auto_hub|sld_jtag_hub:\jtag_hub_gen:sld_jtag_hub_inst|sld_shadow_jsm:shadow_jsm|tms_cnt[1]                                    ; altera_reserved_tck ; altera_reserved_tck ; 0.000        ; 0.036      ; 0.319      ;
; 0.200 ; sld_hub:auto_hub|sld_jtag_hub:\jtag_hub_gen:sld_jtag_hub_inst|sld_shadow_jsm:shadow_jsm|state[14]                                  ; sld_hub:auto_hub|sld_jtag_hub:\jtag_hub_gen:sld_jtag_hub_inst|sld_shadow_jsm:shadow_jsm|state[11]                                     ; altera_reserved_tck ; altera_reserved_tck ; 0.000        ; 0.036      ; 0.320      ;
; 0.201 ; sld_hub:auto_hub|sld_jtag_hub:\jtag_hub_gen:sld_jtag_hub_inst|identity_contrib_shift_reg[2]                                        ; sld_hub:auto_hub|sld_jtag_hub:\jtag_hub_gen:sld_jtag_hub_inst|identity_contrib_update_reg[2]                                          ; altera_reserved_tck ; altera_reserved_tck ; 0.000        ; 0.036      ; 0.321      ;
; 0.202 ; rom1:inst2|altsyncram:altsyncram_component|altsyncram_bnb1:auto_generated|sld_mod_ram_rom:mgl_prim2|ram_rom_data_reg[18]           ; rom1:inst2|altsyncram:altsyncram_component|altsyncram_bnb1:auto_generated|altsyncram_67d2:altsyncram1|ram_block3a0~portb_datain_reg0  ; altera_reserved_tck ; altera_reserved_tck ; 0.000        ; 0.180      ; 0.486      ;
; 0.202 ; sld_hub:auto_hub|sld_jtag_hub:\jtag_hub_gen:sld_jtag_hub_inst|sld_shadow_jsm:shadow_jsm|state[7]                                   ; sld_hub:auto_hub|sld_jtag_hub:\jtag_hub_gen:sld_jtag_hub_inst|sld_shadow_jsm:shadow_jsm|state[4]                                      ; altera_reserved_tck ; altera_reserved_tck ; 0.000        ; 0.036      ; 0.322      ;
; 0.203 ; rom1:inst2|altsyncram:altsyncram_component|altsyncram_bnb1:auto_generated|sld_mod_ram_rom:mgl_prim2|ram_rom_data_reg[3]            ; rom1:inst2|altsyncram:altsyncram_component|altsyncram_bnb1:auto_generated|altsyncram_67d2:altsyncram1|ram_block3a0~portb_datain_reg0  ; altera_reserved_tck ; altera_reserved_tck ; 0.000        ; 0.186      ; 0.493      ;
; 0.204 ; rom1:inst2|altsyncram:altsyncram_component|altsyncram_bnb1:auto_generated|sld_mod_ram_rom:mgl_prim2|ram_rom_data_reg[1]            ; rom1:inst2|altsyncram:altsyncram_component|altsyncram_bnb1:auto_generated|sld_mod_ram_rom:mgl_prim2|ram_rom_data_reg[0]               ; altera_reserved_tck ; altera_reserved_tck ; 0.000        ; 0.036      ; 0.324      ;
; 0.204 ; rom1:inst2|altsyncram:altsyncram_component|altsyncram_bnb1:auto_generated|sld_mod_ram_rom:mgl_prim2|ram_rom_data_reg[2]            ; rom1:inst2|altsyncram:altsyncram_component|altsyncram_bnb1:auto_generated|altsyncram_67d2:altsyncram1|ram_block3a0~portb_datain_reg0  ; altera_reserved_tck ; altera_reserved_tck ; 0.000        ; 0.186      ; 0.494      ;
; 0.204 ; rom1:inst2|altsyncram:altsyncram_component|altsyncram_bnb1:auto_generated|sld_mod_ram_rom:mgl_prim2|ram_rom_data_reg[9]            ; rom1:inst2|altsyncram:altsyncram_component|altsyncram_bnb1:auto_generated|altsyncram_67d2:altsyncram1|ram_block3a0~portb_datain_reg0  ; altera_reserved_tck ; altera_reserved_tck ; 0.000        ; 0.186      ; 0.494      ;
; 0.205 ; rom1:inst2|altsyncram:altsyncram_component|altsyncram_bnb1:auto_generated|sld_mod_ram_rom:mgl_prim2|ram_rom_data_reg[13]           ; rom1:inst2|altsyncram:altsyncram_component|altsyncram_bnb1:auto_generated|sld_mod_ram_rom:mgl_prim2|ram_rom_data_reg[12]              ; altera_reserved_tck ; altera_reserved_tck ; 0.000        ; 0.036      ; 0.325      ;
; 0.205 ; sld_hub:auto_hub|sld_jtag_hub:\jtag_hub_gen:sld_jtag_hub_inst|sld_shadow_jsm:shadow_jsm|state[4]                                   ; sld_hub:auto_hub|sld_jtag_hub:\jtag_hub_gen:sld_jtag_hub_inst|sld_shadow_jsm:shadow_jsm|state[5]                                      ; altera_reserved_tck ; altera_reserved_tck ; 0.000        ; 0.036      ; 0.325      ;
; 0.206 ; rom1:inst2|altsyncram:altsyncram_component|altsyncram_bnb1:auto_generated|sld_mod_ram_rom:mgl_prim2|ram_rom_data_reg[11]           ; rom1:inst2|altsyncram:altsyncram_component|altsyncram_bnb1:auto_generated|sld_mod_ram_rom:mgl_prim2|ram_rom_data_reg[10]              ; altera_reserved_tck ; altera_reserved_tck ; 0.000        ; 0.036      ; 0.326      ;
; 0.206 ; rom1:inst2|altsyncram:altsyncram_component|altsyncram_bnb1:auto_generated|sld_mod_ram_rom:mgl_prim2|ram_rom_data_reg[5]            ; rom1:inst2|altsyncram:altsyncram_component|altsyncram_bnb1:auto_generated|sld_mod_ram_rom:mgl_prim2|ram_rom_data_reg[4]               ; altera_reserved_tck ; altera_reserved_tck ; 0.000        ; 0.036      ; 0.326      ;
; 0.206 ; rom1:inst2|altsyncram:altsyncram_component|altsyncram_bnb1:auto_generated|sld_mod_ram_rom:mgl_prim2|ram_rom_data_reg[5]            ; rom1:inst2|altsyncram:altsyncram_component|altsyncram_bnb1:auto_generated|altsyncram_67d2:altsyncram1|ram_block3a0~portb_datain_reg0  ; altera_reserved_tck ; altera_reserved_tck ; 0.000        ; 0.186      ; 0.496      ;
; 0.206 ; sld_hub:auto_hub|sld_jtag_hub:\jtag_hub_gen:sld_jtag_hub_inst|jtag_ir_reg[2]                                                       ; sld_hub:auto_hub|sld_jtag_hub:\jtag_hub_gen:sld_jtag_hub_inst|jtag_ir_reg[1]                                                          ; altera_reserved_tck ; altera_reserved_tck ; 0.000        ; 0.036      ; 0.326      ;
; 0.207 ; rom1:inst2|altsyncram:altsyncram_component|altsyncram_bnb1:auto_generated|sld_mod_ram_rom:mgl_prim2|ram_rom_data_reg[4]            ; rom1:inst2|altsyncram:altsyncram_component|altsyncram_bnb1:auto_generated|altsyncram_67d2:altsyncram1|ram_block3a0~portb_datain_reg0  ; altera_reserved_tck ; altera_reserved_tck ; 0.000        ; 0.186      ; 0.497      ;
; 0.207 ; rom1:inst2|altsyncram:altsyncram_component|altsyncram_bnb1:auto_generated|sld_mod_ram_rom:mgl_prim2|ram_rom_data_reg[17]           ; rom1:inst2|altsyncram:altsyncram_component|altsyncram_bnb1:auto_generated|altsyncram_67d2:altsyncram1|ram_block3a0~portb_datain_reg0  ; altera_reserved_tck ; altera_reserved_tck ; 0.000        ; 0.180      ; 0.491      ;
; 0.208 ; rom1:inst2|altsyncram:altsyncram_component|altsyncram_bnb1:auto_generated|sld_mod_ram_rom:mgl_prim2|ram_rom_data_reg[2]            ; rom1:inst2|altsyncram:altsyncram_component|altsyncram_bnb1:auto_generated|sld_mod_ram_rom:mgl_prim2|ram_rom_data_reg[1]               ; altera_reserved_tck ; altera_reserved_tck ; 0.000        ; 0.036      ; 0.328      ;
; 0.209 ; rom1:inst2|altsyncram:altsyncram_component|altsyncram_bnb1:auto_generated|sld_mod_ram_rom:mgl_prim2|ram_rom_data_reg[20]           ; rom1:inst2|altsyncram:altsyncram_component|altsyncram_bnb1:auto_generated|altsyncram_67d2:altsyncram1|ram_block3a0~portb_datain_reg0  ; altera_reserved_tck ; altera_reserved_tck ; 0.000        ; 0.180      ; 0.493      ;
; 0.209 ; sld_hub:auto_hub|sld_jtag_hub:\jtag_hub_gen:sld_jtag_hub_inst|jtag_ir_reg[3]                                                       ; sld_hub:auto_hub|sld_jtag_hub:\jtag_hub_gen:sld_jtag_hub_inst|jtag_ir_reg[2]                                                          ; altera_reserved_tck ; altera_reserved_tck ; 0.000        ; 0.036      ; 0.329      ;
; 0.209 ; sld_hub:auto_hub|sld_jtag_hub:\jtag_hub_gen:sld_jtag_hub_inst|irsr_reg[2]                                                          ; sld_hub:auto_hub|sld_jtag_hub:\jtag_hub_gen:sld_jtag_hub_inst|irsr_reg[1]                                                             ; altera_reserved_tck ; altera_reserved_tck ; 0.000        ; 0.036      ; 0.329      ;
; 0.210 ; rom1:inst2|altsyncram:altsyncram_component|altsyncram_bnb1:auto_generated|sld_mod_ram_rom:mgl_prim2|ram_rom_data_reg[16]           ; rom1:inst2|altsyncram:altsyncram_component|altsyncram_bnb1:auto_generated|altsyncram_67d2:altsyncram1|ram_block3a0~portb_datain_reg0  ; altera_reserved_tck ; altera_reserved_tck ; 0.000        ; 0.180      ; 0.494      ;
; 0.210 ; rom1:inst2|altsyncram:altsyncram_component|altsyncram_bnb1:auto_generated|sld_mod_ram_rom:mgl_prim2|ram_rom_data_reg[21]           ; rom1:inst2|altsyncram:altsyncram_component|altsyncram_bnb1:auto_generated|altsyncram_67d2:altsyncram1|ram_block3a0~portb_datain_reg0  ; altera_reserved_tck ; altera_reserved_tck ; 0.000        ; 0.180      ; 0.494      ;
; 0.210 ; sld_hub:auto_hub|sld_jtag_hub:\jtag_hub_gen:sld_jtag_hub_inst|sld_shadow_jsm:shadow_jsm|state[8]                                   ; sld_hub:auto_hub|sld_jtag_hub:\jtag_hub_gen:sld_jtag_hub_inst|sld_shadow_jsm:shadow_jsm|state[2]                                      ; altera_reserved_tck ; altera_reserved_tck ; 0.000        ; 0.036      ; 0.330      ;
; 0.210 ; sld_hub:auto_hub|sld_jtag_hub:\jtag_hub_gen:sld_jtag_hub_inst|irsr_reg[1]                                                          ; sld_hub:auto_hub|sld_jtag_hub:\jtag_hub_gen:sld_jtag_hub_inst|irsr_reg[0]                                                             ; altera_reserved_tck ; altera_reserved_tck ; 0.000        ; 0.036      ; 0.330      ;
; 0.210 ; sld_hub:auto_hub|sld_jtag_hub:\jtag_hub_gen:sld_jtag_hub_inst|sld_shadow_jsm:shadow_jsm|state[8]                                   ; sld_hub:auto_hub|sld_jtag_hub:\jtag_hub_gen:sld_jtag_hub_inst|sld_shadow_jsm:shadow_jsm|state[1]                                      ; altera_reserved_tck ; altera_reserved_tck ; 0.000        ; 0.036      ; 0.330      ;
; 0.211 ; rom1:inst2|altsyncram:altsyncram_component|altsyncram_bnb1:auto_generated|sld_mod_ram_rom:mgl_prim2|ram_rom_data_reg[19]           ; rom1:inst2|altsyncram:altsyncram_component|altsyncram_bnb1:auto_generated|altsyncram_67d2:altsyncram1|ram_block3a0~portb_datain_reg0  ; altera_reserved_tck ; altera_reserved_tck ; 0.000        ; 0.180      ; 0.495      ;
; 0.221 ; rom1:inst2|altsyncram:altsyncram_component|altsyncram_bnb1:auto_generated|sld_mod_ram_rom:mgl_prim2|ram_rom_data_reg[22]           ; rom1:inst2|altsyncram:altsyncram_component|altsyncram_bnb1:auto_generated|altsyncram_67d2:altsyncram1|ram_block3a0~portb_datain_reg0  ; altera_reserved_tck ; altera_reserved_tck ; 0.000        ; 0.180      ; 0.505      ;
; 0.221 ; sld_hub:auto_hub|sld_jtag_hub:\jtag_hub_gen:sld_jtag_hub_inst|sld_shadow_jsm:shadow_jsm|state[3]                                   ; sld_hub:auto_hub|sld_jtag_hub:\jtag_hub_gen:sld_jtag_hub_inst|hub_minor_ver_reg[0]                                                    ; altera_reserved_tck ; altera_reserved_tck ; 0.000        ; 0.036      ; 0.341      ;
; 0.222 ; sld_hub:auto_hub|sld_jtag_hub:\jtag_hub_gen:sld_jtag_hub_inst|sld_shadow_jsm:shadow_jsm|state[3]                                   ; sld_hub:auto_hub|sld_jtag_hub:\jtag_hub_gen:sld_jtag_hub_inst|hub_minor_ver_reg[2]                                                    ; altera_reserved_tck ; altera_reserved_tck ; 0.000        ; 0.036      ; 0.342      ;
; 0.225 ; rom1:inst2|altsyncram:altsyncram_component|altsyncram_bnb1:auto_generated|sld_mod_ram_rom:mgl_prim2|ram_rom_data_reg[15]           ; rom1:inst2|altsyncram:altsyncram_component|altsyncram_bnb1:auto_generated|altsyncram_67d2:altsyncram1|ram_block3a10~portb_datain_reg0 ; altera_reserved_tck ; altera_reserved_tck ; 0.000        ; 0.181      ; 0.510      ;
; 0.225 ; sld_hub:auto_hub|sld_jtag_hub:\jtag_hub_gen:sld_jtag_hub_inst|sld_shadow_jsm:shadow_jsm|state[3]                                   ; sld_hub:auto_hub|sld_jtag_hub:\jtag_hub_gen:sld_jtag_hub_inst|hub_minor_ver_reg[3]                                                    ; altera_reserved_tck ; altera_reserved_tck ; 0.000        ; 0.036      ; 0.345      ;
; 0.225 ; sld_hub:auto_hub|sld_jtag_hub:\jtag_hub_gen:sld_jtag_hub_inst|sld_shadow_jsm:shadow_jsm|state[3]                                   ; sld_hub:auto_hub|sld_jtag_hub:\jtag_hub_gen:sld_jtag_hub_inst|hub_minor_ver_reg[1]                                                    ; altera_reserved_tck ; altera_reserved_tck ; 0.000        ; 0.036      ; 0.345      ;
; 0.245 ; rom1:inst2|altsyncram:altsyncram_component|altsyncram_bnb1:auto_generated|sld_mod_ram_rom:mgl_prim2|ram_rom_data_reg[23]           ; rom1:inst2|altsyncram:altsyncram_component|altsyncram_bnb1:auto_generated|altsyncram_67d2:altsyncram1|ram_block3a0~portb_datain_reg0  ; altera_reserved_tck ; altera_reserved_tck ; 0.000        ; 0.180      ; 0.529      ;
; 0.253 ; sld_hub:auto_hub|sld_jtag_hub:\jtag_hub_gen:sld_jtag_hub_inst|sld_shadow_jsm:shadow_jsm|state[13]                                  ; sld_hub:auto_hub|sld_jtag_hub:\jtag_hub_gen:sld_jtag_hub_inst|sld_shadow_jsm:shadow_jsm|state[14]                                     ; altera_reserved_tck ; altera_reserved_tck ; 0.000        ; 0.036      ; 0.373      ;
; 0.255 ; sld_hub:auto_hub|sld_jtag_hub:\jtag_hub_gen:sld_jtag_hub_inst|sld_shadow_jsm:shadow_jsm|state[6]                                   ; sld_hub:auto_hub|sld_jtag_hub:\jtag_hub_gen:sld_jtag_hub_inst|sld_shadow_jsm:shadow_jsm|state[7]                                      ; altera_reserved_tck ; altera_reserved_tck ; 0.000        ; 0.036      ; 0.375      ;
; 0.255 ; sld_hub:auto_hub|sld_jtag_hub:\jtag_hub_gen:sld_jtag_hub_inst|sld_rom_sr:hub_info_reg|WORD_SR[1]                                   ; sld_hub:auto_hub|sld_jtag_hub:\jtag_hub_gen:sld_jtag_hub_inst|sld_rom_sr:hub_info_reg|WORD_SR[0]                                      ; altera_reserved_tck ; altera_reserved_tck ; 0.000        ; 0.036      ; 0.375      ;
; 0.258 ; sld_hub:auto_hub|sld_jtag_hub:\jtag_hub_gen:sld_jtag_hub_inst|jtag_ir_reg[0]                                                       ; sld_hub:auto_hub|sld_jtag_hub:\jtag_hub_gen:sld_jtag_hub_inst|virtual_ir_scan_reg                                                     ; altera_reserved_tck ; altera_reserved_tck ; 0.000        ; 0.036      ; 0.378      ;
; 0.260 ; sld_hub:auto_hub|sld_jtag_hub:\jtag_hub_gen:sld_jtag_hub_inst|jtag_ir_reg[0]                                                       ; sld_hub:auto_hub|sld_jtag_hub:\jtag_hub_gen:sld_jtag_hub_inst|virtual_dr_scan_reg                                                     ; altera_reserved_tck ; altera_reserved_tck ; 0.000        ; 0.036      ; 0.380      ;
; 0.262 ; sld_hub:auto_hub|sld_jtag_hub:\jtag_hub_gen:sld_jtag_hub_inst|sld_shadow_jsm:shadow_jsm|state[12]                                  ; sld_hub:auto_hub|sld_jtag_hub:\jtag_hub_gen:sld_jtag_hub_inst|sld_shadow_jsm:shadow_jsm|state[15]                                     ; altera_reserved_tck ; altera_reserved_tck ; 0.000        ; 0.036      ; 0.382      ;
; 0.264 ; sld_hub:auto_hub|sld_jtag_hub:\jtag_hub_gen:sld_jtag_hub_inst|sld_shadow_jsm:shadow_jsm|state[11]                                  ; sld_hub:auto_hub|sld_jtag_hub:\jtag_hub_gen:sld_jtag_hub_inst|sld_shadow_jsm:shadow_jsm|state[12]                                     ; altera_reserved_tck ; altera_reserved_tck ; 0.000        ; 0.036      ; 0.384      ;
; 0.266 ; rom1:inst2|altsyncram:altsyncram_component|altsyncram_bnb1:auto_generated|sld_mod_ram_rom:mgl_prim2|ram_rom_data_reg[14]           ; rom1:inst2|altsyncram:altsyncram_component|altsyncram_bnb1:auto_generated|sld_mod_ram_rom:mgl_prim2|ram_rom_data_reg[13]              ; altera_reserved_tck ; altera_reserved_tck ; 0.000        ; 0.036      ; 0.386      ;
; 0.266 ; rom1:inst2|altsyncram:altsyncram_component|altsyncram_bnb1:auto_generated|sld_mod_ram_rom:mgl_prim2|ram_rom_data_reg[8]            ; rom1:inst2|altsyncram:altsyncram_component|altsyncram_bnb1:auto_generated|sld_mod_ram_rom:mgl_prim2|ram_rom_data_reg[7]               ; altera_reserved_tck ; altera_reserved_tck ; 0.000        ; 0.036      ; 0.386      ;
; 0.266 ; rom1:inst2|altsyncram:altsyncram_component|altsyncram_bnb1:auto_generated|sld_mod_ram_rom:mgl_prim2|ram_rom_data_reg[6]            ; rom1:inst2|altsyncram:altsyncram_component|altsyncram_bnb1:auto_generated|sld_mod_ram_rom:mgl_prim2|ram_rom_data_reg[5]               ; altera_reserved_tck ; altera_reserved_tck ; 0.000        ; 0.036      ; 0.386      ;
; 0.266 ; rom1:inst2|altsyncram:altsyncram_component|altsyncram_bnb1:auto_generated|sld_mod_ram_rom:mgl_prim2|ram_rom_data_reg[4]            ; rom1:inst2|altsyncram:altsyncram_component|altsyncram_bnb1:auto_generated|sld_mod_ram_rom:mgl_prim2|ram_rom_data_reg[3]               ; altera_reserved_tck ; altera_reserved_tck ; 0.000        ; 0.036      ; 0.386      ;
; 0.267 ; sld_hub:auto_hub|sld_jtag_hub:\jtag_hub_gen:sld_jtag_hub_inst|jtag_ir_reg[5]                                                       ; sld_hub:auto_hub|sld_jtag_hub:\jtag_hub_gen:sld_jtag_hub_inst|jtag_ir_reg[4]                                                          ; altera_reserved_tck ; altera_reserved_tck ; 0.000        ; 0.036      ; 0.387      ;
; 0.269 ; sld_hub:auto_hub|sld_jtag_hub:\jtag_hub_gen:sld_jtag_hub_inst|design_hash_reg[2]                                                   ; sld_hub:auto_hub|sld_jtag_hub:\jtag_hub_gen:sld_jtag_hub_inst|design_hash_reg[1]                                                      ; altera_reserved_tck ; altera_reserved_tck ; 0.000        ; 0.036      ; 0.389      ;
; 0.270 ; sld_hub:auto_hub|sld_jtag_hub:\jtag_hub_gen:sld_jtag_hub_inst|irsr_reg[4]                                                          ; sld_hub:auto_hub|sld_jtag_hub:\jtag_hub_gen:sld_jtag_hub_inst|irf_reg[1][4]                                                           ; altera_reserved_tck ; altera_reserved_tck ; 0.000        ; 0.031      ; 0.385      ;
; 0.270 ; sld_hub:auto_hub|sld_jtag_hub:\jtag_hub_gen:sld_jtag_hub_inst|design_hash_reg[3]                                                   ; sld_hub:auto_hub|sld_jtag_hub:\jtag_hub_gen:sld_jtag_hub_inst|design_hash_reg[2]                                                      ; altera_reserved_tck ; altera_reserved_tck ; 0.000        ; 0.036      ; 0.390      ;
; 0.270 ; sld_hub:auto_hub|sld_jtag_hub:\jtag_hub_gen:sld_jtag_hub_inst|design_hash_reg[1]                                                   ; sld_hub:auto_hub|sld_jtag_hub:\jtag_hub_gen:sld_jtag_hub_inst|design_hash_reg[0]                                                      ; altera_reserved_tck ; altera_reserved_tck ; 0.000        ; 0.036      ; 0.390      ;
; 0.272 ; sld_hub:auto_hub|sld_jtag_hub:\jtag_hub_gen:sld_jtag_hub_inst|jtag_ir_reg[1]                                                       ; sld_hub:auto_hub|sld_jtag_hub:\jtag_hub_gen:sld_jtag_hub_inst|jtag_ir_reg[0]                                                          ; altera_reserved_tck ; altera_reserved_tck ; 0.000        ; 0.036      ; 0.392      ;
; 0.272 ; sld_hub:auto_hub|sld_jtag_hub:\jtag_hub_gen:sld_jtag_hub_inst|sld_shadow_jsm:shadow_jsm|state[5]                                   ; sld_hub:auto_hub|sld_jtag_hub:\jtag_hub_gen:sld_jtag_hub_inst|reset_ena_reg                                                           ; altera_reserved_tck ; altera_reserved_tck ; 0.000        ; 0.036      ; 0.392      ;
; 0.273 ; sld_hub:auto_hub|sld_jtag_hub:\jtag_hub_gen:sld_jtag_hub_inst|sld_shadow_jsm:shadow_jsm|state[5]                                   ; sld_hub:auto_hub|sld_jtag_hub:\jtag_hub_gen:sld_jtag_hub_inst|sld_shadow_jsm:shadow_jsm|state[8]                                      ; altera_reserved_tck ; altera_reserved_tck ; 0.000        ; 0.036      ; 0.393      ;
; 0.273 ; sld_hub:auto_hub|sld_jtag_hub:\jtag_hub_gen:sld_jtag_hub_inst|jtag_ir_reg[6]                                                       ; sld_hub:auto_hub|sld_jtag_hub:\jtag_hub_gen:sld_jtag_hub_inst|jtag_ir_reg[5]                                                          ; altera_reserved_tck ; altera_reserved_tck ; 0.000        ; 0.036      ; 0.393      ;
; 0.278 ; sld_hub:auto_hub|sld_jtag_hub:\jtag_hub_gen:sld_jtag_hub_inst|jtag_ir_reg[8]                                                       ; sld_hub:auto_hub|sld_jtag_hub:\jtag_hub_gen:sld_jtag_hub_inst|jtag_ir_reg[7]                                                          ; altera_reserved_tck ; altera_reserved_tck ; 0.000        ; 0.036      ; 0.398      ;
; 0.279 ; sld_hub:auto_hub|sld_jtag_hub:\jtag_hub_gen:sld_jtag_hub_inst|jtag_ir_reg[4]                                                       ; sld_hub:auto_hub|sld_jtag_hub:\jtag_hub_gen:sld_jtag_hub_inst|jtag_ir_reg[3]                                                          ; altera_reserved_tck ; altera_reserved_tck ; 0.000        ; 0.036      ; 0.399      ;
; 0.281 ; sld_hub:auto_hub|sld_jtag_hub:\jtag_hub_gen:sld_jtag_hub_inst|identity_contrib_shift_reg[3]                                        ; sld_hub:auto_hub|sld_jtag_hub:\jtag_hub_gen:sld_jtag_hub_inst|identity_contrib_shift_reg[2]                                           ; altera_reserved_tck ; altera_reserved_tck ; 0.000        ; 0.036      ; 0.401      ;
; 0.282 ; rom1:inst2|altsyncram:altsyncram_component|altsyncram_bnb1:auto_generated|sld_mod_ram_rom:mgl_prim2|ram_rom_addr_reg[2]            ; rom1:inst2|altsyncram:altsyncram_component|altsyncram_bnb1:auto_generated|sld_mod_ram_rom:mgl_prim2|ram_rom_addr_reg[1]               ; altera_reserved_tck ; altera_reserved_tck ; 0.000        ; 0.036      ; 0.402      ;
; 0.283 ; rom1:inst2|altsyncram:altsyncram_component|altsyncram_bnb1:auto_generated|sld_mod_ram_rom:mgl_prim2|ram_rom_addr_reg[7]            ; rom1:inst2|altsyncram:altsyncram_component|altsyncram_bnb1:auto_generated|sld_mod_ram_rom:mgl_prim2|ram_rom_addr_reg[6]               ; altera_reserved_tck ; altera_reserved_tck ; 0.000        ; 0.036      ; 0.403      ;
; 0.283 ; rom1:inst2|altsyncram:altsyncram_component|altsyncram_bnb1:auto_generated|sld_mod_ram_rom:mgl_prim2|ram_rom_addr_reg[4]            ; rom1:inst2|altsyncram:altsyncram_component|altsyncram_bnb1:auto_generated|sld_mod_ram_rom:mgl_prim2|ram_rom_addr_reg[3]               ; altera_reserved_tck ; altera_reserved_tck ; 0.000        ; 0.036      ; 0.403      ;
; 0.285 ; sld_hub:auto_hub|sld_jtag_hub:\jtag_hub_gen:sld_jtag_hub_inst|irf_reg[1][0]                                                        ; rom1:inst2|altsyncram:altsyncram_component|altsyncram_bnb1:auto_generated|sld_mod_ram_rom:mgl_prim2|is_in_use_reg                     ; altera_reserved_tck ; altera_reserved_tck ; 0.000        ; 0.037      ; 0.406      ;
; 0.297 ; sld_hub:auto_hub|sld_jtag_hub:\jtag_hub_gen:sld_jtag_hub_inst|sld_shadow_jsm:shadow_jsm|tms_cnt[1]                                 ; sld_hub:auto_hub|sld_jtag_hub:\jtag_hub_gen:sld_jtag_hub_inst|sld_shadow_jsm:shadow_jsm|tms_cnt[2]                                    ; altera_reserved_tck ; altera_reserved_tck ; 0.000        ; 0.036      ; 0.417      ;
; 0.299 ; sld_hub:auto_hub|sld_jtag_hub:\jtag_hub_gen:sld_jtag_hub_inst|sld_shadow_jsm:shadow_jsm|state[10]                                  ; sld_hub:auto_hub|sld_jtag_hub:\jtag_hub_gen:sld_jtag_hub_inst|sld_shadow_jsm:shadow_jsm|state[12]                                     ; altera_reserved_tck ; altera_reserved_tck ; 0.000        ; 0.036      ; 0.419      ;
; 0.301 ; sld_hub:auto_hub|sld_jtag_hub:\jtag_hub_gen:sld_jtag_hub_inst|sld_shadow_jsm:shadow_jsm|state[1]                                   ; sld_hub:auto_hub|sld_jtag_hub:\jtag_hub_gen:sld_jtag_hub_inst|clr_reg                                                                 ; altera_reserved_tck ; altera_reserved_tck ; 0.000        ; 0.036      ; 0.421      ;
; 0.302 ; sld_hub:auto_hub|sld_jtag_hub:\jtag_hub_gen:sld_jtag_hub_inst|sld_shadow_jsm:shadow_jsm|state[12]                                  ; sld_hub:auto_hub|sld_jtag_hub:\jtag_hub_gen:sld_jtag_hub_inst|sld_shadow_jsm:shadow_jsm|state[13]                                     ; altera_reserved_tck ; altera_reserved_tck ; 0.000        ; 0.036      ; 0.422      ;
; 0.305 ; rom1:inst2|altsyncram:altsyncram_component|altsyncram_bnb1:auto_generated|sld_mod_ram_rom:mgl_prim2|ram_rom_data_reg[7]            ; rom1:inst2|altsyncram:altsyncram_component|altsyncram_bnb1:auto_generated|sld_mod_ram_rom:mgl_prim2|ram_rom_data_reg[6]               ; altera_reserved_tck ; altera_reserved_tck ; 0.000        ; 0.036      ; 0.425      ;
+-------+------------------------------------------------------------------------------------------------------------------------------------+---------------------------------------------------------------------------------------------------------------------------------------+---------------------+---------------------+--------------+------------+------------+


+-------------------------------------------------------------------------------------------------------------------------------------------------------------------------------------------------------------------------------------------------------------------------------------------------------------------------------------+
; Fast 1200mV 0C Model Recovery: 'altera_reserved_tck'                                                                                                                                                                                                                                                                                ;
+--------+--------------------------------------------------------------------------------------------------+------------------------------------------------------------------------------------------------------------------------------------+---------------------+---------------------+--------------+------------+------------+
; Slack  ; From Node                                                                                        ; To Node                                                                                                                            ; Launch Clock        ; Latch Clock         ; Relationship ; Clock Skew ; Data Delay ;
+--------+--------------------------------------------------------------------------------------------------+------------------------------------------------------------------------------------------------------------------------------------+---------------------+---------------------+--------------+------------+------------+
; 48.650 ; sld_hub:auto_hub|sld_jtag_hub:\jtag_hub_gen:sld_jtag_hub_inst|sld_shadow_jsm:shadow_jsm|state[8] ; sld_hub:auto_hub|sld_jtag_hub:\jtag_hub_gen:sld_jtag_hub_inst|tdo                                                                  ; altera_reserved_tck ; altera_reserved_tck ; 50.000       ; 0.295      ; 1.652      ;
; 98.592 ; sld_hub:auto_hub|sld_jtag_hub:\jtag_hub_gen:sld_jtag_hub_inst|irf_reg[1][4]                      ; rom1:inst2|altsyncram:altsyncram_component|altsyncram_bnb1:auto_generated|sld_mod_ram_rom:mgl_prim2|ir_loaded_address_reg[2]       ; altera_reserved_tck ; altera_reserved_tck ; 100.000      ; -0.030     ; 1.385      ;
; 98.592 ; sld_hub:auto_hub|sld_jtag_hub:\jtag_hub_gen:sld_jtag_hub_inst|irf_reg[1][4]                      ; rom1:inst2|altsyncram:altsyncram_component|altsyncram_bnb1:auto_generated|sld_mod_ram_rom:mgl_prim2|ir_loaded_address_reg[1]       ; altera_reserved_tck ; altera_reserved_tck ; 100.000      ; -0.030     ; 1.385      ;
; 98.592 ; sld_hub:auto_hub|sld_jtag_hub:\jtag_hub_gen:sld_jtag_hub_inst|irf_reg[1][4]                      ; rom1:inst2|altsyncram:altsyncram_component|altsyncram_bnb1:auto_generated|sld_mod_ram_rom:mgl_prim2|ir_loaded_address_reg[3]       ; altera_reserved_tck ; altera_reserved_tck ; 100.000      ; -0.030     ; 1.385      ;
; 98.592 ; sld_hub:auto_hub|sld_jtag_hub:\jtag_hub_gen:sld_jtag_hub_inst|irf_reg[1][4]                      ; rom1:inst2|altsyncram:altsyncram_component|altsyncram_bnb1:auto_generated|sld_mod_ram_rom:mgl_prim2|ir_loaded_address_reg[0]       ; altera_reserved_tck ; altera_reserved_tck ; 100.000      ; -0.030     ; 1.385      ;
; 98.688 ; sld_hub:auto_hub|sld_jtag_hub:\jtag_hub_gen:sld_jtag_hub_inst|virtual_ir_scan_reg                ; sld_hub:auto_hub|sld_jtag_hub:\jtag_hub_gen:sld_jtag_hub_inst|hub_mode_reg[2]                                                      ; altera_reserved_tck ; altera_reserved_tck ; 100.000      ; -0.024     ; 1.295      ;
; 98.755 ; sld_hub:auto_hub|sld_jtag_hub:\jtag_hub_gen:sld_jtag_hub_inst|irf_reg[1][0]                      ; rom1:inst2|altsyncram:altsyncram_component|altsyncram_bnb1:auto_generated|sld_mod_ram_rom:mgl_prim2|ir_loaded_address_reg[2]       ; altera_reserved_tck ; altera_reserved_tck ; 100.000      ; -0.030     ; 1.222      ;
; 98.755 ; sld_hub:auto_hub|sld_jtag_hub:\jtag_hub_gen:sld_jtag_hub_inst|irf_reg[1][0]                      ; rom1:inst2|altsyncram:altsyncram_component|altsyncram_bnb1:auto_generated|sld_mod_ram_rom:mgl_prim2|ir_loaded_address_reg[1]       ; altera_reserved_tck ; altera_reserved_tck ; 100.000      ; -0.030     ; 1.222      ;
; 98.755 ; sld_hub:auto_hub|sld_jtag_hub:\jtag_hub_gen:sld_jtag_hub_inst|irf_reg[1][0]                      ; rom1:inst2|altsyncram:altsyncram_component|altsyncram_bnb1:auto_generated|sld_mod_ram_rom:mgl_prim2|ir_loaded_address_reg[3]       ; altera_reserved_tck ; altera_reserved_tck ; 100.000      ; -0.030     ; 1.222      ;
; 98.755 ; sld_hub:auto_hub|sld_jtag_hub:\jtag_hub_gen:sld_jtag_hub_inst|irf_reg[1][0]                      ; rom1:inst2|altsyncram:altsyncram_component|altsyncram_bnb1:auto_generated|sld_mod_ram_rom:mgl_prim2|ir_loaded_address_reg[0]       ; altera_reserved_tck ; altera_reserved_tck ; 100.000      ; -0.030     ; 1.222      ;
; 98.802 ; sld_hub:auto_hub|sld_jtag_hub:\jtag_hub_gen:sld_jtag_hub_inst|clr_reg                            ; rom1:inst2|altsyncram:altsyncram_component|altsyncram_bnb1:auto_generated|sld_mod_ram_rom:mgl_prim2|bypass_reg_out                 ; altera_reserved_tck ; altera_reserved_tck ; 100.000      ; -0.029     ; 1.176      ;
; 98.827 ; sld_hub:auto_hub|sld_jtag_hub:\jtag_hub_gen:sld_jtag_hub_inst|clr_reg                            ; sld_hub:auto_hub|sld_jtag_hub:\jtag_hub_gen:sld_jtag_hub_inst|irf_reg[1][0]                                                        ; altera_reserved_tck ; altera_reserved_tck ; 100.000      ; -0.029     ; 1.151      ;
; 98.827 ; sld_hub:auto_hub|sld_jtag_hub:\jtag_hub_gen:sld_jtag_hub_inst|clr_reg                            ; sld_hub:auto_hub|sld_jtag_hub:\jtag_hub_gen:sld_jtag_hub_inst|irf_reg[1][1]                                                        ; altera_reserved_tck ; altera_reserved_tck ; 100.000      ; -0.029     ; 1.151      ;
; 98.827 ; sld_hub:auto_hub|sld_jtag_hub:\jtag_hub_gen:sld_jtag_hub_inst|clr_reg                            ; sld_hub:auto_hub|sld_jtag_hub:\jtag_hub_gen:sld_jtag_hub_inst|irf_reg[1][2]                                                        ; altera_reserved_tck ; altera_reserved_tck ; 100.000      ; -0.029     ; 1.151      ;
; 98.827 ; sld_hub:auto_hub|sld_jtag_hub:\jtag_hub_gen:sld_jtag_hub_inst|clr_reg                            ; sld_hub:auto_hub|sld_jtag_hub:\jtag_hub_gen:sld_jtag_hub_inst|irf_reg[1][4]                                                        ; altera_reserved_tck ; altera_reserved_tck ; 100.000      ; -0.029     ; 1.151      ;
; 98.827 ; sld_hub:auto_hub|sld_jtag_hub:\jtag_hub_gen:sld_jtag_hub_inst|clr_reg                            ; rom1:inst2|altsyncram:altsyncram_component|altsyncram_bnb1:auto_generated|sld_mod_ram_rom:mgl_prim2|is_in_use_reg                  ; altera_reserved_tck ; altera_reserved_tck ; 100.000      ; -0.028     ; 1.152      ;
; 98.827 ; sld_hub:auto_hub|sld_jtag_hub:\jtag_hub_gen:sld_jtag_hub_inst|clr_reg                            ; sld_hub:auto_hub|sld_jtag_hub:\jtag_hub_gen:sld_jtag_hub_inst|irf_reg[1][3]                                                        ; altera_reserved_tck ; altera_reserved_tck ; 100.000      ; -0.029     ; 1.151      ;
; 98.835 ; sld_hub:auto_hub|sld_jtag_hub:\jtag_hub_gen:sld_jtag_hub_inst|clr_reg                            ; sld_hub:auto_hub|sld_jtag_hub:\jtag_hub_gen:sld_jtag_hub_inst|hub_mode_reg[0]                                                      ; altera_reserved_tck ; altera_reserved_tck ; 100.000      ; -0.021     ; 1.151      ;
; 98.835 ; sld_hub:auto_hub|sld_jtag_hub:\jtag_hub_gen:sld_jtag_hub_inst|clr_reg                            ; sld_hub:auto_hub|sld_jtag_hub:\jtag_hub_gen:sld_jtag_hub_inst|irsr_reg[3]                                                          ; altera_reserved_tck ; altera_reserved_tck ; 100.000      ; -0.021     ; 1.151      ;
; 98.835 ; sld_hub:auto_hub|sld_jtag_hub:\jtag_hub_gen:sld_jtag_hub_inst|clr_reg                            ; sld_hub:auto_hub|sld_jtag_hub:\jtag_hub_gen:sld_jtag_hub_inst|hub_mode_reg[1]                                                      ; altera_reserved_tck ; altera_reserved_tck ; 100.000      ; -0.021     ; 1.151      ;
; 98.875 ; sld_hub:auto_hub|sld_jtag_hub:\jtag_hub_gen:sld_jtag_hub_inst|irf_reg[1][3]                      ; rom1:inst2|altsyncram:altsyncram_component|altsyncram_bnb1:auto_generated|sld_mod_ram_rom:mgl_prim2|ram_rom_data_shift_cntr_reg[1] ; altera_reserved_tck ; altera_reserved_tck ; 100.000      ; -0.022     ; 1.110      ;
; 98.875 ; sld_hub:auto_hub|sld_jtag_hub:\jtag_hub_gen:sld_jtag_hub_inst|irf_reg[1][3]                      ; rom1:inst2|altsyncram:altsyncram_component|altsyncram_bnb1:auto_generated|sld_mod_ram_rom:mgl_prim2|ram_rom_data_shift_cntr_reg[0] ; altera_reserved_tck ; altera_reserved_tck ; 100.000      ; -0.022     ; 1.110      ;
; 98.875 ; sld_hub:auto_hub|sld_jtag_hub:\jtag_hub_gen:sld_jtag_hub_inst|irf_reg[1][3]                      ; rom1:inst2|altsyncram:altsyncram_component|altsyncram_bnb1:auto_generated|sld_mod_ram_rom:mgl_prim2|ram_rom_data_shift_cntr_reg[2] ; altera_reserved_tck ; altera_reserved_tck ; 100.000      ; -0.022     ; 1.110      ;
; 98.875 ; sld_hub:auto_hub|sld_jtag_hub:\jtag_hub_gen:sld_jtag_hub_inst|irf_reg[1][3]                      ; rom1:inst2|altsyncram:altsyncram_component|altsyncram_bnb1:auto_generated|sld_mod_ram_rom:mgl_prim2|ram_rom_data_shift_cntr_reg[3] ; altera_reserved_tck ; altera_reserved_tck ; 100.000      ; -0.022     ; 1.110      ;
; 98.875 ; sld_hub:auto_hub|sld_jtag_hub:\jtag_hub_gen:sld_jtag_hub_inst|irf_reg[1][3]                      ; rom1:inst2|altsyncram:altsyncram_component|altsyncram_bnb1:auto_generated|sld_mod_ram_rom:mgl_prim2|ram_rom_data_shift_cntr_reg[4] ; altera_reserved_tck ; altera_reserved_tck ; 100.000      ; -0.022     ; 1.110      ;
; 98.989 ; sld_hub:auto_hub|sld_jtag_hub:\jtag_hub_gen:sld_jtag_hub_inst|sld_shadow_jsm:shadow_jsm|state[0] ; sld_hub:auto_hub|sld_jtag_hub:\jtag_hub_gen:sld_jtag_hub_inst|jtag_ir_reg[9]                                                       ; altera_reserved_tck ; altera_reserved_tck ; 100.000      ; -0.036     ; 0.982      ;
; 98.989 ; sld_hub:auto_hub|sld_jtag_hub:\jtag_hub_gen:sld_jtag_hub_inst|sld_shadow_jsm:shadow_jsm|state[0] ; sld_hub:auto_hub|sld_jtag_hub:\jtag_hub_gen:sld_jtag_hub_inst|jtag_ir_reg[8]                                                       ; altera_reserved_tck ; altera_reserved_tck ; 100.000      ; -0.036     ; 0.982      ;
; 98.989 ; sld_hub:auto_hub|sld_jtag_hub:\jtag_hub_gen:sld_jtag_hub_inst|sld_shadow_jsm:shadow_jsm|state[0] ; sld_hub:auto_hub|sld_jtag_hub:\jtag_hub_gen:sld_jtag_hub_inst|jtag_ir_reg[7]                                                       ; altera_reserved_tck ; altera_reserved_tck ; 100.000      ; -0.036     ; 0.982      ;
; 98.989 ; sld_hub:auto_hub|sld_jtag_hub:\jtag_hub_gen:sld_jtag_hub_inst|sld_shadow_jsm:shadow_jsm|state[0] ; sld_hub:auto_hub|sld_jtag_hub:\jtag_hub_gen:sld_jtag_hub_inst|jtag_ir_reg[6]                                                       ; altera_reserved_tck ; altera_reserved_tck ; 100.000      ; -0.036     ; 0.982      ;
; 98.989 ; sld_hub:auto_hub|sld_jtag_hub:\jtag_hub_gen:sld_jtag_hub_inst|sld_shadow_jsm:shadow_jsm|state[0] ; sld_hub:auto_hub|sld_jtag_hub:\jtag_hub_gen:sld_jtag_hub_inst|jtag_ir_reg[5]                                                       ; altera_reserved_tck ; altera_reserved_tck ; 100.000      ; -0.036     ; 0.982      ;
; 98.989 ; sld_hub:auto_hub|sld_jtag_hub:\jtag_hub_gen:sld_jtag_hub_inst|sld_shadow_jsm:shadow_jsm|state[0] ; sld_hub:auto_hub|sld_jtag_hub:\jtag_hub_gen:sld_jtag_hub_inst|jtag_ir_reg[4]                                                       ; altera_reserved_tck ; altera_reserved_tck ; 100.000      ; -0.036     ; 0.982      ;
; 98.989 ; sld_hub:auto_hub|sld_jtag_hub:\jtag_hub_gen:sld_jtag_hub_inst|sld_shadow_jsm:shadow_jsm|state[0] ; sld_hub:auto_hub|sld_jtag_hub:\jtag_hub_gen:sld_jtag_hub_inst|jtag_ir_reg[3]                                                       ; altera_reserved_tck ; altera_reserved_tck ; 100.000      ; -0.036     ; 0.982      ;
; 98.989 ; sld_hub:auto_hub|sld_jtag_hub:\jtag_hub_gen:sld_jtag_hub_inst|sld_shadow_jsm:shadow_jsm|state[0] ; sld_hub:auto_hub|sld_jtag_hub:\jtag_hub_gen:sld_jtag_hub_inst|jtag_ir_reg[2]                                                       ; altera_reserved_tck ; altera_reserved_tck ; 100.000      ; -0.036     ; 0.982      ;
; 98.989 ; sld_hub:auto_hub|sld_jtag_hub:\jtag_hub_gen:sld_jtag_hub_inst|sld_shadow_jsm:shadow_jsm|state[0] ; sld_hub:auto_hub|sld_jtag_hub:\jtag_hub_gen:sld_jtag_hub_inst|jtag_ir_reg[1]                                                       ; altera_reserved_tck ; altera_reserved_tck ; 100.000      ; -0.036     ; 0.982      ;
; 98.989 ; sld_hub:auto_hub|sld_jtag_hub:\jtag_hub_gen:sld_jtag_hub_inst|sld_shadow_jsm:shadow_jsm|state[0] ; sld_hub:auto_hub|sld_jtag_hub:\jtag_hub_gen:sld_jtag_hub_inst|jtag_ir_reg[0]                                                       ; altera_reserved_tck ; altera_reserved_tck ; 100.000      ; -0.036     ; 0.982      ;
; 98.989 ; sld_hub:auto_hub|sld_jtag_hub:\jtag_hub_gen:sld_jtag_hub_inst|sld_shadow_jsm:shadow_jsm|state[0] ; sld_hub:auto_hub|sld_jtag_hub:\jtag_hub_gen:sld_jtag_hub_inst|virtual_dr_scan_reg                                                  ; altera_reserved_tck ; altera_reserved_tck ; 100.000      ; -0.036     ; 0.982      ;
; 98.989 ; sld_hub:auto_hub|sld_jtag_hub:\jtag_hub_gen:sld_jtag_hub_inst|sld_shadow_jsm:shadow_jsm|state[0] ; sld_hub:auto_hub|sld_jtag_hub:\jtag_hub_gen:sld_jtag_hub_inst|virtual_ir_scan_reg                                                  ; altera_reserved_tck ; altera_reserved_tck ; 100.000      ; -0.036     ; 0.982      ;
; 99.004 ; sld_hub:auto_hub|sld_jtag_hub:\jtag_hub_gen:sld_jtag_hub_inst|clr_reg                            ; sld_hub:auto_hub|sld_jtag_hub:\jtag_hub_gen:sld_jtag_hub_inst|node_ena[1]~reg0                                                     ; altera_reserved_tck ; altera_reserved_tck ; 100.000      ; -0.034     ; 0.969      ;
; 99.019 ; sld_hub:auto_hub|sld_jtag_hub:\jtag_hub_gen:sld_jtag_hub_inst|clr_reg                            ; sld_hub:auto_hub|sld_jtag_hub:\jtag_hub_gen:sld_jtag_hub_inst|irsr_reg[2]                                                          ; altera_reserved_tck ; altera_reserved_tck ; 100.000      ; -0.024     ; 0.964      ;
; 99.019 ; sld_hub:auto_hub|sld_jtag_hub:\jtag_hub_gen:sld_jtag_hub_inst|clr_reg                            ; sld_hub:auto_hub|sld_jtag_hub:\jtag_hub_gen:sld_jtag_hub_inst|irsr_reg[4]                                                          ; altera_reserved_tck ; altera_reserved_tck ; 100.000      ; -0.024     ; 0.964      ;
; 99.019 ; sld_hub:auto_hub|sld_jtag_hub:\jtag_hub_gen:sld_jtag_hub_inst|clr_reg                            ; sld_hub:auto_hub|sld_jtag_hub:\jtag_hub_gen:sld_jtag_hub_inst|irsr_reg[0]                                                          ; altera_reserved_tck ; altera_reserved_tck ; 100.000      ; -0.024     ; 0.964      ;
; 99.019 ; sld_hub:auto_hub|sld_jtag_hub:\jtag_hub_gen:sld_jtag_hub_inst|clr_reg                            ; sld_hub:auto_hub|sld_jtag_hub:\jtag_hub_gen:sld_jtag_hub_inst|irsr_reg[5]                                                          ; altera_reserved_tck ; altera_reserved_tck ; 100.000      ; -0.024     ; 0.964      ;
; 99.019 ; sld_hub:auto_hub|sld_jtag_hub:\jtag_hub_gen:sld_jtag_hub_inst|clr_reg                            ; sld_hub:auto_hub|sld_jtag_hub:\jtag_hub_gen:sld_jtag_hub_inst|irsr_reg[1]                                                          ; altera_reserved_tck ; altera_reserved_tck ; 100.000      ; -0.024     ; 0.964      ;
; 99.187 ; sld_hub:auto_hub|sld_jtag_hub:\jtag_hub_gen:sld_jtag_hub_inst|irf_reg[1][0]                      ; rom1:inst2|altsyncram:altsyncram_component|altsyncram_bnb1:auto_generated|sld_mod_ram_rom:mgl_prim2|ram_rom_addr_reg[1]            ; altera_reserved_tck ; altera_reserved_tck ; 100.000      ; -0.035     ; 0.785      ;
; 99.187 ; sld_hub:auto_hub|sld_jtag_hub:\jtag_hub_gen:sld_jtag_hub_inst|irf_reg[1][0]                      ; rom1:inst2|altsyncram:altsyncram_component|altsyncram_bnb1:auto_generated|sld_mod_ram_rom:mgl_prim2|ram_rom_addr_reg[0]            ; altera_reserved_tck ; altera_reserved_tck ; 100.000      ; -0.035     ; 0.785      ;
; 99.187 ; sld_hub:auto_hub|sld_jtag_hub:\jtag_hub_gen:sld_jtag_hub_inst|irf_reg[1][0]                      ; rom1:inst2|altsyncram:altsyncram_component|altsyncram_bnb1:auto_generated|sld_mod_ram_rom:mgl_prim2|ram_rom_addr_reg[2]            ; altera_reserved_tck ; altera_reserved_tck ; 100.000      ; -0.035     ; 0.785      ;
; 99.187 ; sld_hub:auto_hub|sld_jtag_hub:\jtag_hub_gen:sld_jtag_hub_inst|irf_reg[1][0]                      ; rom1:inst2|altsyncram:altsyncram_component|altsyncram_bnb1:auto_generated|sld_mod_ram_rom:mgl_prim2|ram_rom_addr_reg[7]            ; altera_reserved_tck ; altera_reserved_tck ; 100.000      ; -0.035     ; 0.785      ;
; 99.187 ; sld_hub:auto_hub|sld_jtag_hub:\jtag_hub_gen:sld_jtag_hub_inst|irf_reg[1][0]                      ; rom1:inst2|altsyncram:altsyncram_component|altsyncram_bnb1:auto_generated|sld_mod_ram_rom:mgl_prim2|ram_rom_addr_reg[6]            ; altera_reserved_tck ; altera_reserved_tck ; 100.000      ; -0.035     ; 0.785      ;
; 99.187 ; sld_hub:auto_hub|sld_jtag_hub:\jtag_hub_gen:sld_jtag_hub_inst|irf_reg[1][0]                      ; rom1:inst2|altsyncram:altsyncram_component|altsyncram_bnb1:auto_generated|sld_mod_ram_rom:mgl_prim2|ram_rom_addr_reg[5]            ; altera_reserved_tck ; altera_reserved_tck ; 100.000      ; -0.035     ; 0.785      ;
; 99.187 ; sld_hub:auto_hub|sld_jtag_hub:\jtag_hub_gen:sld_jtag_hub_inst|irf_reg[1][0]                      ; rom1:inst2|altsyncram:altsyncram_component|altsyncram_bnb1:auto_generated|sld_mod_ram_rom:mgl_prim2|ram_rom_addr_reg[4]            ; altera_reserved_tck ; altera_reserved_tck ; 100.000      ; -0.035     ; 0.785      ;
; 99.187 ; sld_hub:auto_hub|sld_jtag_hub:\jtag_hub_gen:sld_jtag_hub_inst|irf_reg[1][0]                      ; rom1:inst2|altsyncram:altsyncram_component|altsyncram_bnb1:auto_generated|sld_mod_ram_rom:mgl_prim2|ram_rom_addr_reg[3]            ; altera_reserved_tck ; altera_reserved_tck ; 100.000      ; -0.035     ; 0.785      ;
+--------+--------------------------------------------------------------------------------------------------+------------------------------------------------------------------------------------------------------------------------------------+---------------------+---------------------+--------------+------------+------------+


+-------------------------------------------------------------------------------------------------------------------------------------------------------------------------------------------------------------------------------------------------------------------------------------------------------------------------------------+
; Fast 1200mV 0C Model Removal: 'altera_reserved_tck'                                                                                                                                                                                                                                                                                 ;
+--------+--------------------------------------------------------------------------------------------------+------------------------------------------------------------------------------------------------------------------------------------+---------------------+---------------------+--------------+------------+------------+
; Slack  ; From Node                                                                                        ; To Node                                                                                                                            ; Launch Clock        ; Latch Clock         ; Relationship ; Clock Skew ; Data Delay ;
+--------+--------------------------------------------------------------------------------------------------+------------------------------------------------------------------------------------------------------------------------------------+---------------------+---------------------+--------------+------------+------------+
; 0.572  ; sld_hub:auto_hub|sld_jtag_hub:\jtag_hub_gen:sld_jtag_hub_inst|irf_reg[1][0]                      ; rom1:inst2|altsyncram:altsyncram_component|altsyncram_bnb1:auto_generated|sld_mod_ram_rom:mgl_prim2|ram_rom_addr_reg[1]            ; altera_reserved_tck ; altera_reserved_tck ; 0.000        ; 0.037      ; 0.693      ;
; 0.572  ; sld_hub:auto_hub|sld_jtag_hub:\jtag_hub_gen:sld_jtag_hub_inst|irf_reg[1][0]                      ; rom1:inst2|altsyncram:altsyncram_component|altsyncram_bnb1:auto_generated|sld_mod_ram_rom:mgl_prim2|ram_rom_addr_reg[0]            ; altera_reserved_tck ; altera_reserved_tck ; 0.000        ; 0.037      ; 0.693      ;
; 0.572  ; sld_hub:auto_hub|sld_jtag_hub:\jtag_hub_gen:sld_jtag_hub_inst|irf_reg[1][0]                      ; rom1:inst2|altsyncram:altsyncram_component|altsyncram_bnb1:auto_generated|sld_mod_ram_rom:mgl_prim2|ram_rom_addr_reg[2]            ; altera_reserved_tck ; altera_reserved_tck ; 0.000        ; 0.037      ; 0.693      ;
; 0.572  ; sld_hub:auto_hub|sld_jtag_hub:\jtag_hub_gen:sld_jtag_hub_inst|irf_reg[1][0]                      ; rom1:inst2|altsyncram:altsyncram_component|altsyncram_bnb1:auto_generated|sld_mod_ram_rom:mgl_prim2|ram_rom_addr_reg[7]            ; altera_reserved_tck ; altera_reserved_tck ; 0.000        ; 0.037      ; 0.693      ;
; 0.572  ; sld_hub:auto_hub|sld_jtag_hub:\jtag_hub_gen:sld_jtag_hub_inst|irf_reg[1][0]                      ; rom1:inst2|altsyncram:altsyncram_component|altsyncram_bnb1:auto_generated|sld_mod_ram_rom:mgl_prim2|ram_rom_addr_reg[6]            ; altera_reserved_tck ; altera_reserved_tck ; 0.000        ; 0.037      ; 0.693      ;
; 0.572  ; sld_hub:auto_hub|sld_jtag_hub:\jtag_hub_gen:sld_jtag_hub_inst|irf_reg[1][0]                      ; rom1:inst2|altsyncram:altsyncram_component|altsyncram_bnb1:auto_generated|sld_mod_ram_rom:mgl_prim2|ram_rom_addr_reg[5]            ; altera_reserved_tck ; altera_reserved_tck ; 0.000        ; 0.037      ; 0.693      ;
; 0.572  ; sld_hub:auto_hub|sld_jtag_hub:\jtag_hub_gen:sld_jtag_hub_inst|irf_reg[1][0]                      ; rom1:inst2|altsyncram:altsyncram_component|altsyncram_bnb1:auto_generated|sld_mod_ram_rom:mgl_prim2|ram_rom_addr_reg[4]            ; altera_reserved_tck ; altera_reserved_tck ; 0.000        ; 0.037      ; 0.693      ;
; 0.572  ; sld_hub:auto_hub|sld_jtag_hub:\jtag_hub_gen:sld_jtag_hub_inst|irf_reg[1][0]                      ; rom1:inst2|altsyncram:altsyncram_component|altsyncram_bnb1:auto_generated|sld_mod_ram_rom:mgl_prim2|ram_rom_addr_reg[3]            ; altera_reserved_tck ; altera_reserved_tck ; 0.000        ; 0.037      ; 0.693      ;
; 0.712  ; sld_hub:auto_hub|sld_jtag_hub:\jtag_hub_gen:sld_jtag_hub_inst|clr_reg                            ; sld_hub:auto_hub|sld_jtag_hub:\jtag_hub_gen:sld_jtag_hub_inst|irsr_reg[2]                                                          ; altera_reserved_tck ; altera_reserved_tck ; 0.000        ; 0.048      ; 0.844      ;
; 0.712  ; sld_hub:auto_hub|sld_jtag_hub:\jtag_hub_gen:sld_jtag_hub_inst|clr_reg                            ; sld_hub:auto_hub|sld_jtag_hub:\jtag_hub_gen:sld_jtag_hub_inst|irsr_reg[4]                                                          ; altera_reserved_tck ; altera_reserved_tck ; 0.000        ; 0.048      ; 0.844      ;
; 0.712  ; sld_hub:auto_hub|sld_jtag_hub:\jtag_hub_gen:sld_jtag_hub_inst|clr_reg                            ; sld_hub:auto_hub|sld_jtag_hub:\jtag_hub_gen:sld_jtag_hub_inst|irsr_reg[0]                                                          ; altera_reserved_tck ; altera_reserved_tck ; 0.000        ; 0.048      ; 0.844      ;
; 0.712  ; sld_hub:auto_hub|sld_jtag_hub:\jtag_hub_gen:sld_jtag_hub_inst|clr_reg                            ; sld_hub:auto_hub|sld_jtag_hub:\jtag_hub_gen:sld_jtag_hub_inst|irsr_reg[5]                                                          ; altera_reserved_tck ; altera_reserved_tck ; 0.000        ; 0.048      ; 0.844      ;
; 0.712  ; sld_hub:auto_hub|sld_jtag_hub:\jtag_hub_gen:sld_jtag_hub_inst|clr_reg                            ; sld_hub:auto_hub|sld_jtag_hub:\jtag_hub_gen:sld_jtag_hub_inst|irsr_reg[1]                                                          ; altera_reserved_tck ; altera_reserved_tck ; 0.000        ; 0.048      ; 0.844      ;
; 0.716  ; sld_hub:auto_hub|sld_jtag_hub:\jtag_hub_gen:sld_jtag_hub_inst|sld_shadow_jsm:shadow_jsm|state[0] ; sld_hub:auto_hub|sld_jtag_hub:\jtag_hub_gen:sld_jtag_hub_inst|jtag_ir_reg[9]                                                       ; altera_reserved_tck ; altera_reserved_tck ; 0.000        ; 0.036      ; 0.836      ;
; 0.716  ; sld_hub:auto_hub|sld_jtag_hub:\jtag_hub_gen:sld_jtag_hub_inst|sld_shadow_jsm:shadow_jsm|state[0] ; sld_hub:auto_hub|sld_jtag_hub:\jtag_hub_gen:sld_jtag_hub_inst|jtag_ir_reg[8]                                                       ; altera_reserved_tck ; altera_reserved_tck ; 0.000        ; 0.036      ; 0.836      ;
; 0.716  ; sld_hub:auto_hub|sld_jtag_hub:\jtag_hub_gen:sld_jtag_hub_inst|sld_shadow_jsm:shadow_jsm|state[0] ; sld_hub:auto_hub|sld_jtag_hub:\jtag_hub_gen:sld_jtag_hub_inst|jtag_ir_reg[7]                                                       ; altera_reserved_tck ; altera_reserved_tck ; 0.000        ; 0.036      ; 0.836      ;
; 0.716  ; sld_hub:auto_hub|sld_jtag_hub:\jtag_hub_gen:sld_jtag_hub_inst|sld_shadow_jsm:shadow_jsm|state[0] ; sld_hub:auto_hub|sld_jtag_hub:\jtag_hub_gen:sld_jtag_hub_inst|jtag_ir_reg[6]                                                       ; altera_reserved_tck ; altera_reserved_tck ; 0.000        ; 0.036      ; 0.836      ;
; 0.716  ; sld_hub:auto_hub|sld_jtag_hub:\jtag_hub_gen:sld_jtag_hub_inst|sld_shadow_jsm:shadow_jsm|state[0] ; sld_hub:auto_hub|sld_jtag_hub:\jtag_hub_gen:sld_jtag_hub_inst|jtag_ir_reg[5]                                                       ; altera_reserved_tck ; altera_reserved_tck ; 0.000        ; 0.036      ; 0.836      ;
; 0.716  ; sld_hub:auto_hub|sld_jtag_hub:\jtag_hub_gen:sld_jtag_hub_inst|sld_shadow_jsm:shadow_jsm|state[0] ; sld_hub:auto_hub|sld_jtag_hub:\jtag_hub_gen:sld_jtag_hub_inst|jtag_ir_reg[4]                                                       ; altera_reserved_tck ; altera_reserved_tck ; 0.000        ; 0.036      ; 0.836      ;
; 0.716  ; sld_hub:auto_hub|sld_jtag_hub:\jtag_hub_gen:sld_jtag_hub_inst|sld_shadow_jsm:shadow_jsm|state[0] ; sld_hub:auto_hub|sld_jtag_hub:\jtag_hub_gen:sld_jtag_hub_inst|jtag_ir_reg[3]                                                       ; altera_reserved_tck ; altera_reserved_tck ; 0.000        ; 0.036      ; 0.836      ;
; 0.716  ; sld_hub:auto_hub|sld_jtag_hub:\jtag_hub_gen:sld_jtag_hub_inst|sld_shadow_jsm:shadow_jsm|state[0] ; sld_hub:auto_hub|sld_jtag_hub:\jtag_hub_gen:sld_jtag_hub_inst|jtag_ir_reg[2]                                                       ; altera_reserved_tck ; altera_reserved_tck ; 0.000        ; 0.036      ; 0.836      ;
; 0.716  ; sld_hub:auto_hub|sld_jtag_hub:\jtag_hub_gen:sld_jtag_hub_inst|sld_shadow_jsm:shadow_jsm|state[0] ; sld_hub:auto_hub|sld_jtag_hub:\jtag_hub_gen:sld_jtag_hub_inst|jtag_ir_reg[1]                                                       ; altera_reserved_tck ; altera_reserved_tck ; 0.000        ; 0.036      ; 0.836      ;
; 0.716  ; sld_hub:auto_hub|sld_jtag_hub:\jtag_hub_gen:sld_jtag_hub_inst|sld_shadow_jsm:shadow_jsm|state[0] ; sld_hub:auto_hub|sld_jtag_hub:\jtag_hub_gen:sld_jtag_hub_inst|jtag_ir_reg[0]                                                       ; altera_reserved_tck ; altera_reserved_tck ; 0.000        ; 0.036      ; 0.836      ;
; 0.716  ; sld_hub:auto_hub|sld_jtag_hub:\jtag_hub_gen:sld_jtag_hub_inst|sld_shadow_jsm:shadow_jsm|state[0] ; sld_hub:auto_hub|sld_jtag_hub:\jtag_hub_gen:sld_jtag_hub_inst|virtual_dr_scan_reg                                                  ; altera_reserved_tck ; altera_reserved_tck ; 0.000        ; 0.036      ; 0.836      ;
; 0.716  ; sld_hub:auto_hub|sld_jtag_hub:\jtag_hub_gen:sld_jtag_hub_inst|sld_shadow_jsm:shadow_jsm|state[0] ; sld_hub:auto_hub|sld_jtag_hub:\jtag_hub_gen:sld_jtag_hub_inst|virtual_ir_scan_reg                                                  ; altera_reserved_tck ; altera_reserved_tck ; 0.000        ; 0.036      ; 0.836      ;
; 0.722  ; sld_hub:auto_hub|sld_jtag_hub:\jtag_hub_gen:sld_jtag_hub_inst|clr_reg                            ; sld_hub:auto_hub|sld_jtag_hub:\jtag_hub_gen:sld_jtag_hub_inst|node_ena[1]~reg0                                                     ; altera_reserved_tck ; altera_reserved_tck ; 0.000        ; 0.038      ; 0.844      ;
; 0.839  ; sld_hub:auto_hub|sld_jtag_hub:\jtag_hub_gen:sld_jtag_hub_inst|irf_reg[1][3]                      ; rom1:inst2|altsyncram:altsyncram_component|altsyncram_bnb1:auto_generated|sld_mod_ram_rom:mgl_prim2|ram_rom_data_shift_cntr_reg[1] ; altera_reserved_tck ; altera_reserved_tck ; 0.000        ; 0.050      ; 0.973      ;
; 0.839  ; sld_hub:auto_hub|sld_jtag_hub:\jtag_hub_gen:sld_jtag_hub_inst|irf_reg[1][3]                      ; rom1:inst2|altsyncram:altsyncram_component|altsyncram_bnb1:auto_generated|sld_mod_ram_rom:mgl_prim2|ram_rom_data_shift_cntr_reg[0] ; altera_reserved_tck ; altera_reserved_tck ; 0.000        ; 0.050      ; 0.973      ;
; 0.839  ; sld_hub:auto_hub|sld_jtag_hub:\jtag_hub_gen:sld_jtag_hub_inst|irf_reg[1][3]                      ; rom1:inst2|altsyncram:altsyncram_component|altsyncram_bnb1:auto_generated|sld_mod_ram_rom:mgl_prim2|ram_rom_data_shift_cntr_reg[2] ; altera_reserved_tck ; altera_reserved_tck ; 0.000        ; 0.050      ; 0.973      ;
; 0.839  ; sld_hub:auto_hub|sld_jtag_hub:\jtag_hub_gen:sld_jtag_hub_inst|irf_reg[1][3]                      ; rom1:inst2|altsyncram:altsyncram_component|altsyncram_bnb1:auto_generated|sld_mod_ram_rom:mgl_prim2|ram_rom_data_shift_cntr_reg[3] ; altera_reserved_tck ; altera_reserved_tck ; 0.000        ; 0.050      ; 0.973      ;
; 0.839  ; sld_hub:auto_hub|sld_jtag_hub:\jtag_hub_gen:sld_jtag_hub_inst|irf_reg[1][3]                      ; rom1:inst2|altsyncram:altsyncram_component|altsyncram_bnb1:auto_generated|sld_mod_ram_rom:mgl_prim2|ram_rom_data_shift_cntr_reg[4] ; altera_reserved_tck ; altera_reserved_tck ; 0.000        ; 0.050      ; 0.973      ;
; 0.864  ; sld_hub:auto_hub|sld_jtag_hub:\jtag_hub_gen:sld_jtag_hub_inst|clr_reg                            ; sld_hub:auto_hub|sld_jtag_hub:\jtag_hub_gen:sld_jtag_hub_inst|hub_mode_reg[0]                                                      ; altera_reserved_tck ; altera_reserved_tck ; 0.000        ; 0.051      ; 0.999      ;
; 0.864  ; sld_hub:auto_hub|sld_jtag_hub:\jtag_hub_gen:sld_jtag_hub_inst|clr_reg                            ; sld_hub:auto_hub|sld_jtag_hub:\jtag_hub_gen:sld_jtag_hub_inst|irsr_reg[3]                                                          ; altera_reserved_tck ; altera_reserved_tck ; 0.000        ; 0.051      ; 0.999      ;
; 0.864  ; sld_hub:auto_hub|sld_jtag_hub:\jtag_hub_gen:sld_jtag_hub_inst|clr_reg                            ; sld_hub:auto_hub|sld_jtag_hub:\jtag_hub_gen:sld_jtag_hub_inst|hub_mode_reg[1]                                                      ; altera_reserved_tck ; altera_reserved_tck ; 0.000        ; 0.051      ; 0.999      ;
; 0.873  ; sld_hub:auto_hub|sld_jtag_hub:\jtag_hub_gen:sld_jtag_hub_inst|clr_reg                            ; sld_hub:auto_hub|sld_jtag_hub:\jtag_hub_gen:sld_jtag_hub_inst|irf_reg[1][0]                                                        ; altera_reserved_tck ; altera_reserved_tck ; 0.000        ; 0.043      ; 1.000      ;
; 0.873  ; sld_hub:auto_hub|sld_jtag_hub:\jtag_hub_gen:sld_jtag_hub_inst|clr_reg                            ; sld_hub:auto_hub|sld_jtag_hub:\jtag_hub_gen:sld_jtag_hub_inst|irf_reg[1][1]                                                        ; altera_reserved_tck ; altera_reserved_tck ; 0.000        ; 0.043      ; 1.000      ;
; 0.873  ; sld_hub:auto_hub|sld_jtag_hub:\jtag_hub_gen:sld_jtag_hub_inst|clr_reg                            ; sld_hub:auto_hub|sld_jtag_hub:\jtag_hub_gen:sld_jtag_hub_inst|irf_reg[1][2]                                                        ; altera_reserved_tck ; altera_reserved_tck ; 0.000        ; 0.043      ; 1.000      ;
; 0.873  ; sld_hub:auto_hub|sld_jtag_hub:\jtag_hub_gen:sld_jtag_hub_inst|clr_reg                            ; sld_hub:auto_hub|sld_jtag_hub:\jtag_hub_gen:sld_jtag_hub_inst|irf_reg[1][4]                                                        ; altera_reserved_tck ; altera_reserved_tck ; 0.000        ; 0.043      ; 1.000      ;
; 0.873  ; sld_hub:auto_hub|sld_jtag_hub:\jtag_hub_gen:sld_jtag_hub_inst|clr_reg                            ; rom1:inst2|altsyncram:altsyncram_component|altsyncram_bnb1:auto_generated|sld_mod_ram_rom:mgl_prim2|is_in_use_reg                  ; altera_reserved_tck ; altera_reserved_tck ; 0.000        ; 0.044      ; 1.001      ;
; 0.873  ; sld_hub:auto_hub|sld_jtag_hub:\jtag_hub_gen:sld_jtag_hub_inst|clr_reg                            ; sld_hub:auto_hub|sld_jtag_hub:\jtag_hub_gen:sld_jtag_hub_inst|irf_reg[1][3]                                                        ; altera_reserved_tck ; altera_reserved_tck ; 0.000        ; 0.043      ; 1.000      ;
; 0.888  ; sld_hub:auto_hub|sld_jtag_hub:\jtag_hub_gen:sld_jtag_hub_inst|clr_reg                            ; rom1:inst2|altsyncram:altsyncram_component|altsyncram_bnb1:auto_generated|sld_mod_ram_rom:mgl_prim2|bypass_reg_out                 ; altera_reserved_tck ; altera_reserved_tck ; 0.000        ; 0.043      ; 1.015      ;
; 0.941  ; sld_hub:auto_hub|sld_jtag_hub:\jtag_hub_gen:sld_jtag_hub_inst|irf_reg[1][0]                      ; rom1:inst2|altsyncram:altsyncram_component|altsyncram_bnb1:auto_generated|sld_mod_ram_rom:mgl_prim2|ir_loaded_address_reg[2]       ; altera_reserved_tck ; altera_reserved_tck ; 0.000        ; 0.043      ; 1.068      ;
; 0.941  ; sld_hub:auto_hub|sld_jtag_hub:\jtag_hub_gen:sld_jtag_hub_inst|irf_reg[1][0]                      ; rom1:inst2|altsyncram:altsyncram_component|altsyncram_bnb1:auto_generated|sld_mod_ram_rom:mgl_prim2|ir_loaded_address_reg[1]       ; altera_reserved_tck ; altera_reserved_tck ; 0.000        ; 0.043      ; 1.068      ;
; 0.941  ; sld_hub:auto_hub|sld_jtag_hub:\jtag_hub_gen:sld_jtag_hub_inst|irf_reg[1][0]                      ; rom1:inst2|altsyncram:altsyncram_component|altsyncram_bnb1:auto_generated|sld_mod_ram_rom:mgl_prim2|ir_loaded_address_reg[3]       ; altera_reserved_tck ; altera_reserved_tck ; 0.000        ; 0.043      ; 1.068      ;
; 0.941  ; sld_hub:auto_hub|sld_jtag_hub:\jtag_hub_gen:sld_jtag_hub_inst|irf_reg[1][0]                      ; rom1:inst2|altsyncram:altsyncram_component|altsyncram_bnb1:auto_generated|sld_mod_ram_rom:mgl_prim2|ir_loaded_address_reg[0]       ; altera_reserved_tck ; altera_reserved_tck ; 0.000        ; 0.043      ; 1.068      ;
; 0.975  ; sld_hub:auto_hub|sld_jtag_hub:\jtag_hub_gen:sld_jtag_hub_inst|virtual_ir_scan_reg                ; sld_hub:auto_hub|sld_jtag_hub:\jtag_hub_gen:sld_jtag_hub_inst|hub_mode_reg[2]                                                      ; altera_reserved_tck ; altera_reserved_tck ; 0.000        ; 0.048      ; 1.107      ;
; 1.060  ; sld_hub:auto_hub|sld_jtag_hub:\jtag_hub_gen:sld_jtag_hub_inst|irf_reg[1][4]                      ; rom1:inst2|altsyncram:altsyncram_component|altsyncram_bnb1:auto_generated|sld_mod_ram_rom:mgl_prim2|ir_loaded_address_reg[2]       ; altera_reserved_tck ; altera_reserved_tck ; 0.000        ; 0.043      ; 1.187      ;
; 1.060  ; sld_hub:auto_hub|sld_jtag_hub:\jtag_hub_gen:sld_jtag_hub_inst|irf_reg[1][4]                      ; rom1:inst2|altsyncram:altsyncram_component|altsyncram_bnb1:auto_generated|sld_mod_ram_rom:mgl_prim2|ir_loaded_address_reg[1]       ; altera_reserved_tck ; altera_reserved_tck ; 0.000        ; 0.043      ; 1.187      ;
; 1.060  ; sld_hub:auto_hub|sld_jtag_hub:\jtag_hub_gen:sld_jtag_hub_inst|irf_reg[1][4]                      ; rom1:inst2|altsyncram:altsyncram_component|altsyncram_bnb1:auto_generated|sld_mod_ram_rom:mgl_prim2|ir_loaded_address_reg[3]       ; altera_reserved_tck ; altera_reserved_tck ; 0.000        ; 0.043      ; 1.187      ;
; 1.060  ; sld_hub:auto_hub|sld_jtag_hub:\jtag_hub_gen:sld_jtag_hub_inst|irf_reg[1][4]                      ; rom1:inst2|altsyncram:altsyncram_component|altsyncram_bnb1:auto_generated|sld_mod_ram_rom:mgl_prim2|ir_loaded_address_reg[0]       ; altera_reserved_tck ; altera_reserved_tck ; 0.000        ; 0.043      ; 1.187      ;
; 50.965 ; sld_hub:auto_hub|sld_jtag_hub:\jtag_hub_gen:sld_jtag_hub_inst|sld_shadow_jsm:shadow_jsm|state[8] ; sld_hub:auto_hub|sld_jtag_hub:\jtag_hub_gen:sld_jtag_hub_inst|tdo                                                                  ; altera_reserved_tck ; altera_reserved_tck ; -50.000      ; 0.374      ; 1.423      ;
+--------+--------------------------------------------------------------------------------------------------+------------------------------------------------------------------------------------------------------------------------------------+---------------------+---------------------+--------------+------------+------------+


+-----------------------------------------------------------------------------------------------------------------------------------------------------------------------------------------------------------------------------------------------------------------------+
; Fast 1200mV 0C Model Minimum Pulse Width: 'altera_reserved_tck'                                                                                                                                                                                                       ;
+--------+--------------+----------------+------------------+---------------------+------------+------------------------------------------------------------------------------------------------------------------------------------------------------------------------+
; Slack  ; Actual Width ; Required Width ; Type             ; Clock               ; Clock Edge ; Target                                                                                                                                                                 ;
+--------+--------------+----------------+------------------+---------------------+------------+------------------------------------------------------------------------------------------------------------------------------------------------------------------------+
; 49.454 ; 49.684       ; 0.230          ; Low Pulse Width  ; altera_reserved_tck ; Rise       ; rom1:inst2|altsyncram:altsyncram_component|altsyncram_bnb1:auto_generated|altsyncram_67d2:altsyncram1|ram_block3a0~portb_address_reg0                                  ;
; 49.454 ; 49.684       ; 0.230          ; Low Pulse Width  ; altera_reserved_tck ; Rise       ; rom1:inst2|altsyncram:altsyncram_component|altsyncram_bnb1:auto_generated|altsyncram_67d2:altsyncram1|ram_block3a0~portb_we_reg                                        ;
; 49.455 ; 49.685       ; 0.230          ; Low Pulse Width  ; altera_reserved_tck ; Rise       ; rom1:inst2|altsyncram:altsyncram_component|altsyncram_bnb1:auto_generated|altsyncram_67d2:altsyncram1|ram_block3a10~portb_address_reg0                                 ;
; 49.455 ; 49.685       ; 0.230          ; Low Pulse Width  ; altera_reserved_tck ; Rise       ; rom1:inst2|altsyncram:altsyncram_component|altsyncram_bnb1:auto_generated|altsyncram_67d2:altsyncram1|ram_block3a10~portb_we_reg                                       ;
; 49.456 ; 49.686       ; 0.230          ; Low Pulse Width  ; altera_reserved_tck ; Rise       ; rom1:inst2|altsyncram:altsyncram_component|altsyncram_bnb1:auto_generated|altsyncram_67d2:altsyncram1|ram_block3a0~portb_datain_reg0                                   ;
; 49.457 ; 49.687       ; 0.230          ; Low Pulse Width  ; altera_reserved_tck ; Rise       ; rom1:inst2|altsyncram:altsyncram_component|altsyncram_bnb1:auto_generated|altsyncram_67d2:altsyncram1|ram_block3a10~portb_datain_reg0                                  ;
; 49.469 ; 49.685       ; 0.216          ; High Pulse Width ; altera_reserved_tck ; Fall       ; sld_hub:auto_hub|sld_jtag_hub:\jtag_hub_gen:sld_jtag_hub_inst|tdo                                                                                                      ;
; 49.513 ; 49.697       ; 0.184          ; Low Pulse Width  ; altera_reserved_tck ; Rise       ; rom1:inst2|altsyncram:altsyncram_component|altsyncram_bnb1:auto_generated|sld_mod_ram_rom:mgl_prim2|ir_loaded_address_reg[0]                                           ;
; 49.513 ; 49.697       ; 0.184          ; Low Pulse Width  ; altera_reserved_tck ; Rise       ; rom1:inst2|altsyncram:altsyncram_component|altsyncram_bnb1:auto_generated|sld_mod_ram_rom:mgl_prim2|ir_loaded_address_reg[1]                                           ;
; 49.513 ; 49.697       ; 0.184          ; Low Pulse Width  ; altera_reserved_tck ; Rise       ; rom1:inst2|altsyncram:altsyncram_component|altsyncram_bnb1:auto_generated|sld_mod_ram_rom:mgl_prim2|ir_loaded_address_reg[2]                                           ;
; 49.513 ; 49.697       ; 0.184          ; Low Pulse Width  ; altera_reserved_tck ; Rise       ; rom1:inst2|altsyncram:altsyncram_component|altsyncram_bnb1:auto_generated|sld_mod_ram_rom:mgl_prim2|ir_loaded_address_reg[3]                                           ;
; 49.513 ; 49.697       ; 0.184          ; Low Pulse Width  ; altera_reserved_tck ; Rise       ; rom1:inst2|altsyncram:altsyncram_component|altsyncram_bnb1:auto_generated|sld_mod_ram_rom:mgl_prim2|sld_rom_sr:\ram_rom_logic_gen:name_gen:info_rom_sr|word_counter[0] ;
; 49.513 ; 49.697       ; 0.184          ; Low Pulse Width  ; altera_reserved_tck ; Rise       ; rom1:inst2|altsyncram:altsyncram_component|altsyncram_bnb1:auto_generated|sld_mod_ram_rom:mgl_prim2|sld_rom_sr:\ram_rom_logic_gen:name_gen:info_rom_sr|word_counter[1] ;
; 49.513 ; 49.697       ; 0.184          ; Low Pulse Width  ; altera_reserved_tck ; Rise       ; rom1:inst2|altsyncram:altsyncram_component|altsyncram_bnb1:auto_generated|sld_mod_ram_rom:mgl_prim2|sld_rom_sr:\ram_rom_logic_gen:name_gen:info_rom_sr|word_counter[2] ;
; 49.513 ; 49.697       ; 0.184          ; Low Pulse Width  ; altera_reserved_tck ; Rise       ; rom1:inst2|altsyncram:altsyncram_component|altsyncram_bnb1:auto_generated|sld_mod_ram_rom:mgl_prim2|sld_rom_sr:\ram_rom_logic_gen:name_gen:info_rom_sr|word_counter[3] ;
; 49.513 ; 49.697       ; 0.184          ; Low Pulse Width  ; altera_reserved_tck ; Rise       ; rom1:inst2|altsyncram:altsyncram_component|altsyncram_bnb1:auto_generated|sld_mod_ram_rom:mgl_prim2|sld_rom_sr:\ram_rom_logic_gen:name_gen:info_rom_sr|word_counter[4] ;
; 49.513 ; 49.697       ; 0.184          ; Low Pulse Width  ; altera_reserved_tck ; Rise       ; sld_hub:auto_hub|sld_jtag_hub:\jtag_hub_gen:sld_jtag_hub_inst|clr_reg                                                                                                  ;
; 49.513 ; 49.697       ; 0.184          ; Low Pulse Width  ; altera_reserved_tck ; Rise       ; sld_hub:auto_hub|sld_jtag_hub:\jtag_hub_gen:sld_jtag_hub_inst|hub_mode_reg[0]                                                                                          ;
; 49.513 ; 49.697       ; 0.184          ; Low Pulse Width  ; altera_reserved_tck ; Rise       ; sld_hub:auto_hub|sld_jtag_hub:\jtag_hub_gen:sld_jtag_hub_inst|hub_mode_reg[1]                                                                                          ;
; 49.513 ; 49.697       ; 0.184          ; Low Pulse Width  ; altera_reserved_tck ; Rise       ; sld_hub:auto_hub|sld_jtag_hub:\jtag_hub_gen:sld_jtag_hub_inst|hub_mode_reg[2]                                                                                          ;
; 49.513 ; 49.697       ; 0.184          ; Low Pulse Width  ; altera_reserved_tck ; Rise       ; sld_hub:auto_hub|sld_jtag_hub:\jtag_hub_gen:sld_jtag_hub_inst|identity_contrib_shift_reg[0]                                                                            ;
; 49.513 ; 49.697       ; 0.184          ; Low Pulse Width  ; altera_reserved_tck ; Rise       ; sld_hub:auto_hub|sld_jtag_hub:\jtag_hub_gen:sld_jtag_hub_inst|identity_contrib_shift_reg[1]                                                                            ;
; 49.513 ; 49.697       ; 0.184          ; Low Pulse Width  ; altera_reserved_tck ; Rise       ; sld_hub:auto_hub|sld_jtag_hub:\jtag_hub_gen:sld_jtag_hub_inst|identity_contrib_shift_reg[2]                                                                            ;
; 49.513 ; 49.697       ; 0.184          ; Low Pulse Width  ; altera_reserved_tck ; Rise       ; sld_hub:auto_hub|sld_jtag_hub:\jtag_hub_gen:sld_jtag_hub_inst|identity_contrib_shift_reg[3]                                                                            ;
; 49.513 ; 49.697       ; 0.184          ; Low Pulse Width  ; altera_reserved_tck ; Rise       ; sld_hub:auto_hub|sld_jtag_hub:\jtag_hub_gen:sld_jtag_hub_inst|identity_contrib_update_reg[1]                                                                           ;
; 49.513 ; 49.697       ; 0.184          ; Low Pulse Width  ; altera_reserved_tck ; Rise       ; sld_hub:auto_hub|sld_jtag_hub:\jtag_hub_gen:sld_jtag_hub_inst|identity_contrib_update_reg[2]                                                                           ;
; 49.513 ; 49.697       ; 0.184          ; Low Pulse Width  ; altera_reserved_tck ; Rise       ; sld_hub:auto_hub|sld_jtag_hub:\jtag_hub_gen:sld_jtag_hub_inst|irsr_reg[0]                                                                                              ;
; 49.513 ; 49.697       ; 0.184          ; Low Pulse Width  ; altera_reserved_tck ; Rise       ; sld_hub:auto_hub|sld_jtag_hub:\jtag_hub_gen:sld_jtag_hub_inst|irsr_reg[1]                                                                                              ;
; 49.513 ; 49.697       ; 0.184          ; Low Pulse Width  ; altera_reserved_tck ; Rise       ; sld_hub:auto_hub|sld_jtag_hub:\jtag_hub_gen:sld_jtag_hub_inst|irsr_reg[2]                                                                                              ;
; 49.513 ; 49.697       ; 0.184          ; Low Pulse Width  ; altera_reserved_tck ; Rise       ; sld_hub:auto_hub|sld_jtag_hub:\jtag_hub_gen:sld_jtag_hub_inst|irsr_reg[3]                                                                                              ;
; 49.513 ; 49.697       ; 0.184          ; Low Pulse Width  ; altera_reserved_tck ; Rise       ; sld_hub:auto_hub|sld_jtag_hub:\jtag_hub_gen:sld_jtag_hub_inst|irsr_reg[4]                                                                                              ;
; 49.513 ; 49.697       ; 0.184          ; Low Pulse Width  ; altera_reserved_tck ; Rise       ; sld_hub:auto_hub|sld_jtag_hub:\jtag_hub_gen:sld_jtag_hub_inst|irsr_reg[5]                                                                                              ;
; 49.513 ; 49.697       ; 0.184          ; Low Pulse Width  ; altera_reserved_tck ; Rise       ; sld_hub:auto_hub|sld_jtag_hub:\jtag_hub_gen:sld_jtag_hub_inst|mixer_addr_reg[0]                                                                                        ;
; 49.513 ; 49.697       ; 0.184          ; Low Pulse Width  ; altera_reserved_tck ; Rise       ; sld_hub:auto_hub|sld_jtag_hub:\jtag_hub_gen:sld_jtag_hub_inst|mixer_addr_reg[1]                                                                                        ;
; 49.513 ; 49.697       ; 0.184          ; Low Pulse Width  ; altera_reserved_tck ; Rise       ; sld_hub:auto_hub|sld_jtag_hub:\jtag_hub_gen:sld_jtag_hub_inst|mixer_addr_reg[2]                                                                                        ;
; 49.513 ; 49.697       ; 0.184          ; Low Pulse Width  ; altera_reserved_tck ; Rise       ; sld_hub:auto_hub|sld_jtag_hub:\jtag_hub_gen:sld_jtag_hub_inst|mixer_addr_reg[3]                                                                                        ;
; 49.513 ; 49.697       ; 0.184          ; Low Pulse Width  ; altera_reserved_tck ; Rise       ; sld_hub:auto_hub|sld_jtag_hub:\jtag_hub_gen:sld_jtag_hub_inst|mixer_addr_reg[4]                                                                                        ;
; 49.513 ; 49.697       ; 0.184          ; Low Pulse Width  ; altera_reserved_tck ; Rise       ; sld_hub:auto_hub|sld_jtag_hub:\jtag_hub_gen:sld_jtag_hub_inst|reset_ena_reg                                                                                            ;
; 49.513 ; 49.697       ; 0.184          ; Low Pulse Width  ; altera_reserved_tck ; Rise       ; sld_hub:auto_hub|sld_jtag_hub:\jtag_hub_gen:sld_jtag_hub_inst|sld_shadow_jsm:shadow_jsm|state[10]                                                                      ;
; 49.513 ; 49.697       ; 0.184          ; Low Pulse Width  ; altera_reserved_tck ; Rise       ; sld_hub:auto_hub|sld_jtag_hub:\jtag_hub_gen:sld_jtag_hub_inst|sld_shadow_jsm:shadow_jsm|state[11]                                                                      ;
; 49.513 ; 49.697       ; 0.184          ; Low Pulse Width  ; altera_reserved_tck ; Rise       ; sld_hub:auto_hub|sld_jtag_hub:\jtag_hub_gen:sld_jtag_hub_inst|sld_shadow_jsm:shadow_jsm|state[12]                                                                      ;
; 49.513 ; 49.697       ; 0.184          ; Low Pulse Width  ; altera_reserved_tck ; Rise       ; sld_hub:auto_hub|sld_jtag_hub:\jtag_hub_gen:sld_jtag_hub_inst|sld_shadow_jsm:shadow_jsm|state[13]                                                                      ;
; 49.513 ; 49.697       ; 0.184          ; Low Pulse Width  ; altera_reserved_tck ; Rise       ; sld_hub:auto_hub|sld_jtag_hub:\jtag_hub_gen:sld_jtag_hub_inst|sld_shadow_jsm:shadow_jsm|state[14]                                                                      ;
; 49.513 ; 49.697       ; 0.184          ; Low Pulse Width  ; altera_reserved_tck ; Rise       ; sld_hub:auto_hub|sld_jtag_hub:\jtag_hub_gen:sld_jtag_hub_inst|sld_shadow_jsm:shadow_jsm|state[15]                                                                      ;
; 49.513 ; 49.697       ; 0.184          ; Low Pulse Width  ; altera_reserved_tck ; Rise       ; sld_hub:auto_hub|sld_jtag_hub:\jtag_hub_gen:sld_jtag_hub_inst|sld_shadow_jsm:shadow_jsm|state[1]                                                                       ;
; 49.513 ; 49.697       ; 0.184          ; Low Pulse Width  ; altera_reserved_tck ; Rise       ; sld_hub:auto_hub|sld_jtag_hub:\jtag_hub_gen:sld_jtag_hub_inst|sld_shadow_jsm:shadow_jsm|state[2]                                                                       ;
; 49.513 ; 49.697       ; 0.184          ; Low Pulse Width  ; altera_reserved_tck ; Rise       ; sld_hub:auto_hub|sld_jtag_hub:\jtag_hub_gen:sld_jtag_hub_inst|sld_shadow_jsm:shadow_jsm|state[4]                                                                       ;
; 49.513 ; 49.697       ; 0.184          ; Low Pulse Width  ; altera_reserved_tck ; Rise       ; sld_hub:auto_hub|sld_jtag_hub:\jtag_hub_gen:sld_jtag_hub_inst|sld_shadow_jsm:shadow_jsm|state[5]                                                                       ;
; 49.513 ; 49.697       ; 0.184          ; Low Pulse Width  ; altera_reserved_tck ; Rise       ; sld_hub:auto_hub|sld_jtag_hub:\jtag_hub_gen:sld_jtag_hub_inst|sld_shadow_jsm:shadow_jsm|state[6]                                                                       ;
; 49.513 ; 49.697       ; 0.184          ; Low Pulse Width  ; altera_reserved_tck ; Rise       ; sld_hub:auto_hub|sld_jtag_hub:\jtag_hub_gen:sld_jtag_hub_inst|sld_shadow_jsm:shadow_jsm|state[7]                                                                       ;
; 49.513 ; 49.697       ; 0.184          ; Low Pulse Width  ; altera_reserved_tck ; Rise       ; sld_hub:auto_hub|sld_jtag_hub:\jtag_hub_gen:sld_jtag_hub_inst|sld_shadow_jsm:shadow_jsm|state[8]                                                                       ;
; 49.514 ; 49.698       ; 0.184          ; Low Pulse Width  ; altera_reserved_tck ; Rise       ; rom1:inst2|altsyncram:altsyncram_component|altsyncram_bnb1:auto_generated|sld_mod_ram_rom:mgl_prim2|bypass_reg_out                                                     ;
; 49.514 ; 49.698       ; 0.184          ; Low Pulse Width  ; altera_reserved_tck ; Rise       ; rom1:inst2|altsyncram:altsyncram_component|altsyncram_bnb1:auto_generated|sld_mod_ram_rom:mgl_prim2|is_in_use_reg                                                      ;
; 49.514 ; 49.698       ; 0.184          ; Low Pulse Width  ; altera_reserved_tck ; Rise       ; rom1:inst2|altsyncram:altsyncram_component|altsyncram_bnb1:auto_generated|sld_mod_ram_rom:mgl_prim2|ram_rom_addr_reg[0]                                                ;
; 49.514 ; 49.698       ; 0.184          ; Low Pulse Width  ; altera_reserved_tck ; Rise       ; rom1:inst2|altsyncram:altsyncram_component|altsyncram_bnb1:auto_generated|sld_mod_ram_rom:mgl_prim2|ram_rom_addr_reg[1]                                                ;
; 49.514 ; 49.698       ; 0.184          ; Low Pulse Width  ; altera_reserved_tck ; Rise       ; rom1:inst2|altsyncram:altsyncram_component|altsyncram_bnb1:auto_generated|sld_mod_ram_rom:mgl_prim2|ram_rom_addr_reg[2]                                                ;
; 49.514 ; 49.698       ; 0.184          ; Low Pulse Width  ; altera_reserved_tck ; Rise       ; rom1:inst2|altsyncram:altsyncram_component|altsyncram_bnb1:auto_generated|sld_mod_ram_rom:mgl_prim2|ram_rom_addr_reg[3]                                                ;
; 49.514 ; 49.698       ; 0.184          ; Low Pulse Width  ; altera_reserved_tck ; Rise       ; rom1:inst2|altsyncram:altsyncram_component|altsyncram_bnb1:auto_generated|sld_mod_ram_rom:mgl_prim2|ram_rom_addr_reg[4]                                                ;
; 49.514 ; 49.698       ; 0.184          ; Low Pulse Width  ; altera_reserved_tck ; Rise       ; rom1:inst2|altsyncram:altsyncram_component|altsyncram_bnb1:auto_generated|sld_mod_ram_rom:mgl_prim2|ram_rom_addr_reg[5]                                                ;
; 49.514 ; 49.698       ; 0.184          ; Low Pulse Width  ; altera_reserved_tck ; Rise       ; rom1:inst2|altsyncram:altsyncram_component|altsyncram_bnb1:auto_generated|sld_mod_ram_rom:mgl_prim2|ram_rom_addr_reg[6]                                                ;
; 49.514 ; 49.698       ; 0.184          ; Low Pulse Width  ; altera_reserved_tck ; Rise       ; rom1:inst2|altsyncram:altsyncram_component|altsyncram_bnb1:auto_generated|sld_mod_ram_rom:mgl_prim2|ram_rom_addr_reg[7]                                                ;
; 49.514 ; 49.698       ; 0.184          ; Low Pulse Width  ; altera_reserved_tck ; Rise       ; rom1:inst2|altsyncram:altsyncram_component|altsyncram_bnb1:auto_generated|sld_mod_ram_rom:mgl_prim2|ram_rom_data_shift_cntr_reg[0]                                     ;
; 49.514 ; 49.698       ; 0.184          ; Low Pulse Width  ; altera_reserved_tck ; Rise       ; rom1:inst2|altsyncram:altsyncram_component|altsyncram_bnb1:auto_generated|sld_mod_ram_rom:mgl_prim2|ram_rom_data_shift_cntr_reg[1]                                     ;
; 49.514 ; 49.698       ; 0.184          ; Low Pulse Width  ; altera_reserved_tck ; Rise       ; rom1:inst2|altsyncram:altsyncram_component|altsyncram_bnb1:auto_generated|sld_mod_ram_rom:mgl_prim2|ram_rom_data_shift_cntr_reg[2]                                     ;
; 49.514 ; 49.698       ; 0.184          ; Low Pulse Width  ; altera_reserved_tck ; Rise       ; rom1:inst2|altsyncram:altsyncram_component|altsyncram_bnb1:auto_generated|sld_mod_ram_rom:mgl_prim2|ram_rom_data_shift_cntr_reg[3]                                     ;
; 49.514 ; 49.698       ; 0.184          ; Low Pulse Width  ; altera_reserved_tck ; Rise       ; rom1:inst2|altsyncram:altsyncram_component|altsyncram_bnb1:auto_generated|sld_mod_ram_rom:mgl_prim2|ram_rom_data_shift_cntr_reg[4]                                     ;
; 49.514 ; 49.698       ; 0.184          ; Low Pulse Width  ; altera_reserved_tck ; Rise       ; rom1:inst2|altsyncram:altsyncram_component|altsyncram_bnb1:auto_generated|sld_mod_ram_rom:mgl_prim2|sld_rom_sr:\ram_rom_logic_gen:name_gen:info_rom_sr|WORD_SR[0]      ;
; 49.514 ; 49.698       ; 0.184          ; Low Pulse Width  ; altera_reserved_tck ; Rise       ; rom1:inst2|altsyncram:altsyncram_component|altsyncram_bnb1:auto_generated|sld_mod_ram_rom:mgl_prim2|sld_rom_sr:\ram_rom_logic_gen:name_gen:info_rom_sr|WORD_SR[1]      ;
; 49.514 ; 49.698       ; 0.184          ; Low Pulse Width  ; altera_reserved_tck ; Rise       ; rom1:inst2|altsyncram:altsyncram_component|altsyncram_bnb1:auto_generated|sld_mod_ram_rom:mgl_prim2|sld_rom_sr:\ram_rom_logic_gen:name_gen:info_rom_sr|WORD_SR[2]      ;
; 49.514 ; 49.698       ; 0.184          ; Low Pulse Width  ; altera_reserved_tck ; Rise       ; rom1:inst2|altsyncram:altsyncram_component|altsyncram_bnb1:auto_generated|sld_mod_ram_rom:mgl_prim2|sld_rom_sr:\ram_rom_logic_gen:name_gen:info_rom_sr|WORD_SR[3]      ;
; 49.514 ; 49.698       ; 0.184          ; Low Pulse Width  ; altera_reserved_tck ; Rise       ; sld_hub:auto_hub|sld_jtag_hub:\jtag_hub_gen:sld_jtag_hub_inst|design_hash_reg[0]                                                                                       ;
; 49.514 ; 49.698       ; 0.184          ; Low Pulse Width  ; altera_reserved_tck ; Rise       ; sld_hub:auto_hub|sld_jtag_hub:\jtag_hub_gen:sld_jtag_hub_inst|design_hash_reg[1]                                                                                       ;
; 49.514 ; 49.698       ; 0.184          ; Low Pulse Width  ; altera_reserved_tck ; Rise       ; sld_hub:auto_hub|sld_jtag_hub:\jtag_hub_gen:sld_jtag_hub_inst|design_hash_reg[2]                                                                                       ;
; 49.514 ; 49.698       ; 0.184          ; Low Pulse Width  ; altera_reserved_tck ; Rise       ; sld_hub:auto_hub|sld_jtag_hub:\jtag_hub_gen:sld_jtag_hub_inst|design_hash_reg[3]                                                                                       ;
; 49.514 ; 49.698       ; 0.184          ; Low Pulse Width  ; altera_reserved_tck ; Rise       ; sld_hub:auto_hub|sld_jtag_hub:\jtag_hub_gen:sld_jtag_hub_inst|hub_minor_ver_reg[0]                                                                                     ;
; 49.514 ; 49.698       ; 0.184          ; Low Pulse Width  ; altera_reserved_tck ; Rise       ; sld_hub:auto_hub|sld_jtag_hub:\jtag_hub_gen:sld_jtag_hub_inst|hub_minor_ver_reg[1]                                                                                     ;
; 49.514 ; 49.698       ; 0.184          ; Low Pulse Width  ; altera_reserved_tck ; Rise       ; sld_hub:auto_hub|sld_jtag_hub:\jtag_hub_gen:sld_jtag_hub_inst|hub_minor_ver_reg[2]                                                                                     ;
; 49.514 ; 49.698       ; 0.184          ; Low Pulse Width  ; altera_reserved_tck ; Rise       ; sld_hub:auto_hub|sld_jtag_hub:\jtag_hub_gen:sld_jtag_hub_inst|hub_minor_ver_reg[3]                                                                                     ;
; 49.514 ; 49.698       ; 0.184          ; Low Pulse Width  ; altera_reserved_tck ; Rise       ; sld_hub:auto_hub|sld_jtag_hub:\jtag_hub_gen:sld_jtag_hub_inst|identity_contrib_update_reg[0]                                                                           ;
; 49.514 ; 49.698       ; 0.184          ; Low Pulse Width  ; altera_reserved_tck ; Rise       ; sld_hub:auto_hub|sld_jtag_hub:\jtag_hub_gen:sld_jtag_hub_inst|identity_contrib_update_reg[3]                                                                           ;
; 49.514 ; 49.698       ; 0.184          ; Low Pulse Width  ; altera_reserved_tck ; Rise       ; sld_hub:auto_hub|sld_jtag_hub:\jtag_hub_gen:sld_jtag_hub_inst|irf_reg[1][0]                                                                                            ;
; 49.514 ; 49.698       ; 0.184          ; Low Pulse Width  ; altera_reserved_tck ; Rise       ; sld_hub:auto_hub|sld_jtag_hub:\jtag_hub_gen:sld_jtag_hub_inst|irf_reg[1][1]                                                                                            ;
; 49.514 ; 49.698       ; 0.184          ; Low Pulse Width  ; altera_reserved_tck ; Rise       ; sld_hub:auto_hub|sld_jtag_hub:\jtag_hub_gen:sld_jtag_hub_inst|irf_reg[1][2]                                                                                            ;
; 49.514 ; 49.698       ; 0.184          ; Low Pulse Width  ; altera_reserved_tck ; Rise       ; sld_hub:auto_hub|sld_jtag_hub:\jtag_hub_gen:sld_jtag_hub_inst|irf_reg[1][3]                                                                                            ;
; 49.514 ; 49.698       ; 0.184          ; Low Pulse Width  ; altera_reserved_tck ; Rise       ; sld_hub:auto_hub|sld_jtag_hub:\jtag_hub_gen:sld_jtag_hub_inst|irf_reg[1][4]                                                                                            ;
; 49.514 ; 49.698       ; 0.184          ; Low Pulse Width  ; altera_reserved_tck ; Rise       ; sld_hub:auto_hub|sld_jtag_hub:\jtag_hub_gen:sld_jtag_hub_inst|jtag_ir_reg[0]                                                                                           ;
; 49.514 ; 49.698       ; 0.184          ; Low Pulse Width  ; altera_reserved_tck ; Rise       ; sld_hub:auto_hub|sld_jtag_hub:\jtag_hub_gen:sld_jtag_hub_inst|jtag_ir_reg[1]                                                                                           ;
; 49.514 ; 49.698       ; 0.184          ; Low Pulse Width  ; altera_reserved_tck ; Rise       ; sld_hub:auto_hub|sld_jtag_hub:\jtag_hub_gen:sld_jtag_hub_inst|jtag_ir_reg[2]                                                                                           ;
; 49.514 ; 49.698       ; 0.184          ; Low Pulse Width  ; altera_reserved_tck ; Rise       ; sld_hub:auto_hub|sld_jtag_hub:\jtag_hub_gen:sld_jtag_hub_inst|jtag_ir_reg[3]                                                                                           ;
; 49.514 ; 49.698       ; 0.184          ; Low Pulse Width  ; altera_reserved_tck ; Rise       ; sld_hub:auto_hub|sld_jtag_hub:\jtag_hub_gen:sld_jtag_hub_inst|jtag_ir_reg[4]                                                                                           ;
; 49.514 ; 49.698       ; 0.184          ; Low Pulse Width  ; altera_reserved_tck ; Rise       ; sld_hub:auto_hub|sld_jtag_hub:\jtag_hub_gen:sld_jtag_hub_inst|jtag_ir_reg[5]                                                                                           ;
; 49.514 ; 49.698       ; 0.184          ; Low Pulse Width  ; altera_reserved_tck ; Rise       ; sld_hub:auto_hub|sld_jtag_hub:\jtag_hub_gen:sld_jtag_hub_inst|jtag_ir_reg[6]                                                                                           ;
; 49.514 ; 49.698       ; 0.184          ; Low Pulse Width  ; altera_reserved_tck ; Rise       ; sld_hub:auto_hub|sld_jtag_hub:\jtag_hub_gen:sld_jtag_hub_inst|jtag_ir_reg[7]                                                                                           ;
; 49.514 ; 49.698       ; 0.184          ; Low Pulse Width  ; altera_reserved_tck ; Rise       ; sld_hub:auto_hub|sld_jtag_hub:\jtag_hub_gen:sld_jtag_hub_inst|jtag_ir_reg[8]                                                                                           ;
; 49.514 ; 49.698       ; 0.184          ; Low Pulse Width  ; altera_reserved_tck ; Rise       ; sld_hub:auto_hub|sld_jtag_hub:\jtag_hub_gen:sld_jtag_hub_inst|jtag_ir_reg[9]                                                                                           ;
; 49.514 ; 49.698       ; 0.184          ; Low Pulse Width  ; altera_reserved_tck ; Rise       ; sld_hub:auto_hub|sld_jtag_hub:\jtag_hub_gen:sld_jtag_hub_inst|node_ena[1]~reg0                                                                                         ;
; 49.514 ; 49.698       ; 0.184          ; Low Pulse Width  ; altera_reserved_tck ; Rise       ; sld_hub:auto_hub|sld_jtag_hub:\jtag_hub_gen:sld_jtag_hub_inst|sld_rom_sr:hub_info_reg|WORD_SR[0]                                                                       ;
; 49.514 ; 49.698       ; 0.184          ; Low Pulse Width  ; altera_reserved_tck ; Rise       ; sld_hub:auto_hub|sld_jtag_hub:\jtag_hub_gen:sld_jtag_hub_inst|sld_rom_sr:hub_info_reg|WORD_SR[1]                                                                       ;
; 49.514 ; 49.698       ; 0.184          ; Low Pulse Width  ; altera_reserved_tck ; Rise       ; sld_hub:auto_hub|sld_jtag_hub:\jtag_hub_gen:sld_jtag_hub_inst|sld_rom_sr:hub_info_reg|WORD_SR[2]                                                                       ;
; 49.514 ; 49.698       ; 0.184          ; Low Pulse Width  ; altera_reserved_tck ; Rise       ; sld_hub:auto_hub|sld_jtag_hub:\jtag_hub_gen:sld_jtag_hub_inst|sld_rom_sr:hub_info_reg|WORD_SR[3]                                                                       ;
+--------+--------------+----------------+------------------+---------------------+------------+------------------------------------------------------------------------------------------------------------------------------------------------------------------------+


+----------------------------------------------------------------------------------------------+
; Setup Times                                                                                  ;
+---------------------+---------------------+-------+-------+------------+---------------------+
; Data Port           ; Clock Port          ; Rise  ; Fall  ; Clock Edge ; Clock Reference     ;
+---------------------+---------------------+-------+-------+------------+---------------------+
; altera_reserved_tdi ; altera_reserved_tck ; 2.050 ; 2.382 ; Rise       ; altera_reserved_tck ;
; altera_reserved_tms ; altera_reserved_tck ; 3.498 ; 3.696 ; Rise       ; altera_reserved_tck ;
+---------------------+---------------------+-------+-------+------------+---------------------+


+------------------------------------------------------------------------------------------------+
; Hold Times                                                                                     ;
+---------------------+---------------------+--------+--------+------------+---------------------+
; Data Port           ; Clock Port          ; Rise   ; Fall   ; Clock Edge ; Clock Reference     ;
+---------------------+---------------------+--------+--------+------------+---------------------+
; altera_reserved_tdi ; altera_reserved_tck ; 0.884  ; 0.564  ; Rise       ; altera_reserved_tck ;
; altera_reserved_tms ; altera_reserved_tck ; -0.561 ; -0.812 ; Rise       ; altera_reserved_tck ;
+---------------------+---------------------+--------+--------+------------+---------------------+


+----------------------------------------------------------------------------------------------+
; Clock to Output Times                                                                        ;
+---------------------+---------------------+-------+-------+------------+---------------------+
; Data Port           ; Clock Port          ; Rise  ; Fall  ; Clock Edge ; Clock Reference     ;
+---------------------+---------------------+-------+-------+------------+---------------------+
; altera_reserved_tdo ; altera_reserved_tck ; 6.560 ; 7.077 ; Fall       ; altera_reserved_tck ;
+---------------------+---------------------+-------+-------+------------+---------------------+


+----------------------------------------------------------------------------------------------+
; Minimum Clock to Output Times                                                                ;
+---------------------+---------------------+-------+-------+------------+---------------------+
; Data Port           ; Clock Port          ; Rise  ; Fall  ; Clock Edge ; Clock Reference     ;
+---------------------+---------------------+-------+-------+------------+---------------------+
; altera_reserved_tdo ; altera_reserved_tck ; 5.375 ; 5.891 ; Fall       ; altera_reserved_tck ;
+---------------------+---------------------+-------+-------+------------+---------------------+


---------------------------------------------
; Fast 1200mV 0C Model Metastability Report ;
---------------------------------------------
No synchronizer chains to report.


+----------------------------------------------------------------------------------+
; Multicorner Timing Analysis Summary                                              ;
+----------------------+--------+-------+----------+---------+---------------------+
; Clock                ; Setup  ; Hold  ; Recovery ; Removal ; Minimum Pulse Width ;
+----------------------+--------+-------+----------+---------+---------------------+
; Worst-case Slack     ; 44.193 ; 0.185 ; 46.808   ; 0.572   ; 49.293              ;
;  altera_reserved_tck ; 44.193 ; 0.185 ; 46.808   ; 0.572   ; 49.293              ;
; Design-wide TNS      ; 0.0    ; 0.0   ; 0.0      ; 0.0     ; 0.0                 ;
;  altera_reserved_tck ; 0.000  ; 0.000 ; 0.000    ; 0.000   ; 0.000               ;
+----------------------+--------+-------+----------+---------+---------------------+


+----------------------------------------------------------------------------------------------+
; Setup Times                                                                                  ;
+---------------------+---------------------+-------+-------+------------+---------------------+
; Data Port           ; Clock Port          ; Rise  ; Fall  ; Clock Edge ; Clock Reference     ;
+---------------------+---------------------+-------+-------+------------+---------------------+
; altera_reserved_tdi ; altera_reserved_tck ; 4.937 ; 5.047 ; Rise       ; altera_reserved_tck ;
; altera_reserved_tms ; altera_reserved_tck ; 8.432 ; 8.406 ; Rise       ; altera_reserved_tck ;
+---------------------+---------------------+-------+-------+------------+---------------------+


+------------------------------------------------------------------------------------------------+
; Hold Times                                                                                     ;
+---------------------+---------------------+--------+--------+------------+---------------------+
; Data Port           ; Clock Port          ; Rise   ; Fall   ; Clock Edge ; Clock Reference     ;
+---------------------+---------------------+--------+--------+------------+---------------------+
; altera_reserved_tdi ; altera_reserved_tck ; 1.445  ; 1.354  ; Rise       ; altera_reserved_tck ;
; altera_reserved_tms ; altera_reserved_tck ; -0.561 ; -0.812 ; Rise       ; altera_reserved_tck ;
+---------------------+---------------------+--------+--------+------------+---------------------+


+------------------------------------------------------------------------------------------------+
; Clock to Output Times                                                                          ;
+---------------------+---------------------+--------+--------+------------+---------------------+
; Data Port           ; Clock Port          ; Rise   ; Fall   ; Clock Edge ; Clock Reference     ;
+---------------------+---------------------+--------+--------+------------+---------------------+
; altera_reserved_tdo ; altera_reserved_tck ; 13.660 ; 14.184 ; Fall       ; altera_reserved_tck ;
+---------------------+---------------------+--------+--------+------------+---------------------+


+----------------------------------------------------------------------------------------------+
; Minimum Clock to Output Times                                                                ;
+---------------------+---------------------+-------+-------+------------+---------------------+
; Data Port           ; Clock Port          ; Rise  ; Fall  ; Clock Edge ; Clock Reference     ;
+---------------------+---------------------+-------+-------+------------+---------------------+
; altera_reserved_tdo ; altera_reserved_tck ; 5.375 ; 5.891 ; Fall       ; altera_reserved_tck ;
+---------------------+---------------------+-------+-------+------------+---------------------+


+------------------------------------------------------------------------------------------------------------------------------------------------------------------------------------------------------------------------------------------------------------------------------------------------------------------------------------------------------------------------------------------------------------------------+
; Board Trace Model Assignments                                                                                                                                                                                                                                                                                                                                                                                          ;
+---------------------+--------------+-------------------+-------------------------+-------------------------+---------------+---------------------+----------------+------------------+--------+------------------+------------------------+------------------------+--------------+---------------+-----------------+-------+---------------------+--------------------+---------------+-----------------+-------------+
; Pin                 ; I/O Standard ; Near Tline Length ; Near Tline L per Length ; Near Tline C per Length ; Near Series R ; Near Differential R ; Near Pull-up R ; Near Pull-down R ; Near C ; Far Tline Length ; Far Tline L per Length ; Far Tline C per Length ; Far Series R ; Far Pull-up R ; Far Pull-down R ; Far C ; Termination Voltage ; Far Differential R ; EBD File Name ; EBD Signal Name ; EBD Far-end ;
+---------------------+--------------+-------------------+-------------------------+-------------------------+---------------+---------------------+----------------+------------------+--------+------------------+------------------------+------------------------+--------------+---------------+-----------------+-------+---------------------+--------------------+---------------+-----------------+-------------+
; O0                  ; 2.5 V        ; 0 in              ; 0 H/in                  ; 0 F/in                  ; short         ; -                   ; open           ; open             ; open   ; 0 in             ; 0 H/in                 ; 0 F/in                 ; short        ; open          ; open            ; open  ; 0 V                 ; -                  ; n/a           ; n/a             ; n/a         ;
; O1                  ; 2.5 V        ; 0 in              ; 0 H/in                  ; 0 F/in                  ; short         ; -                   ; open           ; open             ; open   ; 0 in             ; 0 H/in                 ; 0 F/in                 ; short        ; open          ; open            ; open  ; 0 V                 ; -                  ; n/a           ; n/a             ; n/a         ;
; O2                  ; 2.5 V        ; 0 in              ; 0 H/in                  ; 0 F/in                  ; short         ; -                   ; open           ; open             ; open   ; 0 in             ; 0 H/in                 ; 0 F/in                 ; short        ; open          ; open            ; open  ; 0 V                 ; -                  ; n/a           ; n/a             ; n/a         ;
; O3                  ; 2.5 V        ; 0 in              ; 0 H/in                  ; 0 F/in                  ; short         ; -                   ; open           ; open             ; open   ; 0 in             ; 0 H/in                 ; 0 F/in                 ; short        ; open          ; open            ; open  ; 0 V                 ; -                  ; n/a           ; n/a             ; n/a         ;
; O4                  ; 2.5 V        ; 0 in              ; 0 H/in                  ; 0 F/in                  ; short         ; -                   ; open           ; open             ; open   ; 0 in             ; 0 H/in                 ; 0 F/in                 ; short        ; open          ; open            ; open  ; 0 V                 ; -                  ; n/a           ; n/a             ; n/a         ;
; O5                  ; 2.5 V        ; 0 in              ; 0 H/in                  ; 0 F/in                  ; short         ; -                   ; open           ; open             ; open   ; 0 in             ; 0 H/in                 ; 0 F/in                 ; short        ; open          ; open            ; open  ; 0 V                 ; -                  ; n/a           ; n/a             ; n/a         ;
; O6                  ; 2.5 V        ; 0 in              ; 0 H/in                  ; 0 F/in                  ; short         ; -                   ; open           ; open             ; open   ; 0 in             ; 0 H/in                 ; 0 F/in                 ; short        ; open          ; open            ; open  ; 0 V                 ; -                  ; n/a           ; n/a             ; n/a         ;
; O7                  ; 2.5 V        ; 0 in              ; 0 H/in                  ; 0 F/in                  ; short         ; -                   ; open           ; open             ; open   ; 0 in             ; 0 H/in                 ; 0 F/in                 ; short        ; open          ; open            ; open  ; 0 V                 ; -                  ; n/a           ; n/a             ; n/a         ;
; altera_reserved_tdo ; 2.5 V        ; 0 in              ; 0 H/in                  ; 0 F/in                  ; short         ; -                   ; open           ; open             ; open   ; 0 in             ; 0 H/in                 ; 0 F/in                 ; short        ; open          ; open            ; open  ; 0 V                 ; -                  ; n/a           ; n/a             ; n/a         ;
; ~ALTERA_DCLK~       ; 2.5 V        ; 0 in              ; 0 H/in                  ; 0 F/in                  ; short         ; -                   ; open           ; open             ; open   ; 0 in             ; 0 H/in                 ; 0 F/in                 ; short        ; open          ; open            ; open  ; 0 V                 ; -                  ; n/a           ; n/a             ; n/a         ;
; ~ALTERA_nCEO~       ; 2.5 V        ; 0 in              ; 0 H/in                  ; 0 F/in                  ; short         ; -                   ; open           ; open             ; open   ; 0 in             ; 0 H/in                 ; 0 F/in                 ; short        ; open          ; open            ; open  ; 0 V                 ; -                  ; n/a           ; n/a             ; n/a         ;
+---------------------+--------------+-------------------+-------------------------+-------------------------+---------------+---------------------+----------------+------------------+--------+------------------+------------------------+------------------------+--------------+---------------+-----------------+-------+---------------------+--------------------+---------------+-----------------+-------------+


+----------------------------------------------------------------------------+
; Input Transition Times                                                     ;
+-------------------------+--------------+-----------------+-----------------+
; Pin                     ; I/O Standard ; 10-90 Rise Time ; 90-10 Fall Time ;
+-------------------------+--------------+-----------------+-----------------+
; pin_name1               ; 2.5 V        ; 2000 ps         ; 2000 ps         ;
; pin_name2               ; 2.5 V        ; 2000 ps         ; 2000 ps         ;
; altera_reserved_tms     ; 2.5 V        ; 2000 ps         ; 2000 ps         ;
; altera_reserved_tck     ; 2.5 V        ; 2000 ps         ; 2000 ps         ;
; altera_reserved_tdi     ; 2.5 V        ; 2000 ps         ; 2000 ps         ;
; ~ALTERA_ASDO_DATA1~     ; 2.5 V        ; 2000 ps         ; 2000 ps         ;
; ~ALTERA_FLASH_nCE_nCSO~ ; 2.5 V        ; 2000 ps         ; 2000 ps         ;
; ~ALTERA_DATA0~          ; 2.5 V        ; 2000 ps         ; 2000 ps         ;
+-------------------------+--------------+-----------------+-----------------+


+--------------------------------------------------------------------------------------------------------------------------------------------------------------------------------------------------------------------------------------------------------------------------------------------------------------------------------------------------------------------------------------------------------------------------------------------------------------------------------------------------------------------------------------------------------------------------------------------------------------------------------------------------------------------------------------------------+
; Signal Integrity Metrics (Slow 1200mv 0c Model)                                                                                                                                                                                                                                                                                                                                                                                                                                                                                                                                                                                                                                                  ;
+---------------------+--------------+---------------------+---------------------+------------------------------+------------------------------+---------------------+---------------------+--------------------------------------+--------------------------------------+-----------------------------+-----------------------------+----------------------------+----------------------------+-----------------------------+-----------------------------+--------------------+--------------------+-------------------------------------+-------------------------------------+----------------------------+----------------------------+---------------------------+---------------------------+
; Pin                 ; I/O Standard ; Board Delay on Rise ; Board Delay on Fall ; Steady State Voh at FPGA Pin ; Steady State Vol at FPGA Pin ; Voh Max at FPGA Pin ; Vol Min at FPGA Pin ; Ringback Voltage on Rise at FPGA Pin ; Ringback Voltage on Fall at FPGA Pin ; 10-90 Rise Time at FPGA Pin ; 90-10 Fall Time at FPGA Pin ; Monotonic Rise at FPGA Pin ; Monotonic Fall at FPGA Pin ; Steady State Voh at Far-end ; Steady State Vol at Far-end ; Voh Max at Far-end ; Vol Min at Far-end ; Ringback Voltage on Rise at Far-end ; Ringback Voltage on Fall at Far-end ; 10-90 Rise Time at Far-end ; 90-10 Fall Time at Far-end ; Monotonic Rise at Far-end ; Monotonic Fall at Far-end ;
+---------------------+--------------+---------------------+---------------------+------------------------------+------------------------------+---------------------+---------------------+--------------------------------------+--------------------------------------+-----------------------------+-----------------------------+----------------------------+----------------------------+-----------------------------+-----------------------------+--------------------+--------------------+-------------------------------------+-------------------------------------+----------------------------+----------------------------+---------------------------+---------------------------+
; O0                  ; 2.5 V        ; 0 s                 ; 0 s                 ; 2.32 V                       ; 2.8e-09 V                    ; 2.37 V              ; -0.00373 V          ; 0.104 V                              ; 0.011 V                              ; 4.34e-10 s                  ; 3.82e-10 s                  ; Yes                        ; Yes                        ; 2.32 V                      ; 2.8e-09 V                   ; 2.37 V             ; -0.00373 V         ; 0.104 V                             ; 0.011 V                             ; 4.34e-10 s                 ; 3.82e-10 s                 ; Yes                       ; Yes                       ;
; O1                  ; 2.5 V        ; 0 s                 ; 0 s                 ; 2.32 V                       ; 2.8e-09 V                    ; 2.33 V              ; -0.00425 V          ; 0.168 V                              ; 0.058 V                              ; 3.12e-09 s                  ; 2.87e-09 s                  ; Yes                        ; Yes                        ; 2.32 V                      ; 2.8e-09 V                   ; 2.33 V             ; -0.00425 V         ; 0.168 V                             ; 0.058 V                             ; 3.12e-09 s                 ; 2.87e-09 s                 ; Yes                       ; Yes                       ;
; O2                  ; 2.5 V        ; 0 s                 ; 0 s                 ; 2.32 V                       ; 2.8e-09 V                    ; 2.37 V              ; -0.00373 V          ; 0.104 V                              ; 0.011 V                              ; 4.34e-10 s                  ; 3.82e-10 s                  ; Yes                        ; Yes                        ; 2.32 V                      ; 2.8e-09 V                   ; 2.37 V             ; -0.00373 V         ; 0.104 V                             ; 0.011 V                             ; 4.34e-10 s                 ; 3.82e-10 s                 ; Yes                       ; Yes                       ;
; O3                  ; 2.5 V        ; 0 s                 ; 0 s                 ; 2.32 V                       ; 2.07e-09 V                   ; 2.38 V              ; -0.0073 V           ; 0.097 V                              ; 0.018 V                              ; 4.24e-10 s                  ; 3.65e-10 s                  ; No                         ; Yes                        ; 2.32 V                      ; 2.07e-09 V                  ; 2.38 V             ; -0.0073 V          ; 0.097 V                             ; 0.018 V                             ; 4.24e-10 s                 ; 3.65e-10 s                 ; No                        ; Yes                       ;
; O4                  ; 2.5 V        ; 0 s                 ; 0 s                 ; 2.32 V                       ; 2.07e-09 V                   ; 2.38 V              ; -0.0073 V           ; 0.097 V                              ; 0.018 V                              ; 4.24e-10 s                  ; 3.65e-10 s                  ; No                         ; Yes                        ; 2.32 V                      ; 2.07e-09 V                  ; 2.38 V             ; -0.0073 V          ; 0.097 V                             ; 0.018 V                             ; 4.24e-10 s                 ; 3.65e-10 s                 ; No                        ; Yes                       ;
; O5                  ; 2.5 V        ; 0 s                 ; 0 s                 ; 2.32 V                       ; 2.07e-09 V                   ; 2.38 V              ; -0.0073 V           ; 0.097 V                              ; 0.018 V                              ; 4.24e-10 s                  ; 3.65e-10 s                  ; No                         ; Yes                        ; 2.32 V                      ; 2.07e-09 V                  ; 2.38 V             ; -0.0073 V          ; 0.097 V                             ; 0.018 V                             ; 4.24e-10 s                 ; 3.65e-10 s                 ; No                        ; Yes                       ;
; O6                  ; 2.5 V        ; 0 s                 ; 0 s                 ; 2.32 V                       ; 2.8e-09 V                    ; 2.37 V              ; -0.00373 V          ; 0.104 V                              ; 0.011 V                              ; 4.34e-10 s                  ; 3.82e-10 s                  ; Yes                        ; Yes                        ; 2.32 V                      ; 2.8e-09 V                   ; 2.37 V             ; -0.00373 V         ; 0.104 V                             ; 0.011 V                             ; 4.34e-10 s                 ; 3.82e-10 s                 ; Yes                       ; Yes                       ;
; O7                  ; 2.5 V        ; 0 s                 ; 0 s                 ; 2.32 V                       ; 2.8e-09 V                    ; 2.37 V              ; -0.00373 V          ; 0.104 V                              ; 0.011 V                              ; 4.34e-10 s                  ; 3.82e-10 s                  ; Yes                        ; Yes                        ; 2.32 V                      ; 2.8e-09 V                   ; 2.37 V             ; -0.00373 V         ; 0.104 V                             ; 0.011 V                             ; 4.34e-10 s                 ; 3.82e-10 s                 ; Yes                       ; Yes                       ;
; altera_reserved_tdo ; 2.5 V        ; 0 s                 ; 0 s                 ; 2.32 V                       ; 1.3e-08 V                    ; 2.33 V              ; -0.0041 V           ; 0.049 V                              ; 0.077 V                              ; 9.24e-10 s                  ; 2.03e-09 s                  ; Yes                        ; Yes                        ; 2.32 V                      ; 1.3e-08 V                   ; 2.33 V             ; -0.0041 V          ; 0.049 V                             ; 0.077 V                             ; 9.24e-10 s                 ; 2.03e-09 s                 ; Yes                       ; Yes                       ;
; ~ALTERA_DCLK~       ; 2.5 V        ; 0 s                 ; 0 s                 ; 2.32 V                       ; 1.74e-09 V                   ; 2.37 V              ; -0.0346 V           ; 0.198 V                              ; 0.094 V                              ; 3.14e-10 s                  ; 2.92e-10 s                  ; Yes                        ; Yes                        ; 2.32 V                      ; 1.74e-09 V                  ; 2.37 V             ; -0.0346 V          ; 0.198 V                             ; 0.094 V                             ; 3.14e-10 s                 ; 2.92e-10 s                 ; Yes                       ; Yes                       ;
; ~ALTERA_nCEO~       ; 2.5 V        ; 0 s                 ; 0 s                 ; 2.32 V                       ; 2.57e-09 V                   ; 2.37 V              ; -0.00683 V          ; 0.171 V                              ; 0.018 V                              ; 4.97e-10 s                  ; 6.66e-10 s                  ; Yes                        ; Yes                        ; 2.32 V                      ; 2.57e-09 V                  ; 2.37 V             ; -0.00683 V         ; 0.171 V                             ; 0.018 V                             ; 4.97e-10 s                 ; 6.66e-10 s                 ; Yes                       ; Yes                       ;
+---------------------+--------------+---------------------+---------------------+------------------------------+------------------------------+---------------------+---------------------+--------------------------------------+--------------------------------------+-----------------------------+-----------------------------+----------------------------+----------------------------+-----------------------------+-----------------------------+--------------------+--------------------+-------------------------------------+-------------------------------------+----------------------------+----------------------------+---------------------------+---------------------------+


+--------------------------------------------------------------------------------------------------------------------------------------------------------------------------------------------------------------------------------------------------------------------------------------------------------------------------------------------------------------------------------------------------------------------------------------------------------------------------------------------------------------------------------------------------------------------------------------------------------------------------------------------------------------------------------------------------+
; Signal Integrity Metrics (Slow 1200mv 85c Model)                                                                                                                                                                                                                                                                                                                                                                                                                                                                                                                                                                                                                                                 ;
+---------------------+--------------+---------------------+---------------------+------------------------------+------------------------------+---------------------+---------------------+--------------------------------------+--------------------------------------+-----------------------------+-----------------------------+----------------------------+----------------------------+-----------------------------+-----------------------------+--------------------+--------------------+-------------------------------------+-------------------------------------+----------------------------+----------------------------+---------------------------+---------------------------+
; Pin                 ; I/O Standard ; Board Delay on Rise ; Board Delay on Fall ; Steady State Voh at FPGA Pin ; Steady State Vol at FPGA Pin ; Voh Max at FPGA Pin ; Vol Min at FPGA Pin ; Ringback Voltage on Rise at FPGA Pin ; Ringback Voltage on Fall at FPGA Pin ; 10-90 Rise Time at FPGA Pin ; 90-10 Fall Time at FPGA Pin ; Monotonic Rise at FPGA Pin ; Monotonic Fall at FPGA Pin ; Steady State Voh at Far-end ; Steady State Vol at Far-end ; Voh Max at Far-end ; Vol Min at Far-end ; Ringback Voltage on Rise at Far-end ; Ringback Voltage on Fall at Far-end ; 10-90 Rise Time at Far-end ; 90-10 Fall Time at Far-end ; Monotonic Rise at Far-end ; Monotonic Fall at Far-end ;
+---------------------+--------------+---------------------+---------------------+------------------------------+------------------------------+---------------------+---------------------+--------------------------------------+--------------------------------------+-----------------------------+-----------------------------+----------------------------+----------------------------+-----------------------------+-----------------------------+--------------------+--------------------+-------------------------------------+-------------------------------------+----------------------------+----------------------------+---------------------------+---------------------------+
; O0                  ; 2.5 V        ; 0 s                 ; 0 s                 ; 2.32 V                       ; 2.85e-07 V                   ; 2.35 V              ; -0.0123 V           ; 0.144 V                              ; 0.042 V                              ; 4.81e-10 s                  ; 4.81e-10 s                  ; Yes                        ; Yes                        ; 2.32 V                      ; 2.85e-07 V                  ; 2.35 V             ; -0.0123 V          ; 0.144 V                             ; 0.042 V                             ; 4.81e-10 s                 ; 4.81e-10 s                 ; Yes                       ; Yes                       ;
; O1                  ; 2.5 V        ; 0 s                 ; 0 s                 ; 2.32 V                       ; 2.85e-07 V                   ; 2.33 V              ; -0.00229 V          ; 0.111 V                              ; 0.057 V                              ; 3.78e-09 s                  ; 3.5e-09 s                   ; Yes                        ; Yes                        ; 2.32 V                      ; 2.85e-07 V                  ; 2.33 V             ; -0.00229 V         ; 0.111 V                             ; 0.057 V                             ; 3.78e-09 s                 ; 3.5e-09 s                  ; Yes                       ; Yes                       ;
; O2                  ; 2.5 V        ; 0 s                 ; 0 s                 ; 2.32 V                       ; 2.85e-07 V                   ; 2.35 V              ; -0.0123 V           ; 0.144 V                              ; 0.042 V                              ; 4.81e-10 s                  ; 4.81e-10 s                  ; Yes                        ; Yes                        ; 2.32 V                      ; 2.85e-07 V                  ; 2.35 V             ; -0.0123 V          ; 0.144 V                             ; 0.042 V                             ; 4.81e-10 s                 ; 4.81e-10 s                 ; Yes                       ; Yes                       ;
; O3                  ; 2.5 V        ; 0 s                 ; 0 s                 ; 2.32 V                       ; 1.93e-07 V                   ; 2.35 V              ; -0.00834 V          ; 0.127 V                              ; 0.035 V                              ; 4.7e-10 s                   ; 4.64e-10 s                  ; Yes                        ; Yes                        ; 2.32 V                      ; 1.93e-07 V                  ; 2.35 V             ; -0.00834 V         ; 0.127 V                             ; 0.035 V                             ; 4.7e-10 s                  ; 4.64e-10 s                 ; Yes                       ; Yes                       ;
; O4                  ; 2.5 V        ; 0 s                 ; 0 s                 ; 2.32 V                       ; 1.93e-07 V                   ; 2.35 V              ; -0.00834 V          ; 0.127 V                              ; 0.035 V                              ; 4.7e-10 s                   ; 4.64e-10 s                  ; Yes                        ; Yes                        ; 2.32 V                      ; 1.93e-07 V                  ; 2.35 V             ; -0.00834 V         ; 0.127 V                             ; 0.035 V                             ; 4.7e-10 s                  ; 4.64e-10 s                 ; Yes                       ; Yes                       ;
; O5                  ; 2.5 V        ; 0 s                 ; 0 s                 ; 2.32 V                       ; 1.93e-07 V                   ; 2.35 V              ; -0.00834 V          ; 0.127 V                              ; 0.035 V                              ; 4.7e-10 s                   ; 4.64e-10 s                  ; Yes                        ; Yes                        ; 2.32 V                      ; 1.93e-07 V                  ; 2.35 V             ; -0.00834 V         ; 0.127 V                             ; 0.035 V                             ; 4.7e-10 s                  ; 4.64e-10 s                 ; Yes                       ; Yes                       ;
; O6                  ; 2.5 V        ; 0 s                 ; 0 s                 ; 2.32 V                       ; 2.85e-07 V                   ; 2.35 V              ; -0.0123 V           ; 0.144 V                              ; 0.042 V                              ; 4.81e-10 s                  ; 4.81e-10 s                  ; Yes                        ; Yes                        ; 2.32 V                      ; 2.85e-07 V                  ; 2.35 V             ; -0.0123 V          ; 0.144 V                             ; 0.042 V                             ; 4.81e-10 s                 ; 4.81e-10 s                 ; Yes                       ; Yes                       ;
; O7                  ; 2.5 V        ; 0 s                 ; 0 s                 ; 2.32 V                       ; 2.85e-07 V                   ; 2.35 V              ; -0.0123 V           ; 0.144 V                              ; 0.042 V                              ; 4.81e-10 s                  ; 4.81e-10 s                  ; Yes                        ; Yes                        ; 2.32 V                      ; 2.85e-07 V                  ; 2.35 V             ; -0.0123 V          ; 0.144 V                             ; 0.042 V                             ; 4.81e-10 s                 ; 4.81e-10 s                 ; Yes                       ; Yes                       ;
; altera_reserved_tdo ; 2.5 V        ; 0 s                 ; 0 s                 ; 2.32 V                       ; 1.29e-06 V                   ; 2.33 V              ; 1.29e-06 V          ; 0.018 V                              ; 0.046 V                              ; 1.15e-09 s                  ; 2.62e-09 s                  ; Yes                        ; Yes                        ; 2.32 V                      ; 1.29e-06 V                  ; 2.33 V             ; 1.29e-06 V         ; 0.018 V                             ; 0.046 V                             ; 1.15e-09 s                 ; 2.62e-09 s                 ; Yes                       ; Yes                       ;
; ~ALTERA_DCLK~       ; 2.5 V        ; 0 s                 ; 0 s                 ; 2.32 V                       ; 1.55e-07 V                   ; 2.35 V              ; -0.00221 V          ; 0.097 V                              ; 0.005 V                              ; 4.49e-10 s                  ; 3.85e-10 s                  ; Yes                        ; Yes                        ; 2.32 V                      ; 1.55e-07 V                  ; 2.35 V             ; -0.00221 V         ; 0.097 V                             ; 0.005 V                             ; 4.49e-10 s                 ; 3.85e-10 s                 ; Yes                       ; Yes                       ;
; ~ALTERA_nCEO~       ; 2.5 V        ; 0 s                 ; 0 s                 ; 2.32 V                       ; 2.54e-07 V                   ; 2.34 V              ; -0.00774 V          ; 0.109 V                              ; 0.026 V                              ; 6.58e-10 s                  ; 8.24e-10 s                  ; Yes                        ; Yes                        ; 2.32 V                      ; 2.54e-07 V                  ; 2.34 V             ; -0.00774 V         ; 0.109 V                             ; 0.026 V                             ; 6.58e-10 s                 ; 8.24e-10 s                 ; Yes                       ; Yes                       ;
+---------------------+--------------+---------------------+---------------------+------------------------------+------------------------------+---------------------+---------------------+--------------------------------------+--------------------------------------+-----------------------------+-----------------------------+----------------------------+----------------------------+-----------------------------+-----------------------------+--------------------+--------------------+-------------------------------------+-------------------------------------+----------------------------+----------------------------+---------------------------+---------------------------+


+--------------------------------------------------------------------------------------------------------------------------------------------------------------------------------------------------------------------------------------------------------------------------------------------------------------------------------------------------------------------------------------------------------------------------------------------------------------------------------------------------------------------------------------------------------------------------------------------------------------------------------------------------------------------------------------------------+
; Signal Integrity Metrics (Fast 1200mv 0c Model)                                                                                                                                                                                                                                                                                                                                                                                                                                                                                                                                                                                                                                                  ;
+---------------------+--------------+---------------------+---------------------+------------------------------+------------------------------+---------------------+---------------------+--------------------------------------+--------------------------------------+-----------------------------+-----------------------------+----------------------------+----------------------------+-----------------------------+-----------------------------+--------------------+--------------------+-------------------------------------+-------------------------------------+----------------------------+----------------------------+---------------------------+---------------------------+
; Pin                 ; I/O Standard ; Board Delay on Rise ; Board Delay on Fall ; Steady State Voh at FPGA Pin ; Steady State Vol at FPGA Pin ; Voh Max at FPGA Pin ; Vol Min at FPGA Pin ; Ringback Voltage on Rise at FPGA Pin ; Ringback Voltage on Fall at FPGA Pin ; 10-90 Rise Time at FPGA Pin ; 90-10 Fall Time at FPGA Pin ; Monotonic Rise at FPGA Pin ; Monotonic Fall at FPGA Pin ; Steady State Voh at Far-end ; Steady State Vol at Far-end ; Voh Max at Far-end ; Vol Min at Far-end ; Ringback Voltage on Rise at Far-end ; Ringback Voltage on Fall at Far-end ; 10-90 Rise Time at Far-end ; 90-10 Fall Time at Far-end ; Monotonic Rise at Far-end ; Monotonic Fall at Far-end ;
+---------------------+--------------+---------------------+---------------------+------------------------------+------------------------------+---------------------+---------------------+--------------------------------------+--------------------------------------+-----------------------------+-----------------------------+----------------------------+----------------------------+-----------------------------+-----------------------------+--------------------+--------------------+-------------------------------------+-------------------------------------+----------------------------+----------------------------+---------------------------+---------------------------+
; O0                  ; 2.5 V        ; 0 s                 ; 0 s                 ; 2.62 V                       ; 4.05e-08 V                   ; 2.72 V              ; -0.0349 V           ; 0.173 V                              ; 0.1 V                                ; 2.72e-10 s                  ; 2.69e-10 s                  ; Yes                        ; Yes                        ; 2.62 V                      ; 4.05e-08 V                  ; 2.72 V             ; -0.0349 V          ; 0.173 V                             ; 0.1 V                               ; 2.72e-10 s                 ; 2.69e-10 s                 ; Yes                       ; Yes                       ;
; O1                  ; 2.5 V        ; 0 s                 ; 0 s                 ; 2.62 V                       ; 4.05e-08 V                   ; 2.64 V              ; -0.0113 V           ; 0.208 V                              ; 0.179 V                              ; 2.38e-09 s                  ; 2.23e-09 s                  ; No                         ; Yes                        ; 2.62 V                      ; 4.05e-08 V                  ; 2.64 V             ; -0.0113 V          ; 0.208 V                             ; 0.179 V                             ; 2.38e-09 s                 ; 2.23e-09 s                 ; No                        ; Yes                       ;
; O2                  ; 2.5 V        ; 0 s                 ; 0 s                 ; 2.62 V                       ; 4.05e-08 V                   ; 2.72 V              ; -0.0349 V           ; 0.173 V                              ; 0.1 V                                ; 2.72e-10 s                  ; 2.69e-10 s                  ; Yes                        ; Yes                        ; 2.62 V                      ; 4.05e-08 V                  ; 2.72 V             ; -0.0349 V          ; 0.173 V                             ; 0.1 V                               ; 2.72e-10 s                 ; 2.69e-10 s                 ; Yes                       ; Yes                       ;
; O3                  ; 2.5 V        ; 0 s                 ; 0 s                 ; 2.62 V                       ; 2.74e-08 V                   ; 2.73 V              ; -0.0384 V           ; 0.169 V                              ; 0.089 V                              ; 2.7e-10 s                   ; 2.62e-10 s                  ; Yes                        ; Yes                        ; 2.62 V                      ; 2.74e-08 V                  ; 2.73 V             ; -0.0384 V          ; 0.169 V                             ; 0.089 V                             ; 2.7e-10 s                  ; 2.62e-10 s                 ; Yes                       ; Yes                       ;
; O4                  ; 2.5 V        ; 0 s                 ; 0 s                 ; 2.62 V                       ; 2.74e-08 V                   ; 2.73 V              ; -0.0384 V           ; 0.169 V                              ; 0.089 V                              ; 2.7e-10 s                   ; 2.62e-10 s                  ; Yes                        ; Yes                        ; 2.62 V                      ; 2.74e-08 V                  ; 2.73 V             ; -0.0384 V          ; 0.169 V                             ; 0.089 V                             ; 2.7e-10 s                  ; 2.62e-10 s                 ; Yes                       ; Yes                       ;
; O5                  ; 2.5 V        ; 0 s                 ; 0 s                 ; 2.62 V                       ; 2.74e-08 V                   ; 2.73 V              ; -0.0384 V           ; 0.169 V                              ; 0.089 V                              ; 2.7e-10 s                   ; 2.62e-10 s                  ; Yes                        ; Yes                        ; 2.62 V                      ; 2.74e-08 V                  ; 2.73 V             ; -0.0384 V          ; 0.169 V                             ; 0.089 V                             ; 2.7e-10 s                  ; 2.62e-10 s                 ; Yes                       ; Yes                       ;
; O6                  ; 2.5 V        ; 0 s                 ; 0 s                 ; 2.62 V                       ; 4.05e-08 V                   ; 2.72 V              ; -0.0349 V           ; 0.173 V                              ; 0.1 V                                ; 2.72e-10 s                  ; 2.69e-10 s                  ; Yes                        ; Yes                        ; 2.62 V                      ; 4.05e-08 V                  ; 2.72 V             ; -0.0349 V          ; 0.173 V                             ; 0.1 V                               ; 2.72e-10 s                 ; 2.69e-10 s                 ; Yes                       ; Yes                       ;
; O7                  ; 2.5 V        ; 0 s                 ; 0 s                 ; 2.62 V                       ; 4.05e-08 V                   ; 2.72 V              ; -0.0349 V           ; 0.173 V                              ; 0.1 V                                ; 2.72e-10 s                  ; 2.69e-10 s                  ; Yes                        ; Yes                        ; 2.62 V                      ; 4.05e-08 V                  ; 2.72 V             ; -0.0349 V          ; 0.173 V                             ; 0.1 V                               ; 2.72e-10 s                 ; 2.69e-10 s                 ; Yes                       ; Yes                       ;
; altera_reserved_tdo ; 2.5 V        ; 0 s                 ; 0 s                 ; 2.62 V                       ; 1.77e-07 V                   ; 2.65 V              ; -0.0108 V           ; 0.18 V                               ; 0.17 V                               ; 6.63e-10 s                  ; 1.56e-09 s                  ; Yes                        ; Yes                        ; 2.62 V                      ; 1.77e-07 V                  ; 2.65 V             ; -0.0108 V          ; 0.18 V                              ; 0.17 V                              ; 6.63e-10 s                 ; 1.56e-09 s                 ; Yes                       ; Yes                       ;
; ~ALTERA_DCLK~       ; 2.5 V        ; 0 s                 ; 0 s                 ; 2.62 V                       ; 2.22e-08 V                   ; 2.74 V              ; -0.06 V             ; 0.158 V                              ; 0.08 V                               ; 2.68e-10 s                  ; 2.19e-10 s                  ; Yes                        ; Yes                        ; 2.62 V                      ; 2.22e-08 V                  ; 2.74 V             ; -0.06 V            ; 0.158 V                             ; 0.08 V                              ; 2.68e-10 s                 ; 2.19e-10 s                 ; Yes                       ; Yes                       ;
; ~ALTERA_nCEO~       ; 2.5 V        ; 0 s                 ; 0 s                 ; 2.62 V                       ; 3.54e-08 V                   ; 2.7 V               ; -0.00943 V          ; 0.276 V                              ; 0.035 V                              ; 3.19e-10 s                  ; 4.99e-10 s                  ; No                         ; Yes                        ; 2.62 V                      ; 3.54e-08 V                  ; 2.7 V              ; -0.00943 V         ; 0.276 V                             ; 0.035 V                             ; 3.19e-10 s                 ; 4.99e-10 s                 ; No                        ; Yes                       ;
+---------------------+--------------+---------------------+---------------------+------------------------------+------------------------------+---------------------+---------------------+--------------------------------------+--------------------------------------+-----------------------------+-----------------------------+----------------------------+----------------------------+-----------------------------+-----------------------------+--------------------+--------------------+-------------------------------------+-------------------------------------+----------------------------+----------------------------+---------------------------+---------------------------+


+---------------------------------------------------------------------------------------+
; Setup Transfers                                                                       ;
+---------------------+---------------------+----------+----------+----------+----------+
; From Clock          ; To Clock            ; RR Paths ; FR Paths ; RF Paths ; FF Paths ;
+---------------------+---------------------+----------+----------+----------+----------+
; altera_reserved_tck ; altera_reserved_tck ; 1581     ; 0        ; 34       ; 0        ;
+---------------------+---------------------+----------+----------+----------+----------+
Entries labeled "false path" only account for clock-to-clock false paths and not path-based false paths. As a result, actual path counts may be lower than reported.


+---------------------------------------------------------------------------------------+
; Hold Transfers                                                                        ;
+---------------------+---------------------+----------+----------+----------+----------+
; From Clock          ; To Clock            ; RR Paths ; FR Paths ; RF Paths ; FF Paths ;
+---------------------+---------------------+----------+----------+----------+----------+
; altera_reserved_tck ; altera_reserved_tck ; 1581     ; 0        ; 34       ; 0        ;
+---------------------+---------------------+----------+----------+----------+----------+
Entries labeled "false path" only account for clock-to-clock false paths and not path-based false paths. As a result, actual path counts may be lower than reported.


+---------------------------------------------------------------------------------------+
; Recovery Transfers                                                                    ;
+---------------------+---------------------+----------+----------+----------+----------+
; From Clock          ; To Clock            ; RR Paths ; FR Paths ; RF Paths ; FF Paths ;
+---------------------+---------------------+----------+----------+----------+----------+
; altera_reserved_tck ; altera_reserved_tck ; 50       ; 0        ; 1        ; 0        ;
+---------------------+---------------------+----------+----------+----------+----------+
Entries labeled "false path" only account for clock-to-clock false paths and not path-based false paths. As a result, actual path counts may be lower than reported.


+---------------------------------------------------------------------------------------+
; Removal Transfers                                                                     ;
+---------------------+---------------------+----------+----------+----------+----------+
; From Clock          ; To Clock            ; RR Paths ; FR Paths ; RF Paths ; FF Paths ;
+---------------------+---------------------+----------+----------+----------+----------+
; altera_reserved_tck ; altera_reserved_tck ; 50       ; 0        ; 1        ; 0        ;
+---------------------+---------------------+----------+----------+----------+----------+
Entries labeled "false path" only account for clock-to-clock false paths and not path-based false paths. As a result, actual path counts may be lower than reported.


---------------
; Report TCCS ;
---------------
No dedicated SERDES Transmitter circuitry present in device or used in design


---------------
; Report RSKM ;
---------------
No dedicated SERDES Receiver circuitry present in device or used in design


+------------------------------------------------+
; Unconstrained Paths                            ;
+---------------------------------+-------+------+
; Property                        ; Setup ; Hold ;
+---------------------------------+-------+------+
; Illegal Clocks                  ; 0     ; 0    ;
; Unconstrained Clocks            ; 1     ; 1    ;
; Unconstrained Input Ports       ; 3     ; 3    ;
; Unconstrained Input Port Paths  ; 50    ; 50   ;
; Unconstrained Output Ports      ; 9     ; 9    ;
; Unconstrained Output Port Paths ; 9     ; 9    ;
+---------------------------------+-------+------+


+------------------------------------+
; TimeQuest Timing Analyzer Messages ;
+------------------------------------+
Info: *******************************************************************
Info: Running Quartus II 64-Bit TimeQuest Timing Analyzer
    Info: Version 13.0.1 Build 232 06/12/2013 Service Pack 1 SJ Full Version
    Info: Processing started: Fri Sep 22 18:48:36 2023
Info: Command: quartus_sta lab1 -c lab1
Info: qsta_default_script.tcl version: #1
Info (11104): Parallel Compilation has detected 8 hyper-threaded processors. However, the extra hyper-threaded processors will not be used by default. Parallel Compilation will use 4 of the 4 physical processors detected instead.
Info (21077): Low junction temperature is 0 degrees C
Info (21077): High junction temperature is 85 degrees C
Info (332164): Evaluating HDL-embedded SDC commands
    Info (332165): Entity sld_jtag_hub
        Info (332166): create_clock -name altera_reserved_tck [get_ports {altera_reserved_tck}] -period 10MHz   
        Info (332166): set_clock_groups -asynchronous -group {altera_reserved_tck}
Critical Warning (332012): Synopsys Design Constraints File file not found: 'lab1.sdc'. A Synopsys Design Constraints File is required by the TimeQuest Timing Analyzer to get proper timing constraints. Without it, the Compiler will not properly optimize the design.
Warning (332060): Node: pin_name1 was determined to be a clock but was found without an associated clock assignment.
Critical Warning (332168): The following clock transfers have no clock uncertainty assignment. For more accurate results, apply clock uncertainty assignments or use the derive_clock_uncertainty command.
    Critical Warning (332169): From altera_reserved_tck (Rise) to altera_reserved_tck (Rise) (setup and hold)
    Critical Warning (332169): From altera_reserved_tck (Rise) to altera_reserved_tck (Fall) (setup and hold)
Info: Found TIMEQUEST_REPORT_SCRIPT_INCLUDE_DEFAULT_ANALYSIS = ON
Info: Analyzing Slow 1200mV 85C Model
Info (332146): Worst-case setup slack is 44.193
    Info (332119):     Slack End Point TNS Clock 
    Info (332119): ========= ============= =====================
    Info (332119):    44.193         0.000 altera_reserved_tck 
Info (332146): Worst-case hold slack is 0.452
    Info (332119):     Slack End Point TNS Clock 
    Info (332119): ========= ============= =====================
    Info (332119):     0.452         0.000 altera_reserved_tck 
Info (332146): Worst-case recovery slack is 46.808
    Info (332119):     Slack End Point TNS Clock 
    Info (332119): ========= ============= =====================
    Info (332119):    46.808         0.000 altera_reserved_tck 
Info (332146): Worst-case removal slack is 1.357
    Info (332119):     Slack End Point TNS Clock 
    Info (332119): ========= ============= =====================
    Info (332119):     1.357         0.000 altera_reserved_tck 
Info (332146): Worst-case minimum pulse width slack is 49.450
    Info (332119):     Slack End Point TNS Clock 
    Info (332119): ========= ============= =====================
    Info (332119):    49.450         0.000 altera_reserved_tck 
Info: Analyzing Slow 1200mV 0C Model
Info (334003): Started post-fitting delay annotation
Info (334004): Delay annotation completed successfully
Warning (332060): Node: pin_name1 was determined to be a clock but was found without an associated clock assignment.
Critical Warning (332168): The following clock transfers have no clock uncertainty assignment. For more accurate results, apply clock uncertainty assignments or use the derive_clock_uncertainty command.
    Critical Warning (332169): From altera_reserved_tck (Rise) to altera_reserved_tck (Rise) (setup and hold)
    Critical Warning (332169): From altera_reserved_tck (Rise) to altera_reserved_tck (Fall) (setup and hold)
Info (332146): Worst-case setup slack is 44.634
    Info (332119):     Slack End Point TNS Clock 
    Info (332119): ========= ============= =====================
    Info (332119):    44.634         0.000 altera_reserved_tck 
Info (332146): Worst-case hold slack is 0.401
    Info (332119):     Slack End Point TNS Clock 
    Info (332119): ========= ============= =====================
    Info (332119):     0.401         0.000 altera_reserved_tck 
Info (332146): Worst-case recovery slack is 47.156
    Info (332119):     Slack End Point TNS Clock 
    Info (332119): ========= ============= =====================
    Info (332119):    47.156         0.000 altera_reserved_tck 
Info (332146): Worst-case removal slack is 1.258
    Info (332119):     Slack End Point TNS Clock 
    Info (332119): ========= ============= =====================
    Info (332119):     1.258         0.000 altera_reserved_tck 
Info (332146): Worst-case minimum pulse width slack is 49.293
    Info (332119):     Slack End Point TNS Clock 
    Info (332119): ========= ============= =====================
    Info (332119):    49.293         0.000 altera_reserved_tck 
Info: Analyzing Fast 1200mV 0C Model
Warning (332060): Node: pin_name1 was determined to be a clock but was found without an associated clock assignment.
Critical Warning (332168): The following clock transfers have no clock uncertainty assignment. For more accurate results, apply clock uncertainty assignments or use the derive_clock_uncertainty command.
    Critical Warning (332169): From altera_reserved_tck (Rise) to altera_reserved_tck (Rise) (setup and hold)
    Critical Warning (332169): From altera_reserved_tck (Rise) to altera_reserved_tck (Fall) (setup and hold)
Info (332146): Worst-case setup slack is 47.579
    Info (332119):     Slack End Point TNS Clock 
    Info (332119): ========= ============= =====================
    Info (332119):    47.579         0.000 altera_reserved_tck 
Info (332146): Worst-case hold slack is 0.185
    Info (332119):     Slack End Point TNS Clock 
    Info (332119): ========= ============= =====================
    Info (332119):     0.185         0.000 altera_reserved_tck 
Info (332146): Worst-case recovery slack is 48.650
    Info (332119):     Slack End Point TNS Clock 
    Info (332119): ========= ============= =====================
    Info (332119):    48.650         0.000 altera_reserved_tck 
Info (332146): Worst-case removal slack is 0.572
    Info (332119):     Slack End Point TNS Clock 
    Info (332119): ========= ============= =====================
    Info (332119):     0.572         0.000 altera_reserved_tck 
Info (332146): Worst-case minimum pulse width slack is 49.454
    Info (332119):     Slack End Point TNS Clock 
    Info (332119): ========= ============= =====================
    Info (332119):    49.454         0.000 altera_reserved_tck 
Info (332102): Design is not fully constrained for setup requirements
Info (332102): Design is not fully constrained for hold requirements
Info: Quartus II 64-Bit TimeQuest Timing Analyzer was successful. 0 errors, 13 warnings
    Info: Peak virtual memory: 459 megabytes
    Info: Processing ended: Fri Sep 22 18:48:39 2023
    Info: Elapsed time: 00:00:03
    Info: Total CPU time (on all processors): 00:00:02


